co2,createdAt,expireAt,humidity,iaqi.e_score,iaqi.i_score,iaqi.m_score,iaqi.primary_grade,iaqi.sub_level,iaqiScore,k,kCo2,kEffective,kPm25,kR2Co2,kR2Pm25,kSampleCountCo2,kSampleCountPm25,kSource,nox,pm25,source_collection,temp,timestamp,tvoc
617.3333129882812,2026-04-12T22:27:06.568Z,2026-05-12T22:27:05.634Z,41.16656494140625,2,,3,나쁨,심각한 악화 (나쁨-3),3,,0,0,0.153,0.8915,0.0127,48,48,computed_co2_regression,3,17.83333396911621,history,24.767677307128906,2026-04-12T22:27:06.568Z,21
617,2026-04-12T22:27:14.929Z,2026-05-12T22:27:13.855Z,41.22950744628906,2,,3,나쁨,심각한 악화 (나쁨-3),3,,0,0,0.379,0.884,0.0672,47,47,computed_co2_regression,3,17.66666603088379,history,24.79571533203125,2026-04-12T22:27:14.929Z,21
617.3333129882812,2026-04-12T22:27:20.773Z,2026-05-12T22:27:19.651Z,41.216156005859375,2,,3,나쁨,심각한 악화 (나쁨-3),3,,0,0,0.604,0.8757,0.1563,47,47,computed_co2_regression,3,17.5,history,24.79705047607422,2026-04-12T22:27:20.773Z,21
617.6666870117188,2026-04-12T22:27:26.643Z,2026-05-12T22:27:25.702Z,41.19422149658203,2,,3,나쁨,심각한 악화 (나쁨-3),3,,0,0,0.84,0.8672,0.2835,47,47,computed_co2_regression,3,17.5,history,24.787704467773438,2026-04-12T22:27:26.643Z,21
618.6666870117188,2026-04-12T22:27:32.575Z,2026-05-12T22:27:31.636Z,41.28577423095703,2,,3,나쁨,심각한 악화 (나쁨-3),3,,0,0,1.031,0.862,0.4003,47,47,computed_co2_regression,3,17.66666603088379,history,24.7850341796875,2026-04-12T22:27:32.575Z,21
619.6666870117188,2026-04-12T22:27:40.742Z,2026-05-12T22:27:39.637Z,41.28577423095703,2,,3,나쁨,심각한 악화 (나쁨-3),3,,0,0,1.149,0.8591,0.4749,47,47,computed_co2_regression,3,18,history,24.781028747558594,2026-04-12T22:27:40.742Z,21.08333396911621
621,2026-04-12T22:27:46.609Z,2026-05-12T22:27:45.651Z,41.18182373046875,2,,3,나쁨,심각한 악화 (나쁨-3),3,,0,0,1.235,0.8588,0.5324,47,47,computed_co2_regression,3,18.16666603088379,history,24.778358459472656,2026-04-12T22:27:46.609Z,21.16666603088379
622,2026-04-12T22:27:52.539Z,2026-05-12T22:27:51.603Z,41.193267822265625,2,,3,나쁨,심각한 악화 (나쁨-3),3,,0,0,1.265,0.8592,0.5529,47,47,computed_co2_regression,3,18.5,history,24.7850341796875,2026-04-12T22:27:52.539Z,21.25
622.6666870117188,2026-04-12T22:27:58.684Z,2026-05-12T22:27:57.754Z,41.144630432128906,2,,3,나쁨,심각한 악화 (나쁨-3),3,,0,0,1.212,0.8595,0.5177,47,47,computed_co2_regression,3,19,history,24.798385620117188,2026-04-12T22:27:58.684Z,21.33333396911621
623,2026-04-12T22:28:05.488Z,2026-05-12T22:28:04.520Z,41.060707092285156,2,,3,나쁨,심각한 악화 (나쁨-3),3,,0,0,1.116,0.8595,0.4463,47,47,computed_co2_regression,3,19.5,history,24.79571533203125,2026-04-12T22:28:05.488Z,21.41666603088379
623,2026-04-12T22:28:11.858Z,2026-05-12T22:28:10.911Z,40.994903564453125,2,,3,나쁨,심각한 악화 (나쁨-3),3,,0,0,0.979,0.8673,0.3555,48,48,computed_co2_regression,3,20,history,24.790374755859375,2026-04-12T22:28:11.858Z,21.5
623,2026-04-12T22:28:18.961Z,2026-05-12T22:28:18.035Z,41.0216064453125,2,,3,나쁨,심각한 악화 (나쁨-3),3,,0,0,0.86,0.8586,0.2643,47,47,computed_co2_regression,3,19.83333396911621,history,24.798385620117188,2026-04-12T22:28:18.961Z,21.58333396911621
623.3333129882812,2026-04-12T22:28:25.145Z,2026-05-12T22:28:24.060Z,41.05498504638672,2,,3,나쁨,심각한 악화 (나쁨-3),3,,0,0,0.74,0.8592,0.1994,47,47,computed_co2_regression,3,19.66666603088379,history,24.80506134033203,2026-04-12T22:28:25.145Z,21.66666603088379
623.6666870117188,2026-04-12T22:28:33.685Z,2026-05-12T22:28:32.678Z,41.083595275878906,2,,3,나쁨,심각한 악화 (나쁨-3),3,,0,0,0.656,0.8619,0.1581,47,47,computed_co2_regression,3,19.5,history,24.80773162841797,2026-04-12T22:28:33.685Z,21.75
624,2026-04-12T22:28:39.541Z,2026-05-12T22:28:38.606Z,41.13032531738281,2,,3,나쁨,심각한 악화 (나쁨-3),3,,0,0,0.598,0.8646,0.1315,47,47,computed_co2_regression,3,19.5,history,24.81574249267578,2026-04-12T22:28:39.541Z,21.83333396911621
624,2026-04-12T22:28:45.529Z,2026-05-12T22:28:44.586Z,41.13032531738281,2,,3,나쁨,심각한 악화 (나쁨-3),3,,0,0,0.555,0.8682,0.1133,47,47,computed_co2_regression,3,19.33333396911621,history,24.819747924804688,2026-04-12T22:28:45.529Z,21.91666603088379
624,2026-04-12T22:28:51.520Z,2026-05-12T22:28:50.572Z,41.15321350097656,2,,3,나쁨,심각한 악화 (나쁨-3),3,,0,0,0.551,0.8732,0.112,47,47,computed_co2_regression,3,19.16666603088379,history,24.819747924804688,2026-04-12T22:28:51.520Z,22
624,2026-04-12T22:28:57.644Z,2026-05-12T22:28:56.689Z,41.150352478027344,2,,3,나쁨,심각한 악화 (나쁨-3),3,,0,0,0.536,0.8825,0.1059,47,47,computed_co2_regression,3,19.5,history,24.80773162841797,2026-04-12T22:28:57.644Z,22
624,2026-04-12T22:29:05.273Z,2026-05-12T22:29:04.327Z,41.13127899169922,2,,3,나쁨,심각한 악화 (나쁨-3),3,,0,0,0.497,0.8969,0.0902,47,47,computed_co2_regression,3,19.66666603088379,history,24.802391052246094,2026-04-12T22:29:05.273Z,22
624,2026-04-12T22:29:11.923Z,2026-05-12T22:29:10.957Z,41.137001037597656,2,,3,나쁨,심각한 악화 (나쁨-3),3,,0,0,0.395,0.9103,0.0568,47,47,computed_co2_regression,3,19.83333396911621,history,24.80773162841797,2026-04-12T22:29:11.923Z,22
624,2026-04-12T22:29:19.355Z,2026-05-12T22:29:18.419Z,41.048309326171875,2,,3,나쁨,심각한 악화 (나쁨-3),3,,0,0,0.281,0.916,0.0294,47,47,computed_co2_regression,3,19.66666603088379,history,24.80506134033203,2026-04-12T22:29:19.355Z,22
624,2026-04-12T22:29:25.168Z,2026-05-12T22:29:24.193Z,41.048309326171875,2,,3,나쁨,심각한 악화 (나쁨-3),3,,0,0,0.155,0.9146,0.0092,47,47,computed_co2_regression,3,19.66666603088379,history,24.806396484375,2026-04-12T22:29:25.168Z,22
624,2026-04-12T22:29:31.094Z,2026-05-12T22:29:30.155Z,41.13795471191406,2,,3,나쁨,심각한 악화 (나쁨-3),3,,0,0,0.028,0.9125,0.0003,47,47,computed_co2_regression,3,19.5,history,24.80506134033203,2026-04-12T22:29:31.094Z,22
623.6666870117188,2026-04-12T22:29:37.179Z,2026-05-12T22:29:36.249Z,41.025421142578125,2,,3,나쁨,심각한 악화 (나쁨-3),3,,0,0,0,0.909,0.0018,47,47,computed_co2_regression,3,19,history,24.79571533203125,2026-04-12T22:29:37.179Z,22
623,2026-04-12T22:29:43.134Z,2026-05-12T22:29:42.200Z,40.890953063964844,2,,3,나쁨,심각한 악화 (나쁨-3),3,,0,0,0,0.9001,0.0068,47,47,computed_co2_regression,3,18.83333396911621,history,24.81707763671875,2026-04-12T22:29:43.134Z,22
621.6666870117188,2026-04-12T22:29:49.190Z,2026-05-12T22:29:48.242Z,40.93482208251953,2,,3,나쁨,심각한 악화 (나쁨-3),3,,0,0,0,0.8762,0.0136,47,47,computed_co2_regression,3,19,history,24.845115661621094,2026-04-12T22:29:49.190Z,22
620.6666870117188,2026-04-12T22:29:55.317Z,2026-05-12T22:29:54.267Z,41.03400421142578,2,,3,나쁨,심각한 악화 (나쁨-3),3,,0,0,0,0.8382,0.0228,47,47,computed_co2_regression,3,19.33333396911621,history,24.83710479736328,2026-04-12T22:29:55.317Z,22
620,2026-04-12T22:30:03.756Z,2026-05-12T22:30:02.799Z,41.04258728027344,2,,3,나쁨,심각한 악화 (나쁨-3),3,,0,0,0,0.7866,0.0341,47,47,computed_co2_regression,3,19.5,history,24.835769653320312,2026-04-12T22:30:03.756Z,22
620,2026-04-12T22:30:09.552Z,2026-05-12T22:30:08.605Z,41.051170349121094,2,,3,나쁨,심각한 악화 (나쁨-3),3,,0,0,0,0.7332,0.0511,47,47,computed_co2_regression,3,19.5,history,24.843780517578125,2026-04-12T22:30:09.552Z,22
620.3333129882812,2026-04-12T22:30:15.981Z,2026-05-12T22:30:15.035Z,41.037818908691406,2,,3,나쁨,심각한 악화 (나쁨-3),3,,0,0,0,0.682,0.0789,47,47,computed_co2_regression,3,19.83333396911621,history,24.843780517578125,2026-04-12T22:30:15.981Z,22
620.6666870117188,2026-04-12T22:30:23.387Z,2026-05-12T22:30:22.412Z,40.95484924316406,2,,3,나쁨,심각한 악화 (나쁨-3),3,,0,0,0,0.6322,0.1054,47,47,computed_co2_regression,3,19.83333396911621,history,24.846450805664062,2026-04-12T22:30:23.387Z,22
621,2026-04-12T22:30:29.141Z,2026-05-12T22:30:28.204Z,40.845176696777344,2,,3,나쁨,심각한 악화 (나쁨-3),3,,0,0,0,0.586,0.1185,47,47,computed_co2_regression,3,19.5,history,24.84912109375,2026-04-12T22:30:29.141Z,22
621,2026-04-12T22:30:35.262Z,2026-05-12T22:30:34.167Z,40.74885559082031,2,,3,나쁨,심각한 악화 (나쁨-3),3,,0,0,0,0.5372,0.1098,47,47,computed_co2_regression,3,19,history,24.84778594970703,2026-04-12T22:30:35.262Z,22
621.3333129882812,2026-04-12T22:30:41.177Z,2026-05-12T22:30:40.184Z,40.6859130859375,2,,3,나쁨,심각한 악화 (나쁨-3),3,,0,0,0,0.4926,0.0958,47,47,computed_co2_regression,3,18.83333396911621,history,24.853126525878906,2026-04-12T22:30:41.177Z,22
621.6666870117188,2026-04-12T22:30:47.828Z,2026-05-12T22:30:46.743Z,40.831825256347656,2,,3,나쁨,심각한 악화 (나쁨-3),3,,0,0,0,0.4524,0.0776,47,47,computed_co2_regression,3,18.66666603088379,history,24.86113739013672,2026-04-12T22:30:47.828Z,22
622,2026-04-12T22:30:55.043Z,2026-05-12T22:30:54.100Z,41.053077697753906,2,,3,나쁨,심각한 악화 (나쁨-3),3,,0,0,0,0.4183,0.0658,47,47,computed_co2_regression,3,18.66666603088379,history,24.867813110351562,2026-04-12T22:30:55.043Z,22
621.6666870117188,2026-04-12T22:31:01.835Z,2026-05-12T22:31:00.901Z,41.14653778076172,2,,3,나쁨,심각한 악화 (나쁨-3),3,,0,0,0,0.3536,0.0873,46,46,computed_co2_regression,3,19,history,24.862472534179688,2026-04-12T22:31:01.835Z,22
621,2026-04-12T22:31:07.709Z,2026-05-12T22:31:06.752Z,41.23713684082031,2,,3,나쁨,심각한 악화 (나쁨-3),3,,0,0,0,0.3326,0.0859,47,47,computed_co2_regression,3,19.16666603088379,history,24.85846710205078,2026-04-12T22:31:07.709Z,22
620,2026-04-12T22:31:14.526Z,2026-05-12T22:31:13.603Z,41.280052185058594,2,,3,나쁨,심각한 악화 (나쁨-3),3,,0,0,0,0.2716,0.1177,47,47,computed_co2_regression,3,19.33333396911621,history,24.866477966308594,2026-04-12T22:31:14.526Z,22
619.3333129882812,2026-04-12T22:31:20.498Z,2026-05-12T22:31:19.554Z,41.26002502441406,2,,3,나쁨,심각한 악화 (나쁨-3),3,,0,0,0,0.203,0.1751,47,47,computed_co2_regression,3,19.66666603088379,history,24.85045623779297,2026-04-12T22:31:20.498Z,22
619,2026-04-12T22:31:27.993Z,2026-05-12T22:31:27.041Z,41.25525665283203,2,,3,나쁨,심각한 악화 (나쁨-3),3,,0,0,0,0.1369,0.2497,47,47,computed_co2_regression,3,20.16666603088379,history,24.84778594970703,2026-04-12T22:31:27.993Z,22
619,2026-04-12T22:31:34.023Z,2026-05-12T22:31:33.092Z,41.26383972167969,2,,3,나쁨,심각한 악화 (나쁨-3),3,,0,0,0,0.0821,0.3218,47,47,computed_co2_regression,3,20.16666603088379,history,24.865142822265625,2026-04-12T22:31:34.023Z,22
619.3333129882812,2026-04-12T22:31:40.057Z,2026-05-12T22:31:39.097Z,41.22283172607422,2,,3,나쁨,심각한 악화 (나쁨-3),3,,0,0,0,0.0442,0.3711,47,47,computed_co2_regression,3,20,history,24.874488830566406,2026-04-12T22:31:40.057Z,22
619.6666870117188,2026-04-12T22:31:46.136Z,2026-05-12T22:31:45.191Z,41.07215118408203,2,,3,나쁨,심각한 악화 (나쁨-3),3,,0,0,0,0.0187,0.4047,47,47,computed_co2_regression,3,19.83333396911621,history,24.867813110351562,2026-04-12T22:31:46.136Z,22
620.3333129882812,2026-04-12T22:31:52.177Z,2026-05-12T22:31:51.181Z,41.030189514160156,2,,3,나쁨,심각한 악화 (나쁨-3),3,,0,0,0,0.0049,0.4161,47,47,computed_co2_regression,3,20,history,24.865142822265625,2026-04-12T22:31:52.177Z,22
621,2026-04-12T22:31:58.190Z,2026-05-12T22:31:57.257Z,41.09503936767578,2,,3,나쁨,심각한 악화 (나쁨-3),3,,0,0,0,0.0001,0.3934,47,47,computed_co2_regression,3,19.66666603088379,history,24.88249969482422,2026-04-12T22:31:58.190Z,22
621.3333129882812,2026-04-12T22:32:04.878Z,2026-05-12T22:32:03.926Z,41.096946716308594,1.989,,2.989,나쁨,중간수준 악화 (나쁨-2),2.989,,0.023,0.023,0,0.0031,0.3473,47,47,computed_co2_regression,3,19.33333396911621,history,24.88249969482422,2026-04-12T22:32:04.878Z,22
621.6666870117188,2026-04-12T22:32:10.711Z,2026-05-12T22:32:09.612Z,41.08740997314453,1.974,,2.974,나쁨,중간수준 악화 (나쁨-2),2.974,,0.052,0.052,0,0.0172,0.2904,47,47,computed_co2_regression,3,19.16666603088379,history,24.878494262695312,2026-04-12T22:32:10.711Z,22
621.6666870117188,2026-04-12T22:32:16.890Z,2026-05-12T22:32:15.876Z,41.01969909667969,1.958,,2.958,나쁨,중간수준 악화 (나쁨-2),2.958,,0.085,0.085,0,0.0512,0.2112,47,47,computed_co2_regression,3,18.83333396911621,history,24.886505126953125,2026-04-12T22:32:16.890Z,22
622.3333129882812,2026-04-12T22:32:22.730Z,2026-05-12T22:32:21.636Z,40.956756591796875,1.944,,2.944,나쁨,중간수준 악화 (나쁨-2),2.944,,0.112,0.112,0,0.1001,0.1411,47,47,computed_co2_regression,3,19,history,24.875823974609375,2026-04-12T22:32:22.730Z,22
623,2026-04-12T22:32:30.108Z,2026-05-12T22:32:29.014Z,40.990135192871094,1.933,,2.933,나쁨,중간수준 악화 (나쁨-2),2.933,,0.134,0.134,0,0.1585,0.0619,47,47,computed_co2_regression,3,18.66666603088379,history,24.867813110351562,2026-04-12T22:32:30.108Z,22
623.6666870117188,2026-04-12T22:32:35.969Z,2026-05-12T22:32:35.026Z,41.09217834472656,1.928,,2.928,나쁨,중간수준 악화 (나쁨-2),2.928,,0.145,0.145,0,0.195,0.0078,47,47,computed_co2_regression,3,18.5,history,24.894519805908203,2026-04-12T22:32:35.969Z,22
624.3333129882812,2026-04-12T22:32:42.197Z,2026-05-12T22:32:41.091Z,41.10743713378906,1.928,,2.928,나쁨,중간수준 악화 (나쁨-2),2.928,,0.144,0.144,0.076,0.1925,0.0053,47,47,computed_co2_regression,3,18.5,history,24.91455078125,2026-04-12T22:32:42.197Z,22
624.6666870117188,2026-04-12T22:32:49.368Z,2026-05-12T22:32:48.388Z,41.05021667480469,1.934,,2.934,나쁨,중간수준 악화 (나쁨-2),2.934,,0.133,0.133,0.237,0.1544,0.055,47,47,computed_co2_regression,3,18.5,history,24.89852523803711,2026-04-12T22:32:49.368Z,22
625,2026-04-12T22:32:55.593Z,2026-05-12T22:32:54.645Z,41.11506652832031,1.944,,2.944,나쁨,중간수준 악화 (나쁨-2),2.944,,0.112,0.112,0.371,0.1028,0.1351,47,47,computed_co2_regression,3,18.5,history,24.88784408569336,2026-04-12T22:32:55.593Z,22
625,2026-04-12T22:33:02.599Z,2026-05-12T22:33:01.506Z,41.157981872558594,1.957,,2.957,나쁨,중간수준 악화 (나쁨-2),2.957,,0.087,0.087,0.465,0.0583,0.1996,47,47,computed_co2_regression,3,18.5,history,24.899864196777344,2026-04-12T22:33:02.599Z,22
625,2026-04-12T22:33:08.838Z,2026-05-12T22:33:07.748Z,41.09217834472656,1.971,,2.971,나쁨,중간수준 악화 (나쁨-2),2.971,,0.059,0.059,0.489,0.0261,0.2168,47,47,computed_co2_regression,3,18.83333396911621,history,24.89719009399414,2026-04-12T22:33:08.838Z,22
625.3333129882812,2026-04-12T22:33:15.556Z,2026-05-12T22:33:14.602Z,41.086456298828125,1.985,,2.985,나쁨,중간수준 악화 (나쁨-2),2.985,,0.03,0.03,0.445,0.0064,0.1869,47,47,computed_co2_regression,3,19.16666603088379,history,24.89051055908203,2026-04-12T22:33:15.556Z,22
625.3333129882812,2026-04-12T22:33:21.292Z,2026-05-12T22:33:20.333Z,41.127464294433594,1.999,,2.999,나쁨,중간수준 악화 (나쁨-2),2.999,,0.002,0.002,0.424,0,0.1731,47,47,computed_co2_regression,3,19,history,24.88249969482422,2026-04-12T22:33:21.292Z,22
625.3333129882812,2026-04-12T22:33:27.199Z,2026-05-12T22:33:26.261Z,41.094085693359375,2,,3,나쁨,심각한 악화 (나쁨-3),3,,0,0,0.414,0.0049,0.166,47,47,computed_co2_regression,3,19,history,24.88784408569336,2026-04-12T22:33:27.199Z,22
625,2026-04-12T22:33:34.386Z,2026-05-12T22:33:33.437Z,40.95771026611328,2,,3,나쁨,심각한 악화 (나쁨-3),3,,0,0,0.383,0.0131,0.1513,48,48,computed_co2_regression,3,19.33333396911621,history,24.90386962890625,2026-04-12T22:33:34.386Z,22
625,2026-04-12T22:33:40.260Z,2026-05-12T22:33:39.150Z,40.91956329345703,2,,3,나쁨,심각한 악화 (나쁨-3),3,,0,0,0.347,0.0331,0.124,48,48,computed_co2_regression,3,19.5,history,24.902530670166016,2026-04-12T22:33:40.260Z,22
624.6666870117188,2026-04-12T22:33:46.129Z,2026-05-12T22:33:45.155Z,40.99585723876953,2,,3,나쁨,심각한 악화 (나쁨-3),3,,0,0,0.299,0.062,0.0909,48,48,computed_co2_regression,3,19.66666603088379,history,24.89852523803711,2026-04-12T22:33:46.129Z,22
624.3333129882812,2026-04-12T22:33:52.085Z,2026-05-12T22:33:51.139Z,40.99585723876953,2,,3,나쁨,심각한 악화 (나쁨-3),3,,0,0,0.252,0.0961,0.0628,48,48,computed_co2_regression,3,19.83333396911621,history,24.90253448486328,2026-04-12T22:33:52.085Z,22
624,2026-04-12T22:33:58.239Z,2026-05-12T22:33:57.303Z,40.93959045410156,2,,3,나쁨,심각한 악화 (나쁨-3),3,,0,0,0.185,0.134,0.0307,48,48,computed_co2_regression,3,20.33333396911621,history,24.899860382080078,2026-04-12T22:33:58.239Z,22
623.6666870117188,2026-04-12T22:34:04.976Z,2026-05-12T22:34:04.002Z,40.895721435546875,2,,3,나쁨,심각한 악화 (나쁨-3),3,,0,0,0.082,0.1743,0.0055,48,48,computed_co2_regression,3,20.5,history,24.901195526123047,2026-04-12T22:34:04.976Z,22
623.3333129882812,2026-04-12T22:34:10.821Z,2026-05-12T22:34:09.701Z,40.860435485839844,2,,3,나쁨,심각한 악화 (나쁨-3),3,,0,0,0,0.2154,0.0012,48,48,computed_co2_regression,3,20.66666603088379,history,24.917221069335938,2026-04-12T22:34:10.821Z,22
622.6666870117188,2026-04-12T22:34:16.587Z,2026-05-12T22:34:15.656Z,40.860435485839844,2,,3,나쁨,심각한 악화 (나쁨-3),3,,0,0,0,0.251,0.0202,48,48,computed_co2_regression,3,20.66666603088379,history,24.939918518066406,2026-04-12T22:34:16.587Z,22
622.3333129882812,2026-04-12T22:34:22.573Z,2026-05-12T22:34:21.632Z,40.829917907714844,2,,3,나쁨,심각한 악화 (나쁨-3),3,,0,0,0,0.2846,0.0488,48,48,computed_co2_regression,3,20.5,history,24.942588806152344,2026-04-12T22:34:22.573Z,22
622.3333129882812,2026-04-12T22:34:28.780Z,2026-05-12T22:34:27.771Z,40.76983642578125,2,,3,나쁨,심각한 악화 (나쁨-3),3,,0,0,0,0.3227,0.0745,48,48,computed_co2_regression,3,20,history,24.910541534423828,2026-04-12T22:34:28.780Z,22
622.3333129882812,2026-04-12T22:34:35.908Z,2026-05-12T22:34:34.972Z,40.79558563232422,2,,3,나쁨,심각한 악화 (나쁨-3),3,,0,0,0,0.3657,0.0882,48,48,computed_co2_regression,3,19.66666603088379,history,24.90787124633789,2026-04-12T22:34:35.908Z,22
622.3333129882812,2026-04-12T22:34:41.611Z,2026-05-12T22:34:40.672Z,40.770790100097656,2,,3,나쁨,심각한 악화 (나쁨-3),3,,0,0,0,0.4041,0.0847,48,48,computed_co2_regression,3,19.66666603088379,history,24.929237365722656,2026-04-12T22:34:41.611Z,22
622,2026-04-12T22:34:47.786Z,2026-05-12T22:34:46.845Z,40.763160705566406,2,,3,나쁨,심각한 악화 (나쁨-3),3,,0,0,0,0.4182,0.0653,48,48,computed_co2_regression,3,19.33333396911621,history,24.92523193359375,2026-04-12T22:34:47.786Z,22
622,2026-04-12T22:34:53.702Z,2026-05-12T22:34:52.710Z,40.76792907714844,2,,3,나쁨,심각한 악화 (나쁨-3),3,,0,0,0,0.4,0.0519,48,48,computed_co2_regression,3,19.33333396911621,history,24.919891357421875,2026-04-12T22:34:53.702Z,21.91666603088379
622,2026-04-12T22:34:59.694Z,2026-05-12T22:34:58.769Z,40.727874755859375,2,,3,나쁨,심각한 악화 (나쁨-3),3,,0,0,0,0.3625,0.0436,48,48,computed_co2_regression,3,19.16666603088379,history,24.901195526123047,2026-04-12T22:34:59.694Z,21.83333396911621
622,2026-04-12T22:35:06.312Z,2026-05-12T22:35:05.380Z,40.773651123046875,2,,3,나쁨,심각한 악화 (나쁨-3),3,,0,0,0,0.3152,0.0484,48,48,computed_co2_regression,3,19.5,history,24.894519805908203,2026-04-12T22:35:06.312Z,21.75
622,2026-04-12T22:35:13.260Z,2026-05-12T22:35:12.255Z,40.8232421875,2,,3,나쁨,심각한 악화 (나쁨-3),3,,0,0,0,0.2682,0.0578,48,48,computed_co2_regression,3,19.66666603088379,history,24.910545349121094,2026-04-12T22:35:13.260Z,21.66666603088379
621.6666870117188,2026-04-12T22:35:19.279Z,2026-05-12T22:35:18.181Z,40.80607604980469,2,,3,나쁨,심각한 악화 (나쁨-3),3,,0,0,0,0.2203,0.0796,48,48,computed_co2_regression,3,19.66666603088379,history,24.922561645507812,2026-04-12T22:35:19.279Z,21.58333396911621
621,2026-04-12T22:35:25.506Z,2026-05-12T22:35:24.427Z,40.837547302246094,2,,3,나쁨,심각한 악화 (나쁨-3),3,,0,0,0,0.1673,0.1108,48,48,computed_co2_regression,3,19.83333396911621,history,24.92523193359375,2026-04-12T22:35:25.506Z,21.5
620.3333129882812,2026-04-12T22:35:31.349Z,2026-05-12T22:35:30.422Z,40.91956329345703,2,,3,나쁨,심각한 악화 (나쁨-3),3,,0,0,0,0.1144,0.1308,48,48,computed_co2_regression,3,19.83333396911621,history,24.9359130859375,2026-04-12T22:35:31.349Z,21.41666603088379
620,2026-04-12T22:35:38.499Z,2026-05-12T22:35:37.533Z,40.914794921875,2,,3,나쁨,심각한 악화 (나쁨-3),3,,0,0,0,0.0681,0.1357,48,48,computed_co2_regression,3,20,history,24.930572509765625,2026-04-12T22:35:38.499Z,21.33333396911621
620,2026-04-12T22:35:44.101Z,2026-05-12T22:35:43.172Z,40.84613037109375,2,,3,나쁨,심각한 악화 (나쁨-3),3,,0,0,0,0.0372,0.1271,48,48,computed_co2_regression,3,19.83333396911621,history,24.91588592529297,2026-04-12T22:35:44.101Z,21.25
620,2026-04-12T22:35:50.256Z,2026-05-12T22:35:49.184Z,40.79558563232422,2,,3,나쁨,심각한 악화 (나쁨-3),3,,0,0,0,0.0179,0.1059,48,48,computed_co2_regression,3,19.66666603088379,history,24.927902221679688,2026-04-12T22:35:50.256Z,21.16666603088379
620,2026-04-12T22:35:56.165Z,2026-05-12T22:35:55.200Z,40.67542266845703,2,,3,나쁨,심각한 악화 (나쁨-3),3,,0,0,0,0.0071,0.0791,48,48,computed_co2_regression,3,19.5,history,24.929237365722656,2026-04-12T22:35:56.165Z,21.08333396911621
619.6666870117188,2026-04-12T22:36:03.071Z,2026-05-12T22:36:02.130Z,40.60198974609375,2,,3,나쁨,심각한 악화 (나쁨-3),3,,0,0,0,0.0006,0.0582,48,48,computed_co2_regression,3,19.33333396911621,history,24.93724822998047,2026-04-12T22:36:03.071Z,21
619.3333129882812,2026-04-12T22:36:08.786Z,2026-05-12T22:36:07.853Z,40.58482360839844,1.99,,2.99,나쁨,중간수준 악화 (나쁨-2),2.99,,0.02,0.02,0,0.0024,0.0354,48,48,computed_co2_regression,3,19,history,24.943923950195312,2026-04-12T22:36:08.786Z,21
618.6666870117188,2026-04-12T22:36:15.611Z,2026-05-12T22:36:14.676Z,40.56098175048828,1.969,,2.969,나쁨,중간수준 악화 (나쁨-2),2.969,,0.063,0.063,0,0.0223,0.0182,48,48,computed_co2_regression,3,18.83333396911621,history,24.9359130859375,2026-04-12T22:36:15.611Z,21
618.3333129882812,2026-04-12T22:36:21.489Z,2026-05-12T22:36:20.555Z,40.61438751220703,1.944,,2.944,나쁨,중간수준 악화 (나쁨-2),2.944,,0.112,0.112,0,0.0691,0.0159,48,48,computed_co2_regression,3,19.16666603088379,history,24.942588806152344,2026-04-12T22:36:21.489Z,21
618,2026-04-12T22:36:27.589Z,2026-05-12T22:36:26.668Z,40.564796447753906,1.933,,2.933,나쁨,중간수준 악화 (나쁨-2),2.933,,0.135,0.135,0,0.0976,0.0153,49,49,computed_co2_regression,3,19.5,history,24.939918518066406,2026-04-12T22:36:27.589Z,21
618,2026-04-12T22:36:33.570Z,2026-05-12T22:36:32.632Z,40.49040985107422,1.907,,2.907,나쁨,중간수준 악화 (나쁨-2),2.907,,0.186,0.186,0,0.1792,0.032,49,49,computed_co2_regression,3,19.66666603088379,history,24.929237365722656,2026-04-12T22:36:33.570Z,21
618,2026-04-12T22:36:41.081Z,2026-05-12T22:36:40.124Z,40.54477310180664,1.864,,2.864,나쁨,중간수준 악화 (나쁨-2),2.864,,0.272,0.272,0,0.3615,0.0847,48,48,computed_co2_regression,3,19.83333396911621,history,24.93724822998047,2026-04-12T22:36:41.081Z,21
617.6666870117188,2026-04-12T22:36:47.189Z,2026-05-12T22:36:46.258Z,40.589595794677734,1.839,,2.839,나쁨,중간수준 악화 (나쁨-2),2.839,,0.322,0.322,0,0.4804,0.1313,48,48,computed_co2_regression,3,20.33333396911621,history,24.929237365722656,2026-04-12T22:36:47.189Z,21
617.3333129882812,2026-04-12T22:36:53.052Z,2026-05-12T22:36:52.125Z,40.613433837890625,1.832,,2.832,나쁨,중간수준 악화 (나쁨-2),2.832,,0.336,0.336,0,0.5098,0.168,49,49,computed_co2_regression,3,20.83333396911621,history,24.930572509765625,2026-04-12T22:36:53.052Z,21
617,2026-04-12T22:37:00.211Z,2026-05-12T22:36:59.272Z,40.560028076171875,1.793,,2.793,나쁨,중간수준 악화 (나쁨-2),2.793,,0.414,0.414,0,0.673,0.2774,48,48,computed_co2_regression,3,21.16666603088379,history,24.951934814453125,2026-04-12T22:37:00.211Z,21
617,2026-04-12T22:37:06.981Z,2026-05-12T22:37:05.968Z,40.52855682373047,1.773,,2.773,나쁨,중간수준 악화 (나쁨-2),2.773,,0.454,0.454,0,0.7487,0.3256,48,48,computed_co2_regression,3,21.16666603088379,history,24.954605102539062,2026-04-12T22:37:06.981Z,21
617,2026-04-12T22:37:13.824Z,2026-05-12T22:37:12.747Z,40.54763412475586,1.755,,2.755,나쁨,중간수준 악화 (나쁨-2),2.755,,0.49,0.49,0,0.8135,0.3649,48,48,computed_co2_regression,3,21.33333396911621,history,24.94792938232422,2026-04-12T22:37:13.824Z,21
617,2026-04-12T22:37:19.656Z,2026-05-12T22:37:18.722Z,40.54095458984375,1.737,,2.738,나쁨,중간수준 악화 (나쁨-2),2.738,,0.525,0.525,0,0.8758,0.3884,48,48,computed_co2_regression,3,21.5,history,24.931907653808594,2026-04-12T22:37:19.656Z,21
616.6666870117188,2026-04-12T22:37:25.463Z,2026-05-12T22:37:24.533Z,40.60008239746094,1.722,,2.722,나쁨,중간수준 악화 (나쁨-2),2.722,,0.556,0.556,0,0.921,0.4141,48,48,computed_co2_regression,3,21.33333396911621,history,24.919891357421875,2026-04-12T22:37:25.463Z,21
616.3333129882812,2026-04-12T22:37:31.581Z,2026-05-12T22:37:30.571Z,40.651580810546875,1.709,,2.709,나쁨,중간수준 악화 (나쁨-2),2.709,,0.583,0.583,0,0.9508,0.4189,48,48,computed_co2_regression,3,21,history,24.922561645507812,2026-04-12T22:37:31.581Z,21
616,2026-04-12T22:37:37.644Z,2026-05-12T22:37:36.714Z,40.701171875,1.697,,2.698,나쁨,중간수준 악화 (나쁨-2),2.698,,0.605,0.605,0,0.9691,0.412,48,48,computed_co2_regression,3,20.83333396911621,history,24.922561645507812,2026-04-12T22:37:37.644Z,21
616.3333129882812,2026-04-12T22:37:45.078Z,2026-05-12T22:37:43.981Z,40.88427734375,1.692,,2.692,나쁨,중간수준 악화 (나쁨-2),2.692,,0.616,0.616,0,0.9783,0.407,48,48,computed_co2_regression,3,21,history,24.917221069335938,2026-04-12T22:37:45.078Z,21
617,2026-04-12T22:37:52.007Z,2026-05-12T22:37:51.074Z,41.09980773925781,1.692,,2.692,나쁨,중간수준 악화 (나쁨-2),2.692,,0.617,0.617,0,0.9796,0.4073,48,48,computed_co2_regression,3,21.33333396911621,history,24.942588806152344,2026-04-12T22:37:52.007Z,21
618.6666870117188,2026-04-12T22:37:58.253Z,2026-05-12T22:37:57.183Z,41.162750244140625,1.7,,2.7,나쁨,중간수준 악화 (나쁨-2),2.7,,0.601,0.601,0,0.9592,0.4083,48,48,computed_co2_regression,3,21.5,history,24.954605102539062,2026-04-12T22:37:58.253Z,21
620.6666870117188,2026-04-12T22:38:04.977Z,2026-05-12T22:38:04.021Z,41.114112854003906,1.716,,2.716,나쁨,중간수준 악화 (나쁨-2),2.716,,0.568,0.568,0,0.8972,0.412,48,48,computed_co2_regression,3,21.83333396911621,history,24.93724822998047,2026-04-12T22:38:04.977Z,21
623.3333129882812,2026-04-12T22:38:10.702Z,2026-05-12T22:38:09.742Z,40.88999938964844,1.743,,2.743,나쁨,중간수준 악화 (나쁨-2),2.743,,0.514,0.514,0,0.7591,0.4224,48,48,computed_co2_regression,3,22,history,24.92656707763672,2026-04-12T22:38:10.702Z,21
625.3333129882812,2026-04-12T22:38:26.961Z,2026-05-12T22:38:26.031Z,40.75648498535156,1.785,,2.786,나쁨,중간수준 악화 (나쁨-2),2.786,,0.429,0.429,0,0.5319,0.4236,47,47,computed_co2_regression,3,22.16666603088379,history,24.92523193359375,2026-04-12T22:38:26.961Z,21
628.3333129882812,2026-04-12T22:38:33.311Z,2026-05-12T22:38:32.225Z,40.93482208251953,1.837,,2.837,나쁨,중간수준 악화 (나쁨-2),2.837,,0.326,0.326,0,0.2829,0.4355,47,47,computed_co2_regression,3,22,history,24.9359130859375,2026-04-12T22:38:33.311Z,21.08333396911621
630.3333129882812,2026-04-12T22:38:39.201Z,2026-05-12T22:38:38.129Z,41.0673828125,1.893,,2.893,나쁨,중간수준 악화 (나쁨-2),2.893,,0.214,0.214,0,0.1046,0.4433,47,47,computed_co2_regression,3,21.5,history,24.931907653808594,2026-04-12T22:38:39.201Z,21.16666603088379
632,2026-04-12T22:38:46.314Z,2026-05-12T22:38:45.372Z,40.97392272949219,1.954,,2.954,나쁨,중간수준 악화 (나쁨-2),2.954,,0.093,0.093,0,0.0163,0.4432,47,47,computed_co2_regression,3,21.16666603088379,history,24.929237365722656,2026-04-12T22:38:46.314Z,21.25
632,2026-04-12T22:38:52.228Z,2026-05-12T22:38:51.144Z,41.0826416015625,2,,3,나쁨,심각한 악화 (나쁨-3),3,,0,0,0,0.0007,0.4406,47,47,computed_co2_regression,3,21,history,24.93457794189453,2026-04-12T22:38:52.228Z,21.33333396911621
632,2026-04-12T22:38:58.349Z,2026-05-12T22:38:57.272Z,41.12651062011719,2,,3,나쁨,심각한 악화 (나쁨-3),3,,0,0,0,0.0237,0.4427,47,47,computed_co2_regression,3,21,history,24.93457794189453,2026-04-12T22:38:58.349Z,21.41666603088379
632,2026-04-12T22:39:06.552Z,2026-05-12T22:39:05.615Z,40.95294189453125,2,,3,나쁨,심각한 악화 (나쁨-3),3,,0,0,0,0.0836,0.4779,46,46,computed_co2_regression,3,20.5,history,24.931907653808594,2026-04-12T22:39:06.552Z,21.5
632,2026-04-12T22:39:13.478Z,2026-05-12T22:39:12.502Z,41.02446746826172,2,,3,나쁨,심각한 악화 (나쁨-3),3,,0,0,0,0.1413,0.4883,46,46,computed_co2_regression,3,20.33333396911621,history,24.922561645507812,2026-04-12T22:39:13.478Z,21.58333396911621
631.6666870117188,2026-04-12T22:39:19.667Z,2026-05-12T22:39:18.735Z,41.01397705078125,2,,3,나쁨,심각한 악화 (나쁨-3),3,,0,0,0,0.1985,0.5002,46,46,computed_co2_regression,3,20.33333396911621,history,24.917221069335938,2026-04-12T22:39:19.667Z,21.66666603088379
631.3333129882812,2026-04-12T22:39:25.745Z,2026-05-12T22:39:24.661Z,41.045448303222656,2,,3,나쁨,심각한 악화 (나쁨-3),3,,0,0,0,0.2535,0.4927,46,46,computed_co2_regression,3,20.16666603088379,history,24.92523193359375,2026-04-12T22:39:25.745Z,21.75
630.6666870117188,2026-04-12T22:39:31.570Z,2026-05-12T22:39:30.620Z,41.39640426635742,2,,3,나쁨,심각한 악화 (나쁨-3),3,,0,0,0,0.3063,0.449,46,46,computed_co2_regression,3,20,history,24.92389678955078,2026-04-12T22:39:31.570Z,21.91666603088379
630.3333129882812,2026-04-12T22:39:37.672Z,2026-05-12T22:39:36.707Z,41.69872283935547,2,,3,나쁨,심각한 악화 (나쁨-3),3,,0,0,0,0.3571,0.3615,46,46,computed_co2_regression,3,19.5,history,24.918556213378906,2026-04-12T22:39:37.672Z,22.08333396911621
630,2026-04-12T22:39:43.532Z,2026-05-12T22:39:42.605Z,41.78074264526367,2,,3,나쁨,심각한 악화 (나쁨-3),3,,0,0,0,0.4057,0.2651,46,46,computed_co2_regression,3,19.16666603088379,history,24.927902221679688,2026-04-12T22:39:43.532Z,22.25
629.6666870117188,2026-04-12T22:39:50.976Z,2026-05-12T22:39:50.035Z,41.7950439453125,2,,3,나쁨,심각한 악화 (나쁨-3),3,,0,0,0,0.4491,0.1692,46,46,computed_co2_regression,3,19,history,24.930572509765625,2026-04-12T22:39:50.976Z,22.33333396911621
629.3333129882812,2026-04-12T22:39:57.132Z,2026-05-12T22:39:56.190Z,41.829376220703125,2,,3,나쁨,심각한 악화 (나쁨-3),3,,0,0,0,0.4895,0.0914,46,46,computed_co2_regression,3,18.83333396911621,history,24.911880493164062,2026-04-12T22:39:57.132Z,22.41666603088379
628.6666870117188,2026-04-12T22:40:03.970Z,2026-05-12T22:40:03.025Z,41.91520690917969,2,,3,나쁨,심각한 악화 (나쁨-3),3,,0,0,0,0.5253,0.0369,46,46,computed_co2_regression,3,18.83333396911621,history,24.90386962890625,2026-04-12T22:40:03.970Z,22.5
628,2026-04-12T22:40:11.238Z,2026-05-12T22:40:10.144Z,41.948585510253906,2,,3,나쁨,심각한 악화 (나쁨-3),3,,0,0,0,0.5556,0.0069,46,46,computed_co2_regression,3,18.5,history,24.90520477294922,2026-04-12T22:40:11.238Z,22.66666603088379
627,2026-04-12T22:40:16.968Z,2026-05-12T22:40:16.028Z,41.76833724975586,2,,3,나쁨,심각한 악화 (나쁨-3),3,,0,0,0.021,0.578,0.0001,46,46,computed_co2_regression,3,18.5,history,24.893184661865234,2026-04-12T22:40:16.968Z,22.83333396911621
625.6666870117188,2026-04-12T22:40:23.729Z,2026-05-12T22:40:22.637Z,41.730186462402344,2,,3,나쁨,심각한 악화 (나쁨-3),3,,0,0,0.188,0.5867,0.0081,46,46,computed_co2_regression,3,18.66666603088379,history,24.89719009399414,2026-04-12T22:40:23.729Z,23.08333396911621
624.6666870117188,2026-04-12T22:40:30.502Z,2026-05-12T22:40:29.570Z,41.81411361694336,2,,3,나쁨,심각한 악화 (나쁨-3),3,,0,0,0.337,0.5803,0.0252,46,46,computed_co2_regression,3,18.66666603088379,history,24.902530670166016,2026-04-12T22:40:30.502Z,23.33333396911621
623,2026-04-12T22:40:36.574Z,2026-05-12T22:40:35.650Z,42.022972106933594,2,,3,나쁨,심각한 악화 (나쁨-3),3,,0,0,0.482,0.5531,0.0493,46,46,computed_co2_regression,3,18.66666603088379,history,24.89051055908203,2026-04-12T22:40:36.574Z,23.58333396911621
621.6666870117188,2026-04-12T22:40:42.572Z,2026-05-12T22:40:41.578Z,42.18128204345703,2,,3,나쁨,심각한 악화 (나쁨-3),3,,0,0,0.622,0.5103,0.078,46,46,computed_co2_regression,3,18.5,history,24.885169982910156,2026-04-12T22:40:42.572Z,23.91666603088379
619.3333129882812,2026-04-12T22:40:48.637Z,2026-05-12T22:40:47.707Z,42.233734130859375,2,,3,나쁨,심각한 악화 (나쁨-3),3,,0,0,0.757,0.4453,0.1112,46,46,computed_co2_regression,3,18.66666603088379,history,24.88116455078125,2026-04-12T22:40:48.637Z,24.16666603088379
617.3333129882812,2026-04-12T22:40:55.877Z,2026-05-12T22:40:54.962Z,42.22515106201172,2,,3,나쁨,심각한 악화 (나쁨-3),3,,0,0,0.888,0.3645,0.1493,46,46,computed_co2_regression,3,18.83333396911621,history,24.875823974609375,2026-04-12T22:40:55.877Z,24.5
615.3333129882812,2026-04-12T22:41:02.577Z,2026-05-12T22:41:01.493Z,41.98291778564453,2,,3,나쁨,심각한 악화 (나쁨-3),3,,0,0,1.017,0.2756,0.193,46,46,computed_co2_regression,3,19,history,24.875823974609375,2026-04-12T22:41:02.577Z,24.83333396911621
613.6666870117188,2026-04-12T22:41:08.709Z,2026-05-12T22:41:07.700Z,41.72542190551758,2,,3,나쁨,심각한 악화 (나쁨-3),3,,0,0,1.157,0.1886,0.2471,46,46,computed_co2_regression,3,19,history,24.873153686523438,2026-04-12T22:41:08.709Z,25.25
612.3333129882812,2026-04-12T22:41:15.471Z,2026-05-12T22:41:14.538Z,41.562339782714844,2,,3,나쁨,심각한 악화 (나쁨-3),3,,0,0,1.324,0.1136,0.3231,46,46,computed_co2_regression,3,19,history,24.85980224609375,2026-04-12T22:41:15.471Z,25.66666603088379
611,2026-04-12T22:41:21.238Z,2026-05-12T22:41:20.156Z,42.01152801513672,2,,3,나쁨,심각한 악화 (나쁨-3),3,,0,0,1.479,0.055,0.4102,46,46,computed_co2_regression,3,19.33333396911621,history,24.853126525878906,2026-04-12T22:41:21.238Z,26.08333396911621
610.3333129882812,2026-04-12T22:41:27.563Z,2026-05-12T22:41:26.588Z,42.53987121582031,2,,3,나쁨,심각한 악화 (나쁨-3),3,,0,0,1.587,0.0181,0.4767,46,46,computed_co2_regression,3,19.66666603088379,history,24.84778594970703,2026-04-12T22:41:27.563Z,26.5
609.6666870117188,2026-04-12T22:41:33.567Z,2026-05-12T22:41:32.635Z,42.39204788208008,2,,3,나쁨,심각한 악화 (나쁨-3),3,,0,0,1.647,0.0014,0.5155,46,46,computed_co2_regression,3,20,history,24.84778594970703,2026-04-12T22:41:33.567Z,26.91666603088379
609.3333129882812,2026-04-12T22:41:39.768Z,2026-05-12T22:41:38.685Z,41.82937240600586,1.962,,2.962,나쁨,중간수준 악화 (나쁨-2),2.962,,0.076,0.076,1.699,0.0028,0.5477,46,46,computed_co2_regression,3,20,history,24.846450805664062,2026-04-12T22:41:39.768Z,27.33333396911621
609,2026-04-12T22:41:45.683Z,2026-05-12T22:41:44.604Z,41.562339782714844,1.898,,2.898,나쁨,중간수준 악화 (나쁨-2),2.898,,0.204,0.204,1.726,0.0189,0.564,46,46,computed_co2_regression,3,20.16666603088379,history,24.83843994140625,2026-04-12T22:41:45.683Z,27.75
608.6666870117188,2026-04-12T22:41:51.664Z,2026-05-12T22:41:50.692Z,41.92760467529297,1.832,,2.832,나쁨,중간수준 악화 (나쁨-2),2.832,,0.336,0.336,1.717,0.0476,0.5558,46,46,computed_co2_regression,3,20.16666603088379,history,24.845115661621094,2026-04-12T22:41:51.664Z,28.25
608,2026-04-12T22:41:59.017Z,2026-05-12T22:41:58.082Z,42.225154876708984,1.764,,2.764,나쁨,중간수준 악화 (나쁨-2),2.764,,0.473,0.473,1.693,0.0885,0.5415,46,46,computed_co2_regression,3,19.83333396911621,history,24.831764221191406,2026-04-12T22:41:59.017Z,28.66666603088379
607,2026-04-12T22:42:05.500Z,2026-05-12T22:42:04.570Z,42.042999267578125,1.691,,2.691,나쁨,중간수준 악화 (나쁨-2),2.691,,0.619,0.619,1.677,0.1409,0.5336,46,46,computed_co2_regression,3,19.33333396911621,history,24.834434509277344,2026-04-12T22:42:05.500Z,29.16666603088379
606,2026-04-12T22:42:12.270Z,2026-05-12T22:42:11.343Z,42.08782196044922,1.615,,2.615,나쁨,중간수준 악화 (나쁨-2),2.615,,0.771,0.771,1.707,0.2023,0.5424,46,46,computed_co2_regression,3,18.66666603088379,history,24.83977508544922,2026-04-12T22:42:12.270Z,29.58333396911621
605.3333129882812,2026-04-12T22:42:18.183Z,2026-05-12T22:42:17.227Z,42.213706970214844,1.538,,2.538,나쁨,중간수준 악화 (나쁨-2),2.538,,0.925,0.925,1.73,0.2698,0.5479,46,46,computed_co2_regression,3,18.5,history,24.8277587890625,2026-04-12T22:42:18.183Z,30
605,2026-04-12T22:42:24.245Z,2026-05-12T22:42:23.156Z,42.22705841064453,1.46,,2.46,나쁨,중간수준 악화 (나쁨-2),2.46,,1.081,1.081,1.758,0.3416,0.553,46,46,computed_co2_regression,3,18.16666603088379,history,24.83710479736328,2026-04-12T22:42:24.245Z,30.41666603088379
605,2026-04-12T22:42:30.350Z,2026-05-12T22:42:29.269Z,42.37773895263672,1.381,,2.381,나쁨,중간수준 악화 (나쁨-2),2.381,,1.238,1.238,1.803,0.4182,0.5616,46,46,computed_co2_regression,3,18,history,24.8277587890625,2026-04-12T22:42:30.350Z,30.83333396911621
605,2026-04-12T22:42:36.043Z,2026-05-12T22:42:35.104Z,42.119293212890625,1.301,,2.302,나쁨,중간수준 악화 (나쁨-2),2.302,,1.397,1.397,1.864,0.4993,0.5761,46,46,computed_co2_regression,3,18,history,24.822418212890625,2026-04-12T22:42:36.043Z,31.25
605,2026-04-12T22:42:42.168Z,2026-05-12T22:42:41.169Z,42.017250061035156,1.221,,2.221,나쁨,중간수준 악화 (나쁨-2),2.221,,1.558,1.558,1.93,0.5849,0.5927,46,46,computed_co2_regression,3,18,history,24.81841278076172,2026-04-12T22:42:42.168Z,31.66666603088379
604.3333129882812,2026-04-12T22:42:48.700Z,2026-05-12T22:42:47.780Z,42.12787628173828,1.14,,2.14,나쁨,중간수준 악화 (나쁨-2),2.14,,1.72,1.72,1.946,0.6702,0.5953,46,46,computed_co2_regression,3,18.33333396911621,history,24.79438018798828,2026-04-12T22:42:48.700Z,32.08333206176758
603.6666870117188,2026-04-12T22:42:54.710Z,2026-05-12T22:42:53.631Z,41.84272384643555,1.06,,2.06,나쁨,중간수준 악화 (나쁨-2),2.06,,1.88,1.88,1.912,0.7516,0.583,46,46,computed_co2_regression,3,18.5,history,24.782363891601562,2026-04-12T22:42:54.710Z,32.5
602.3333129882812,2026-04-12T22:43:03.424Z,2026-05-12T22:43:02.338Z,41.54517364501953,0.984,,1.984,나쁨,경미한 악화 (나쁨-1),1.984,,2.033,2.033,1.838,0.8224,0.559,46,46,computed_co2_regression,3,18.66666603088379,history,24.793045043945312,2026-04-12T22:43:03.424Z,32.91666793823242
601.3333129882812,2026-04-12T22:43:09.274Z,2026-05-12T22:43:08.265Z,41.29530715942383,0.913,,1.913,나쁨,경미한 악화 (나쁨-1),1.913,,2.175,2.175,1.699,0.8793,0.5149,46,46,computed_co2_regression,3,19,history,24.7850341796875,2026-04-12T22:43:09.274Z,33.25
600,2026-04-12T22:43:15.956Z,2026-05-12T22:43:15.025Z,41.27528381347656,0.849,,1.849,나쁨,경미한 악화 (나쁨-1),1.849,,2.302,2.302,1.522,0.9206,0.458,46,46,computed_co2_regression,3,19.16666603088379,history,24.779693603515625,2026-04-12T22:43:15.956Z,33.58333206176758
598.6666870117188,2026-04-12T22:43:22.038Z,2026-05-12T22:43:21.099Z,41.50607681274414,0.845,,1.845,나쁨,경미한 악화 (나쁨-1),1.845,,2.31,2.31,1.418,0.9255,0.4241,47,47,computed_co2_regression,3,19.5,history,24.779693603515625,2026-04-12T22:43:22.038Z,33.83333206176758
596.6666870117188,2026-04-12T22:43:28.176Z,2026-05-12T22:43:27.232Z,41.569976806640625,0.793,,1.793,나쁨,경미한 악화 (나쁨-1),1.793,,2.414,2.414,1.2,0.9491,0.3533,47,47,computed_co2_regression,3,19.5,history,24.78369903564453,2026-04-12T22:43:28.176Z,34.08333206176758
594.6666870117188,2026-04-12T22:43:34.269Z,2026-05-12T22:43:33.184Z,41.418338775634766,0.782,,1.782,나쁨,경미한 악화 (나쁨-1),1.782,,2.437,2.437,1.127,0.9516,0.3319,48,48,computed_co2_regression,3,19.33333396911621,history,24.791709899902344,2026-04-12T22:43:34.269Z,34.33333206176758
593.3333129882812,2026-04-12T22:43:40.170Z,2026-05-12T22:43:39.234Z,41.31343460083008,0.71,,1.71,나쁨,경미한 악화 (나쁨-1),1.71,,2.58,2.58,0.824,0.9684,0.225,47,47,computed_co2_regression,3,19.33333396911621,history,24.778358459472656,2026-04-12T22:43:40.170Z,34.5
592.6666870117188,2026-04-12T22:43:46.226Z,2026-05-12T22:43:45.121Z,41.688232421875,0.7,,1.701,나쁨,경미한 악화 (나쁨-1),1.701,,2.599,2.599,0.767,0.9699,0.2075,48,48,computed_co2_regression,3,19.33333396911621,history,24.763671875,2026-04-12T22:43:46.226Z,34.66666793823242
592.3333129882812,2026-04-12T22:43:52.065Z,2026-05-12T22:43:51.128Z,41.837005615234375,0.676,,1.676,나쁨,경미한 악화 (나쁨-1),1.676,,2.648,2.648,0.605,0.9734,0.1449,48,48,computed_co2_regression,3,19.5,history,24.758331298828125,2026-04-12T22:43:52.065Z,34.83333206176758
592,2026-04-12T22:43:58.195Z,2026-05-12T22:43:57.264Z,41.65961837768555,0.656,,1.656,나쁨,경미한 악화 (나쁨-1),1.656,,2.689,2.689,0.437,0.9764,0.0841,48,48,computed_co2_regression,3,19.66666603088379,history,24.76500701904297,2026-04-12T22:43:58.195Z,34.91666793823242
591.6666870117188,2026-04-12T22:44:06.285Z,2026-05-12T22:44:05.356Z,42.00676345825195,0.641,,1.641,나쁨,경미한 악화 (나쁨-1),1.641,,2.719,2.719,0.239,0.9787,0.0279,48,48,computed_co2_regression,3,20,history,24.76500701904297,2026-04-12T22:44:06.285Z,35
591.3333129882812,2026-04-12T22:44:13.067Z,2026-05-12T22:44:11.986Z,41.8608512878418,0.632,,1.632,나쁨,경미한 악화 (나쁨-1),1.632,,2.736,2.736,0.052,0.9799,0.0013,48,48,computed_co2_regression,3,20.33333396911621,history,24.74364471435547,2026-04-12T22:44:13.067Z,35
591,2026-04-12T22:44:19.198Z,2026-05-12T22:44:18.256Z,41.52801513671875,0.63,,1.63,나쁨,경미한 악화 (나쁨-1),1.63,,2.741,2.741,0,0.9803,0.0104,48,48,computed_co2_regression,3,20.66666603088379,history,24.73296356201172,2026-04-12T22:44:19.198Z,35
591,2026-04-12T22:44:25.007Z,2026-05-12T22:44:24.065Z,41.615753173828125,0.632,,1.632,나쁨,경미한 악화 (나쁨-1),1.632,,2.737,2.737,0,0.9801,0.0551,48,48,computed_co2_regression,3,20.66666603088379,history,24.723617553710938,2026-04-12T22:44:25.007Z,35
591,2026-04-12T22:44:31.166Z,2026-05-12T22:44:30.245Z,41.8608512878418,0.639,,1.639,나쁨,경미한 악화 (나쁨-1),1.639,,2.723,2.723,0,0.979,0.1237,48,48,computed_co2_regression,3,20.66666603088379,history,24.71961212158203,2026-04-12T22:44:31.166Z,35
590.6666870117188,2026-04-12T22:44:37.253Z,2026-05-12T22:44:36.240Z,42.3596305847168,0.648,,1.648,나쁨,경미한 악화 (나쁨-1),1.648,,2.704,2.704,0,0.9775,0.2044,48,48,computed_co2_regression,3,20.66666603088379,history,24.726287841796875,2026-04-12T22:44:37.253Z,35
590.6666870117188,2026-04-12T22:44:43.551Z,2026-05-12T22:44:42.613Z,42.26521301269531,0.663,,1.663,나쁨,경미한 악화 (나쁨-1),1.663,,2.675,2.675,0,0.9753,0.2645,48,48,computed_co2_regression,3,20.5,history,24.720947265625,2026-04-12T22:44:43.551Z,35
590.6666870117188,2026-04-12T22:44:49.668Z,2026-05-12T22:44:48.737Z,41.79981231689453,0.682,,1.682,나쁨,경미한 악화 (나쁨-1),1.682,,2.636,2.636,0,0.9722,0.3046,48,48,computed_co2_regression,3,20.33333396911621,history,24.714271545410156,2026-04-12T22:44:49.668Z,35
591.3333129882812,2026-04-12T22:44:57.072Z,2026-05-12T22:44:56.137Z,41.748313903808594,0.71,,1.711,나쁨,경미한 악화 (나쁨-1),1.711,,2.579,2.579,0,0.9673,0.3192,48,48,computed_co2_regression,3,19.83333396911621,history,24.682228088378906,2026-04-12T22:44:57.072Z,35
592,2026-04-12T22:45:03.976Z,2026-05-12T22:45:02.959Z,41.70825958251953,0.748,,1.748,나쁨,경미한 악화 (나쁨-1),1.748,,2.505,2.505,0,0.9603,0.3176,48,48,computed_co2_regression,3,19.66666603088379,history,24.680892944335938,2026-04-12T22:45:03.976Z,35
593,2026-04-12T22:45:11.549Z,2026-05-12T22:45:10.617Z,41.46697235107422,0.793,,1.793,나쁨,경미한 악화 (나쁨-1),1.793,,2.414,2.414,0,0.9499,0.3069,48,48,computed_co2_regression,3,19.5,history,24.720947265625,2026-04-12T22:45:11.549Z,35
593.6666870117188,2026-04-12T22:45:17.366Z,2026-05-12T22:45:16.296Z,41.1541633605957,0.845,,1.845,나쁨,경미한 악화 (나쁨-1),1.845,,2.311,2.311,0,0.9375,0.2741,48,48,computed_co2_regression,3,19.33333396911621,history,24.707595825195312,2026-04-12T22:45:17.366Z,35
594,2026-04-12T22:45:23.233Z,2026-05-12T22:45:22.315Z,40.722145080566406,0.899,,1.899,나쁨,경미한 악화 (나쁨-1),1.899,,2.202,2.202,0,0.9233,0.225,48,48,computed_co2_regression,3,19,history,24.683563232421875,2026-04-12T22:45:23.233Z,35
593.6666870117188,2026-04-12T22:45:29.355Z,2026-05-12T22:45:28.430Z,40.6754150390625,0.952,,1.953,나쁨,경미한 악화 (나쁨-1),1.953,,2.095,2.095,0,0.9097,0.169,48,48,computed_co2_regression,3,18.66666603088379,history,24.664871215820312,2026-04-12T22:45:29.355Z,35
593.3333129882812,2026-04-12T22:45:35.215Z,2026-05-12T22:45:34.282Z,41.073097229003906,1.006,,2.006,나쁨,중간수준 악화 (나쁨-2),2.006,,1.988,1.988,0,0.8974,0.1277,48,48,computed_co2_regression,3,18.83333396911621,history,24.65819549560547,2026-04-12T22:45:35.215Z,35
593,2026-04-12T22:45:41.241Z,2026-05-12T22:45:40.301Z,41.363014221191406,1.056,,2.057,나쁨,중간수준 악화 (나쁨-2),2.057,,1.887,1.887,0,0.8852,0.0917,48,48,computed_co2_regression,3,18.83333396911621,history,24.66887664794922,2026-04-12T22:45:41.241Z,35
593,2026-04-12T22:45:47.602Z,2026-05-12T22:45:46.605Z,41.45838165283203,1.107,,2.107,나쁨,중간수준 악화 (나쁨-2),2.107,,1.787,1.787,0,0.8723,0.0535,48,48,computed_co2_regression,3,18.66666603088379,history,24.64484405517578,2026-04-12T22:45:47.602Z,35
592.6666870117188,2026-04-12T22:45:53.458Z,2026-05-12T22:45:52.542Z,41.437400817871094,1.152,,2.152,나쁨,중간수준 악화 (나쁨-2),2.152,,1.697,1.697,0,0.8582,0.0194,48,48,computed_co2_regression,3,18.16666603088379,history,24.643508911132812,2026-04-12T22:45:53.458Z,35
592,2026-04-12T22:45:59.613Z,2026-05-12T22:45:58.682Z,41.22282028198242,1.191,,2.191,나쁨,중간수준 악화 (나쁨-2),2.191,,1.619,1.619,0,0.8451,0.0036,48,48,computed_co2_regression,3,18.16666603088379,history,24.648849487304688,2026-04-12T22:45:59.613Z,35
591,2026-04-12T22:46:06.490Z,2026-05-12T22:46:05.552Z,41.419281005859375,1.222,,2.222,나쁨,중간수준 악화 (나쁨-2),2.222,,1.556,1.556,0.013,0.834,0.0001,48,48,computed_co2_regression,3,18.16666603088379,history,24.652854919433594,2026-04-12T22:46:06.490Z,35
590.6666870117188,2026-04-12T22:46:15.245Z,2026-05-12T22:46:14.330Z,41.65293502807617,1.25,,2.25,나쁨,중간수준 악화 (나쁨-2),2.25,,1.499,1.499,0.122,0.8222,0.0051,48,48,computed_co2_regression,3,18.16666603088379,history,24.652854919433594,2026-04-12T22:46:15.245Z,35
590.3333129882812,2026-04-12T22:46:21.699Z,2026-05-12T22:46:20.616Z,41.41260528564453,1.277,,2.277,나쁨,중간수준 악화 (나쁨-2),2.277,,1.447,1.447,0.228,0.8106,0.0172,48,48,computed_co2_regression,3,18.16666603088379,history,24.64751434326172,2026-04-12T22:46:21.699Z,35
590,2026-04-12T22:46:27.609Z,2026-05-12T22:46:26.524Z,41.31437301635742,1.299,,2.299,나쁨,중간수준 악화 (나쁨-2),2.299,,1.402,1.402,0.279,0.7993,0.0253,48,48,computed_co2_regression,3,18.5,history,24.631492614746094,2026-04-12T22:46:27.609Z,35
589.3333129882812,2026-04-12T22:46:33.577Z,2026-05-12T22:46:32.589Z,41.192298889160156,1.32,,2.32,나쁨,중간수준 악화 (나쁨-2),2.32,,1.36,1.36,0.25,0.7896,0.0205,48,48,computed_co2_regression,3,19.16666603088379,history,24.6141357421875,2026-04-12T22:46:33.577Z,35
588.6666870117188,2026-04-12T22:46:39.759Z,2026-05-12T22:46:38.688Z,41.03684997558594,1.338,,2.339,나쁨,중간수준 악화 (나쁨-2),2.339,,1.323,1.323,0.169,0.7814,0.0095,48,48,computed_co2_regression,3,19.5,history,24.642173767089844,2026-04-12T22:46:39.759Z,35
588.3333129882812,2026-04-12T22:46:45.528Z,2026-05-12T22:46:44.611Z,41.632904052734375,1.358,,2.358,나쁨,중간수준 악화 (나쁨-2),2.358,,1.285,1.285,0.075,0.7735,0.0019,48,48,computed_co2_regression,3,19.66666603088379,history,24.632827758789062,2026-04-12T22:46:45.528Z,35
587.6666870117188,2026-04-12T22:46:51.567Z,2026-05-12T22:46:50.643Z,42.57514953613281,1.375,,2.375,나쁨,중간수준 악화 (나쁨-2),2.375,,1.249,1.249,0,0.767,0.0004,48,48,computed_co2_regression,3,19.66666603088379,history,24.611465454101562,2026-04-12T22:46:51.567Z,35
587.6666870117188,2026-04-12T22:46:57.609Z,2026-05-12T22:46:56.616Z,42.50171661376953,1.396,,2.396,나쁨,중간수준 악화 (나쁨-2),2.396,,1.208,1.208,0,0.7599,0.0072,48,48,computed_co2_regression,3,19.66666603088379,history,24.618141174316406,2026-04-12T22:46:57.609Z,35
587.6666870117188,2026-04-12T22:47:04.431Z,2026-05-12T22:47:03.497Z,41.74162292480469,1.418,,2.418,나쁨,중간수준 악화 (나쁨-2),2.418,,1.164,1.164,0,0.7522,0.0205,48,48,computed_co2_regression,3,19.83333396911621,history,24.599449157714844,2026-04-12T22:47:04.431Z,35
588,2026-04-12T22:47:10.335Z,2026-05-12T22:47:09.248Z,41.426902770996094,1.441,,2.441,나쁨,중간수준 악화 (나쁨-2),2.441,,1.119,1.119,0,0.7421,0.0315,48,48,computed_co2_regression,3,19.83333396911621,history,24.598114013671875,2026-04-12T22:47:10.335Z,34.91666793823242
588,2026-04-12T22:47:17.761Z,2026-05-12T22:47:16.779Z,41.69012451171875,1.463,,2.463,나쁨,중간수준 악화 (나쁨-2),2.463,,1.075,1.075,0,0.7307,0.0303,48,48,computed_co2_regression,3,19.66666603088379,history,24.6141357421875,2026-04-12T22:47:17.761Z,34.83333206176758
588.3333129882812,2026-04-12T22:47:23.852Z,2026-05-12T22:47:22.772Z,42.17650604248047,1.487,,2.487,나쁨,중간수준 악화 (나쁨-2),2.487,,1.027,1.027,0,0.7164,0.0261,48,48,computed_co2_regression,3,19.66666603088379,history,24.611465454101562,2026-04-12T22:47:23.852Z,34.75
588.6666870117188,2026-04-12T22:47:29.597Z,2026-05-12T22:47:28.654Z,41.86083221435547,1.513,,2.513,나쁨,중간수준 악화 (나쁨-2),2.513,,0.974,0.974,0,0.6991,0.0173,48,48,computed_co2_regression,3,19.66666603088379,history,24.60345458984375,2026-04-12T22:47:29.597Z,34.66666793823242
589,2026-04-12T22:47:35.521Z,2026-05-12T22:47:34.594Z,41.13984680175781,1.544,,2.544,나쁨,중간수준 악화 (나쁨-2),2.544,,0.912,0.912,0,0.6792,0.0095,48,48,computed_co2_regression,3,19.83333396911621,history,24.606124877929688,2026-04-12T22:47:35.521Z,34.58333206176758
589,2026-04-12T22:47:42.610Z,2026-05-12T22:47:41.614Z,41.009193420410156,1.578,,2.578,나쁨,중간수준 악화 (나쁨-2),2.578,,0.844,0.844,0,0.6595,0.0025,48,48,computed_co2_regression,3,19.66666603088379,history,24.599449157714844,2026-04-12T22:47:42.610Z,34.5
589,2026-04-12T22:47:48.662Z,2026-05-12T22:47:47.729Z,41.050201416015625,1.615,,2.615,나쁨,중간수준 악화 (나쁨-2),2.615,,0.771,0.771,0.032,0.6422,0.0005,48,48,computed_co2_regression,3,19.33333396911621,history,24.59143829345703,2026-04-12T22:47:48.662Z,34.41666793823242
589,2026-04-12T22:47:54.556Z,2026-05-12T22:47:53.627Z,41.10551452636719,1.651,,2.651,나쁨,중간수준 악화 (나쁨-2),2.651,,0.698,0.698,0.118,0.627,0.0065,48,48,computed_co2_regression,3,19.33333396911621,history,24.59143829345703,2026-04-12T22:47:54.556Z,34.33333206176758
588.6666870117188,2026-04-12T22:48:01.191Z,2026-05-12T22:48:00.189Z,41.64625549316406,1.686,,2.686,나쁨,중간수준 악화 (나쁨-2),2.686,,0.628,0.628,0.207,0.6185,0.0207,48,48,computed_co2_regression,3,19.16666603088379,history,24.58209228515625,2026-04-12T22:48:01.191Z,34.25
588.3333129882812,2026-04-12T22:48:06.953Z,2026-05-12T22:48:06.028Z,42.04680633544922,1.717,,2.717,나쁨,중간수준 악화 (나쁨-2),2.717,,0.566,0.566,0.283,0.6158,0.0397,48,48,computed_co2_regression,3,19.16666603088379,history,24.590103149414062,2026-04-12T22:48:06.953Z,34.16666793823242
588,2026-04-12T22:48:13.746Z,2026-05-12T22:48:12.816Z,41.84081268310547,1.745,,2.745,나쁨,중간수준 악화 (나쁨-2),2.745,,0.511,0.511,0.335,0.6204,0.0557,48,48,computed_co2_regression,3,19.16666603088379,history,24.588768005371094,2026-04-12T22:48:13.746Z,34.08333206176758
587.6666870117188,2026-04-12T22:48:21.042Z,2026-05-12T22:48:20.111Z,41.693946838378906,1.768,,2.768,나쁨,중간수준 악화 (나쁨-2),2.768,,0.464,0.464,0.386,0.6296,0.0738,48,48,computed_co2_regression,3,19,history,24.575416564941406,2026-04-12T22:48:21.042Z,34
587.3333129882812,2026-04-12T22:48:27.084Z,2026-05-12T22:48:26.138Z,41.75879669189453,1.787,,2.787,나쁨,중간수준 악화 (나쁨-2),2.787,,0.427,0.427,0.411,0.6404,0.0831,48,48,computed_co2_regression,3,19,history,24.57007598876953,2026-04-12T22:48:27.084Z,34
587,2026-04-12T22:48:33.024Z,2026-05-12T22:48:32.101Z,41.575687408447266,1.797,,2.797,나쁨,중간수준 악화 (나쁨-2),2.797,,0.406,0.406,0.41,0.6418,0.0826,48,48,computed_co2_regression,3,19.33333396911621,history,24.567405700683594,2026-04-12T22:48:33.024Z,34
586.6666870117188,2026-04-12T22:48:39.172Z,2026-05-12T22:48:38.240Z,41.09503173828125,1.799,,2.799,나쁨,중간수준 악화 (나쁨-2),2.799,,0.402,0.402,0.396,0.6399,0.077,48,48,computed_co2_regression,3,19.66666603088379,history,24.56072998046875,2026-04-12T22:48:39.172Z,34
586,2026-04-12T22:48:45.060Z,2026-05-12T22:48:44.133Z,40.9500732421875,1.794,,2.794,나쁨,중간수준 악화 (나쁨-2),2.794,,0.412,0.412,0.372,0.6457,0.0673,48,48,computed_co2_regression,3,19.83333396911621,history,24.54070281982422,2026-04-12T22:48:45.060Z,34
585.3333129882812,2026-04-12T22:48:51.676Z,2026-05-12T22:48:50.697Z,41.0263671875,1.785,,2.785,나쁨,중간수준 악화 (나쁨-2),2.785,,0.431,0.431,0.35,0.6577,0.0589,48,48,computed_co2_regression,3,19.83333396911621,history,24.534027099609375,2026-04-12T22:48:51.676Z,33.91666793823242
585,2026-04-12T22:48:57.609Z,2026-05-12T22:48:56.691Z,40.930999755859375,1.773,,2.773,나쁨,중간수준 악화 (나쁨-2),2.773,,0.454,0.454,0.292,0.6728,0.0401,48,48,computed_co2_regression,3,20.16666603088379,history,24.544708251953125,2026-04-12T22:48:57.609Z,33.83333206176758
585.3333129882812,2026-04-12T22:49:04.520Z,2026-05-12T22:49:03.594Z,41.068328857421875,1.763,,2.763,나쁨,중간수준 악화 (나쁨-2),2.763,,0.474,0.474,0.199,0.6911,0.0178,48,48,computed_co2_regression,3,20.5,history,24.54070281982422,2026-04-12T22:49:04.520Z,33.75
585.6666870117188,2026-04-12T22:49:10.765Z,2026-05-12T22:49:09.679Z,41.58904266357422,1.755,,2.755,나쁨,중간수준 악화 (나쁨-2),2.755,,0.491,0.491,0.095,0.7105,0.004,48,48,computed_co2_regression,3,20.33333396911621,history,24.54070281982422,2026-04-12T22:49:10.765Z,33.66666793823242
586,2026-04-12T22:49:16.979Z,2026-05-12T22:49:15.995Z,41.90376281738281,1.747,,2.747,나쁨,중간수준 악화 (나쁨-2),2.747,,0.506,0.506,0,0.7303,0.0009,48,48,computed_co2_regression,3,20.5,history,24.552719116210938,2026-04-12T22:49:16.979Z,33.58333206176758
586,2026-04-12T22:49:24.580Z,2026-05-12T22:49:23.508Z,42.055397033691406,1.739,,2.739,나쁨,중간수준 악화 (나쁨-2),2.739,,0.522,0.522,0,0.7529,0.0214,48,48,computed_co2_regression,3,20.66666603088379,history,24.547378540039062,2026-04-12T22:49:24.580Z,33.5
586,2026-04-12T22:49:30.695Z,2026-05-12T22:49:29.758Z,41.902809143066406,1.732,,2.732,나쁨,중간수준 악화 (나쁨-2),2.732,,0.536,0.536,0,0.7731,0.0722,48,48,computed_co2_regression,3,20.83333396911621,history,24.544708251953125,2026-04-12T22:49:30.695Z,33.41666793823242
586.3333129882812,2026-04-12T22:49:36.511Z,2026-05-12T22:49:35.583Z,41.811256408691406,1.728,,2.728,나쁨,중간수준 악화 (나쁨-2),2.728,,0.545,0.545,0,0.7877,0.1438,48,48,computed_co2_regression,3,20.5,history,24.536697387695312,2026-04-12T22:49:36.511Z,33.33333206176758
587,2026-04-12T22:49:42.727Z,2026-05-12T22:49:41.638Z,41.734962463378906,1.725,,2.725,나쁨,중간수준 악화 (나쁨-2),2.725,,0.551,0.551,0,0.797,0.2369,48,48,computed_co2_regression,3,20.33333396911621,history,24.509994506835938,2026-04-12T22:49:42.727Z,33.25
587.6666870117188,2026-04-12T22:49:48.545Z,2026-05-12T22:49:47.622Z,41.44408416748047,1.725,,2.726,나쁨,중간수준 악화 (나쁨-2),2.726,,0.549,0.549,0,0.7931,0.337,48,48,computed_co2_regression,3,20.16666603088379,history,24.513999938964844,2026-04-12T22:49:48.545Z,33.16666793823242
588,2026-04-12T22:49:54.715Z,2026-05-12T22:49:53.631Z,41.34012985229492,1.728,,2.728,나쁨,중간수준 악화 (나쁨-2),2.728,,0.544,0.544,0,0.7808,0.427,48,48,computed_co2_regression,3,19.83333396911621,history,24.532691955566406,2026-04-12T22:49:54.715Z,33
588,2026-04-12T22:50:00.697Z,2026-05-12T22:49:59.731Z,41.25334167480469,1.735,,2.735,나쁨,중간수준 악화 (나쁨-2),2.735,,0.531,0.531,0,0.7561,0.4495,48,48,computed_co2_regression,3,19.33333396911621,history,24.51934051513672,2026-04-12T22:50:00.697Z,32.83333206176758
588,2026-04-12T22:50:06.973Z,2026-05-12T22:50:05.879Z,41.25334167480469,1.745,,2.745,나쁨,중간수준 악화 (나쁨-2),2.745,,0.511,0.511,0,0.7218,0.4335,48,48,computed_co2_regression,3,19,history,24.51934051513672,2026-04-12T22:50:06.973Z,32.75
587.6666870117188,2026-04-12T22:50:13.571Z,2026-05-12T22:50:12.641Z,41.239036560058594,1.759,,2.759,나쁨,중간수준 악화 (나쁨-2),2.759,,0.483,0.483,0,0.6848,0.4199,48,48,computed_co2_regression,3,19.16666603088379,history,24.51800537109375,2026-04-12T22:50:13.571Z,32.66666793823242
587,2026-04-12T22:50:19.754Z,2026-05-12T22:50:18.669Z,41.39162826538086,1.773,,2.773,나쁨,중간수준 악화 (나쁨-2),2.773,,0.454,0.454,0,0.6566,0.3709,48,48,computed_co2_regression,3,18.83333396911621,history,24.51800537109375,2026-04-12T22:50:19.754Z,32.58333206176758
585.6666870117188,2026-04-12T22:50:26.876Z,2026-05-12T22:50:25.952Z,41.470787048339844,1.785,,2.785,나쁨,중간수준 악화 (나쁨-2),2.785,,0.43,0.43,0,0.6467,0.2961,48,48,computed_co2_regression,3,18.66666603088379,history,24.503318786621094,2026-04-12T22:50:26.876Z,32.5
584.6666870117188,2026-04-12T22:50:32.793Z,2026-05-12T22:50:31.714Z,41.37064743041992,1.792,,2.792,나쁨,중간수준 악화 (나쁨-2),2.792,,0.416,0.416,0,0.6448,0.2186,48,48,computed_co2_regression,3,18.66666603088379,history,24.489967346191406,2026-04-12T22:50:32.793Z,32.41666793823242
584,2026-04-12T22:50:38.577Z,2026-05-12T22:50:37.635Z,41.21424102783203,1.797,,2.797,나쁨,중간수준 악화 (나쁨-2),2.797,,0.407,0.407,0,0.6452,0.1669,48,48,computed_co2_regression,3,18.83333396911621,history,24.48462677001953,2026-04-12T22:50:38.577Z,32.33333206176758
584.3333129882812,2026-04-12T22:50:44.686Z,2026-05-12T22:50:43.702Z,41.20756530761719,1.803,,2.803,나쁨,중간수준 악화 (나쁨-2),2.803,,0.394,0.394,0,0.644,0.1292,48,48,computed_co2_regression,3,19,history,24.48729705810547,2026-04-12T22:50:44.686Z,32.25
584.3333129882812,2026-04-12T22:50:50.736Z,2026-05-12T22:50:49.800Z,41.31151580810547,1.811,,2.811,나쁨,중간수준 악화 (나쁨-2),2.811,,0.379,0.379,0,0.6444,0.0913,48,48,computed_co2_regression,3,19,history,24.480621337890625,2026-04-12T22:50:50.736Z,32.16666793823242
584,2026-04-12T22:50:56.577Z,2026-05-12T22:50:55.637Z,41.315330505371094,1.817,,2.817,나쁨,중간수준 악화 (나쁨-2),2.817,,0.366,0.366,0,0.6461,0.061,48,48,computed_co2_regression,3,19.5,history,24.492637634277344,2026-04-12T22:50:56.577Z,32.08333206176758
583,2026-04-12T22:51:03.677Z,2026-05-12T22:51:02.599Z,41.33917236328125,1.818,,2.818,나쁨,중간수준 악화 (나쁨-2),2.818,,0.364,0.364,0,0.6456,0.0408,48,48,computed_co2_regression,3,19.83333396911621,history,24.501983642578125,2026-04-12T22:51:03.677Z,32
582,2026-04-12T22:51:09.712Z,2026-05-12T22:51:08.677Z,41.47840881347656,1.812,,2.812,나쁨,중간수준 악화 (나쁨-2),2.812,,0.377,0.377,0,0.6395,0.028,48,48,computed_co2_regression,3,20.16666603088379,history,24.4859619140625,2026-04-12T22:51:09.712Z,31.91666603088379
581.3333129882812,2026-04-12T22:51:16.280Z,2026-05-12T22:51:15.360Z,41.63957977294922,1.802,,2.802,나쁨,중간수준 악화 (나쁨-2),2.802,,0.396,0.396,0,0.6331,0.0206,48,48,computed_co2_regression,3,20.5,history,24.489967346191406,2026-04-12T22:51:16.280Z,31.75
581,2026-04-12T22:51:22.148Z,2026-05-12T22:51:21.213Z,42.22514724731445,1.789,,2.789,나쁨,중간수준 악화 (나쁨-2),2.789,,0.422,0.422,0,0.649,0.0351,49,49,computed_co2_regression,3,20.5,history,24.503318786621094,2026-04-12T22:51:22.148Z,31.66666603088379
581.6666870117188,2026-04-12T22:51:29.570Z,2026-05-12T22:51:28.471Z,42.65049362182617,1.785,,2.785,나쁨,중간수준 악화 (나쁨-2),2.785,,0.431,0.431,0,0.635,0.0074,48,48,computed_co2_regression,3,20.33333396911621,history,24.488632202148438,2026-04-12T22:51:29.570Z,31.58333396911621
583.3333129882812,2026-04-12T22:51:35.478Z,2026-05-12T22:51:34.553Z,42.37010955810547,1.783,,2.783,나쁨,중간수준 악화 (나쁨-2),2.783,,0.434,0.434,0,0.638,0.0057,48,48,computed_co2_regression,3,20,history,24.461929321289062,2026-04-12T22:51:35.478Z,31.5
586,2026-04-12T22:51:41.763Z,2026-05-12T22:51:40.685Z,42.10212326049805,1.792,,2.792,나쁨,중간수준 악화 (나쁨-2),2.792,,0.416,0.416,0,0.6017,0.0089,48,48,computed_co2_regression,3,20.16666603088379,history,24.459259033203125,2026-04-12T22:51:41.763Z,31.41666603088379
588.3333129882812,2026-04-12T22:51:47.582Z,2026-05-12T22:51:46.637Z,42.054439544677734,1.81,,2.81,나쁨,중간수준 악화 (나쁨-2),2.81,,0.381,0.381,0,0.5035,0.0148,48,48,computed_co2_regression,3,20.16666603088379,history,24.459259033203125,2026-04-12T22:51:47.582Z,31.33333396911621
590.3333129882812,2026-04-12T22:51:53.683Z,2026-05-12T22:51:52.704Z,42.2528076171875,1.833,,2.833,나쁨,중간수준 악화 (나쁨-2),2.833,,0.335,0.335,0,0.3655,0.0245,48,48,computed_co2_regression,3,20.33333396911621,history,24.469940185546875,2026-04-12T22:51:53.683Z,31.25
591.3333129882812,2026-04-12T22:51:59.881Z,2026-05-12T22:51:58.803Z,42.567527770996094,1.86,,2.86,나쁨,중간수준 악화 (나쁨-2),2.86,,0.281,0.281,0,0.2351,0.042,48,48,computed_co2_regression,3,20.66666603088379,history,24.47394561767578,2026-04-12T22:51:59.881Z,31.16666603088379
592.3333129882812,2026-04-12T22:52:06.351Z,2026-05-12T22:52:05.423Z,42.758270263671875,1.89,,2.891,나쁨,중간수준 악화 (나쁨-2),2.891,,0.219,0.219,0,0.1278,0.0775,48,48,computed_co2_regression,3,21.16666603088379,history,24.457923889160156,2026-04-12T22:52:06.351Z,31.08333396911621
593,2026-04-12T22:52:13.155Z,2026-05-12T22:52:12.210Z,42.64763641357422,1.925,,2.925,나쁨,중간수준 악화 (나쁨-2),2.925,,0.15,0.15,0,0.0533,0.1213,48,48,computed_co2_regression,3,21.33333396911621,history,24.45258331298828,2026-04-12T22:52:13.155Z,31
593.6666870117188,2026-04-12T22:52:19.705Z,2026-05-12T22:52:18.717Z,42.582786560058594,1.961,,2.961,나쁨,중간수준 악화 (나쁨-2),2.961,,0.078,0.078,0,0.0125,0.1608,48,48,computed_co2_regression,3,21.33333396911621,history,24.456588745117188,2026-04-12T22:52:19.705Z,30.91666603088379
594.3333129882812,2026-04-12T22:52:25.424Z,2026-05-12T22:52:24.498Z,42.97665786743164,2,,3,나쁨,심각한 악화 (나쁨-3),3,,0,0,0,0,0.2031,48,48,computed_co2_regression,3,21.5,history,24.448577880859375,2026-04-12T22:52:25.424Z,30.83333396911621
594.6666870117188,2026-04-12T22:52:32.935Z,2026-05-12T22:52:31.983Z,42.945186614990234,2,,3,나쁨,심각한 악화 (나쁨-3),3,,0,0,0,0.0116,0.2419,48,48,computed_co2_regression,3,21.33333396911621,history,24.43389129638672,2026-04-12T22:52:32.935Z,30.75
595,2026-04-12T22:52:38.691Z,2026-05-12T22:52:37.705Z,42.89750671386719,2,,3,나쁨,심각한 악화 (나쁨-3),3,,0,0,0,0.0426,0.2835,48,48,computed_co2_regression,3,21.16666603088379,history,24.428550720214844,2026-04-12T22:52:38.691Z,30.66666603088379
595,2026-04-12T22:52:44.628Z,2026-05-12T22:52:43.685Z,43.169307708740234,2,,3,나쁨,심각한 악화 (나쁨-3),3,,0,0,0,0.0861,0.3162,48,48,computed_co2_regression,3,21.16666603088379,history,24.415199279785156,2026-04-12T22:52:44.628Z,30.58333396911621
594.6666870117188,2026-04-12T22:52:50.758Z,2026-05-12T22:52:49.805Z,43.124481201171875,2,,3,나쁨,심각한 악화 (나쁨-3),3,,0,0,0,0.1365,0.3367,48,48,computed_co2_regression,3,21.33333396911621,history,24.436561584472656,2026-04-12T22:52:50.758Z,30.5
594.6666870117188,2026-04-12T22:52:56.691Z,2026-05-12T22:52:55.770Z,43.15118408203125,2,,3,나쁨,심각한 악화 (나쁨-3),3,,0,0,0,0.1926,0.3548,48,48,computed_co2_regression,3,21.33333396911621,history,24.467269897460938,2026-04-12T22:52:56.691Z,30.41666603088379
594.6666870117188,2026-04-12T22:53:03.684Z,2026-05-12T22:53:02.595Z,42.98619842529297,2,,3,나쁨,심각한 악화 (나쁨-3),3,,0,0,0,0.2491,0.3557,48,48,computed_co2_regression,3,21,history,24.457923889160156,2026-04-12T22:53:03.684Z,30.33333396911621
595,2026-04-12T22:53:09.614Z,2026-05-12T22:53:08.674Z,43.07775115966797,2,,3,나쁨,심각한 악화 (나쁨-3),3,,0,0,0,0.3053,0.3487,48,48,computed_co2_regression,3,20.83333396911621,history,24.45391845703125,2026-04-12T22:53:09.614Z,30.16666603088379
595,2026-04-12T22:53:16.434Z,2026-05-12T22:53:15.350Z,43.315216064453125,2,,3,나쁨,심각한 악화 (나쁨-3),3,,0,0,0,0.3582,0.3334,48,48,computed_co2_regression,3,20.66666603088379,history,24.45391845703125,2026-04-12T22:53:16.434Z,29.83333396911621
595,2026-04-12T22:53:22.672Z,2026-05-12T22:53:21.511Z,43.180747985839844,2,,3,나쁨,심각한 악화 (나쁨-3),3,,0,0,0,0.4065,0.2975,48,48,computed_co2_regression,3,20.33333396911621,history,24.436561584472656,2026-04-12T22:53:22.672Z,29.66666603088379
595,2026-04-12T22:53:28.548Z,2026-05-12T22:53:27.616Z,43.083473205566406,2,,3,나쁨,심각한 악화 (나쁨-3),3,,0,0,0,0.4499,0.2456,48,48,computed_co2_regression,3,20,history,24.43122100830078,2026-04-12T22:53:28.548Z,29.58333396911621
595,2026-04-12T22:53:35.947Z,2026-05-12T22:53:34.875Z,43.073936462402344,2,,3,나쁨,심각한 악화 (나쁨-3),3,,0,0,0,0.4883,0.2046,48,48,computed_co2_regression,3,20,history,24.427215576171875,2026-04-12T22:53:35.947Z,29.5
595,2026-04-12T22:53:41.578Z,2026-05-12T22:53:40.643Z,42.775428771972656,2,,3,나쁨,심각한 악화 (나쁨-3),3,,0,0,0,0.5213,0.1762,48,48,computed_co2_regression,3,20,history,24.43255615234375,2026-04-12T22:53:41.578Z,29.41666603088379
595,2026-04-12T22:53:47.589Z,2026-05-12T22:53:46.622Z,42.81548309326172,2,,3,나쁨,심각한 악화 (나쁨-3),3,,0,0,0,0.5459,0.1548,48,48,computed_co2_regression,3,20,history,24.45391845703125,2026-04-12T22:53:47.589Z,29.33333396911621
595,2026-04-12T22:53:53.594Z,2026-05-12T22:53:52.654Z,43.07297897338867,2,,3,나쁨,심각한 악화 (나쁨-3),3,,0,0,0,0.5624,0.1286,48,48,computed_co2_regression,3,19.83333396911621,history,24.448577880859375,2026-04-12T22:53:53.594Z,29.25
595,2026-04-12T22:53:59.824Z,2026-05-12T22:53:58.752Z,42.96807098388672,2,,3,나쁨,심각한 악화 (나쁨-3),3,,0,0,0,0.5739,0.1091,48,48,computed_co2_regression,3,19.66666603088379,history,24.416534423828125,2026-04-12T22:53:59.824Z,29.16666603088379
595,2026-04-12T22:54:06.335Z,2026-05-12T22:54:05.410Z,43.072975158691406,2,,3,나쁨,심각한 악화 (나쁨-3),3,,0,0,0,0.5851,0.1072,48,48,computed_co2_regression,3,19.83333396911621,history,24.40184783935547,2026-04-12T22:54:06.335Z,29.08333396911621
595,2026-04-12T22:54:13.145Z,2026-05-12T22:54:12.197Z,42.90702819824219,2,,3,나쁨,심각한 악화 (나쁨-3),3,,0,0,0,0.5963,0.0957,48,48,computed_co2_regression,3,19.66666603088379,history,24.417869567871094,2026-04-12T22:54:13.145Z,29
595.3333129882812,2026-04-12T22:54:19.698Z,2026-05-12T22:54:18.737Z,42.34626007080078,2,,3,나쁨,심각한 악화 (나쁨-3),3,,0,0,0,0.6093,0.0955,48,48,computed_co2_regression,3,19.83333396911621,history,24.42321014404297,2026-04-12T22:54:19.698Z,29
596,2026-04-12T22:54:25.528Z,2026-05-12T22:54:24.582Z,42.25947189331055,2,,3,나쁨,심각한 악화 (나쁨-3),3,,0,0,0,0.6229,0.1063,48,48,computed_co2_regression,3,20,history,24.421875,2026-04-12T22:54:25.528Z,29
596.6666870117188,2026-04-12T22:54:31.787Z,2026-05-12T22:54:30.678Z,42.64380645751953,2,,3,나쁨,심각한 악화 (나쁨-3),3,,0,0,0,0.6359,0.1051,49,49,computed_co2_regression,3,20.33333396911621,history,24.421875,2026-04-12T22:54:31.787Z,29
597,2026-04-12T22:54:38.775Z,2026-05-12T22:54:37.861Z,42.52650451660156,2,,3,나쁨,심각한 악화 (나쁨-3),3,,0,0,0,0.6525,0.1664,48,48,computed_co2_regression,3,20.66666603088379,history,24.417869567871094,2026-04-12T22:54:38.775Z,29
597,2026-04-12T22:54:44.654Z,2026-05-12T22:54:43.580Z,41.96955108642578,2,,3,나쁨,심각한 악화 (나쁨-3),3,,0,0,0,0.6706,0.1975,48,48,computed_co2_regression,3,20.83333396911621,history,24.42053985595703,2026-04-12T22:54:44.654Z,29
597,2026-04-12T22:54:50.662Z,2026-05-12T22:54:49.737Z,41.76069641113281,2,,3,나쁨,심각한 악화 (나쁨-3),3,,0,0,0,0.6917,0.2227,48,48,computed_co2_regression,3,20.83333396911621,history,24.43122100830078,2026-04-12T22:54:50.662Z,29
597,2026-04-12T22:54:56.698Z,2026-05-12T22:54:55.615Z,42.026771545410156,2,,3,나쁨,심각한 악화 (나쁨-3),3,,0,0,0,0.7132,0.2338,48,48,computed_co2_regression,3,20.83333396911621,history,24.43122100830078,2026-04-12T22:54:56.698Z,29
597.3333129882812,2026-04-12T22:55:03.491Z,2026-05-12T22:55:02.554Z,42.202247619628906,2,,3,나쁨,심각한 악화 (나쁨-3),3,,0,0,0,0.7338,0.22,48,48,computed_co2_regression,3,20.66666603088379,history,24.419204711914062,2026-04-12T22:55:03.491Z,29
597.6666870117188,2026-04-12T22:55:09.555Z,2026-05-12T22:55:08.633Z,42.16791534423828,2,,3,나쁨,심각한 악화 (나쁨-3),3,,0,0,0,0.7535,0.1893,48,48,computed_co2_regression,3,20.5,history,24.42053985595703,2026-04-12T22:55:09.555Z,29
598.3333129882812,2026-04-12T22:55:16.299Z,2026-05-12T22:55:15.336Z,42.19366455078125,2,,3,나쁨,심각한 악화 (나쁨-3),3,,0,0,0,0.7707,0.1622,48,48,computed_co2_regression,3,20.5,history,24.413864135742188,2026-04-12T22:55:16.299Z,29
598.6666870117188,2026-04-12T22:55:22.163Z,2026-05-12T22:55:21.232Z,42.276634216308594,2,,3,나쁨,심각한 악화 (나쁨-3),3,,0,0,0,0.7821,0.1266,48,48,computed_co2_regression,3,20.5,history,24.41119384765625,2026-04-12T22:55:22.163Z,28.91666603088379
599.3333129882812,2026-04-12T22:55:28.161Z,2026-05-12T22:55:27.233Z,42.26042175292969,2,,3,나쁨,심각한 악화 (나쁨-3),3,,0,0,0,0.7856,0.0883,48,48,computed_co2_regression,3,20.5,history,24.43122100830078,2026-04-12T22:55:28.161Z,28.83333396911621
600,2026-04-12T22:55:34.177Z,2026-05-12T22:55:33.240Z,42.197479248046875,2,,3,나쁨,심각한 악화 (나쁨-3),3,,0,0,0,0.7851,0.0438,48,48,computed_co2_regression,3,20.16666603088379,history,24.425880432128906,2026-04-12T22:55:34.177Z,28.75
602.3333129882812,2026-04-12T22:55:41.499Z,2026-05-12T22:55:40.546Z,42.220367431640625,2,,3,나쁨,심각한 악화 (나쁨-3),3,,0,0,0,0.7862,0.0128,48,48,computed_co2_regression,3,20.16666603088379,history,24.403182983398438,2026-04-12T22:55:41.499Z,28.66666603088379
605.3333129882812,2026-04-12T22:55:47.544Z,2026-05-12T22:55:46.608Z,42.23467254638672,2,,3,나쁨,심각한 악화 (나쁨-3),3,,0,0,0,0.7882,0.0001,48,48,computed_co2_regression,3,20.16666603088379,history,24.413864135742188,2026-04-12T22:55:47.544Z,28.58333396911621
608.3333129882812,2026-04-12T22:55:55.162Z,2026-05-12T22:55:54.216Z,42.215599060058594,2,,3,나쁨,심각한 악화 (나쁨-3),3,,0,0,0.131,0.7867,0.0155,48,48,computed_co2_regression,3,20,history,24.427215576171875,2026-04-12T22:55:55.162Z,28.5
610.3333129882812,2026-04-12T22:56:01.227Z,2026-05-12T22:56:00.308Z,42.12023162841797,2,,3,나쁨,심각한 악화 (나쁨-3),3,,0,0,0.249,0.7822,0.0585,48,48,computed_co2_regression,3,19.83333396911621,history,24.416534423828125,2026-04-12T22:56:01.227Z,28.41666603088379
612,2026-04-12T22:56:07.202Z,2026-05-12T22:56:06.204Z,42.033447265625,2,,3,나쁨,심각한 악화 (나쁨-3),3,,0,0,0.318,0.7755,0.0977,48,48,computed_co2_regression,3,20.16666603088379,history,24.408523559570312,2026-04-12T22:56:07.202Z,28.33333396911621
613.3333129882812,2026-04-12T22:56:14.160Z,2026-05-12T22:56:13.093Z,42.00769805908203,2,,3,나쁨,심각한 악화 (나쁨-3),3,,0,0,0.326,0.7691,0.1036,48,48,computed_co2_regression,3,20.66666603088379,history,24.40184783935547,2026-04-12T22:56:14.160Z,28.25
614,2026-04-12T22:56:20.693Z,2026-05-12T22:56:19.769Z,42.200340270996094,2,,3,나쁨,심각한 악화 (나쁨-3),3,,0,0,0.288,0.7653,0.079,48,48,computed_co2_regression,3,21,history,24.404518127441406,2026-04-12T22:56:20.693Z,28.16666603088379
614.3333129882812,2026-04-12T22:56:26.477Z,2026-05-12T22:56:25.549Z,42.39393615722656,2,,3,나쁨,심각한 악화 (나쁨-3),3,,0,0,0.217,0.7639,0.0418,48,48,computed_co2_regression,3,21.5,history,24.407188415527344,2026-04-12T22:56:26.477Z,28.08333396911621
615.6666870117188,2026-04-12T22:56:32.491Z,2026-05-12T22:56:31.563Z,42.276634216308594,2,,3,나쁨,심각한 악화 (나쁨-3),3,,0,0,0.15,0.7615,0.0184,48,48,computed_co2_regression,3,21.66666603088379,history,24.408523559570312,2026-04-12T22:56:32.491Z,28
618.6666870117188,2026-04-12T22:56:38.525Z,2026-05-12T22:56:37.583Z,42.09638977050781,2,,3,나쁨,심각한 악화 (나쁨-3),3,,0,0,0.124,0.7524,0.012,48,48,computed_co2_regression,3,21.5,history,24.41119384765625,2026-04-12T22:56:38.525Z,28
622.3333129882812,2026-04-12T22:56:45.902Z,2026-05-12T22:56:44.957Z,42.085899353027344,2,,3,나쁨,심각한 악화 (나쁨-3),3,,0,0,0.134,0.7391,0.0143,48,48,computed_co2_regression,3,20.83333396911621,history,24.40985870361328,2026-04-12T22:56:45.902Z,28
626,2026-04-12T22:56:51.708Z,2026-05-12T22:56:50.770Z,42.13072204589844,2,,3,나쁨,심각한 악화 (나쁨-3),3,,0,0,0.206,0.7274,0.0334,48,48,computed_co2_regression,3,20,history,24.43122100830078,2026-04-12T22:56:51.708Z,28
628.3333129882812,2026-04-12T22:56:58.927Z,2026-05-12T22:56:58.007Z,42.04584503173828,2,,3,나쁨,심각한 악화 (나쁨-3),3,,0,0,0.315,0.7256,0.0709,48,48,computed_co2_regression,3,19.33333396911621,history,24.41252899169922,2026-04-12T22:56:58.927Z,28
630,2026-04-12T22:57:05.304Z,2026-05-12T22:57:04.366Z,41.9876708984375,2,,3,나쁨,심각한 악화 (나쁨-3),3,,0,0,0.448,0.7309,0.1165,48,48,computed_co2_regression,3,18.66666603088379,history,24.385826110839844,2026-04-12T22:57:05.304Z,28
630.6666870117188,2026-04-12T22:57:11.390Z,2026-05-12T22:57:10.449Z,41.9876708984375,2,,3,나쁨,심각한 악화 (나쁨-3),3,,0,0,0.577,0.743,0.1523,48,48,computed_co2_regression,3,18.16666603088379,history,24.385826110839844,2026-04-12T22:57:11.390Z,28
631,2026-04-12T22:57:17.215Z,2026-05-12T22:57:16.285Z,41.99339294433594,2,,3,나쁨,심각한 악화 (나쁨-3),3,,0,0,0.685,0.759,0.1808,48,48,computed_co2_regression,3,18.16666603088379,history,24.373809814453125,2026-04-12T22:57:17.215Z,28
630.6666870117188,2026-04-12T22:57:23.538Z,2026-05-12T22:57:22.613Z,42.125,2,,3,나쁨,심각한 악화 (나쁨-3),3,,0,0,0.756,0.778,0.2019,48,48,computed_co2_regression,3,18.5,history,24.3577880859375,2026-04-12T22:57:23.538Z,28
630.3333129882812,2026-04-12T22:57:31.264Z,2026-05-12T22:57:30.320Z,42.447349548339844,2,,3,나쁨,심각한 악화 (나쁨-3),3,,0,0,0.756,0.799,0.2021,48,48,computed_co2_regression,3,19.16666603088379,history,24.376480102539062,2026-04-12T22:57:31.264Z,28
630,2026-04-12T22:57:37.077Z,2026-05-12T22:57:36.143Z,42.531272888183594,2,,3,나쁨,심각한 악화 (나쁨-3),3,,0,0,0.735,0.8192,0.1944,48,48,computed_co2_regression,3,19.5,history,24.38849639892578,2026-04-12T22:57:37.077Z,28
630,2026-04-12T22:57:43.157Z,2026-05-12T22:57:42.203Z,42.24421310424805,2,,3,나쁨,심각한 악화 (나쁨-3),3,,0,0,0.695,0.8388,0.1782,48,48,computed_co2_regression,3,19.83333396911621,history,24.38048553466797,2026-04-12T22:57:43.157Z,27.91666603088379
630,2026-04-12T22:57:50.340Z,2026-05-12T22:57:49.415Z,42.146942138671875,2,,3,나쁨,심각한 악화 (나쁨-3),3,,0,0,0.616,0.8565,0.1439,48,48,computed_co2_regression,3,20.33333396911621,history,24.376480102539062,2026-04-12T22:57:50.340Z,27.83333396911621
630,2026-04-12T22:57:56.046Z,2026-05-12T22:57:55.116Z,42.25470733642578,2,,3,나쁨,심각한 악화 (나쁨-3),3,,0,0,0.487,0.8713,0.0927,48,48,computed_co2_regression,3,20.83333396911621,history,24.38983154296875,2026-04-12T22:57:56.046Z,27.75
630,2026-04-12T22:58:03.273Z,2026-05-12T22:58:02.196Z,42.243263244628906,2,,3,나쁨,심각한 악화 (나쁨-3),3,,0,0,0.323,0.884,0.0407,48,48,computed_co2_regression,3,21.33333396911621,history,24.4005126953125,2026-04-12T22:58:03.273Z,27.66666603088379
630.3333129882812,2026-04-12T22:58:09.086Z,2026-05-12T22:58:08.148Z,42.360565185546875,2,,3,나쁨,심각한 악화 (나쁨-3),3,,0,0,0.171,0.8945,0.011,48,48,computed_co2_regression,3,21.5,history,24.4005126953125,2026-04-12T22:58:09.086Z,27.58333396911621
631,2026-04-12T22:58:16.007Z,2026-05-12T22:58:15.085Z,42.51887512207031,2,,3,나쁨,심각한 악화 (나쁨-3),3,,0,0,0.032,0.9043,0.0004,48,48,computed_co2_regression,3,21.5,history,24.397842407226562,2026-04-12T22:58:16.007Z,27.5
632,2026-04-12T22:58:22.193Z,2026-05-12T22:58:21.195Z,42.627593994140625,2,,3,나쁨,심각한 악화 (나쁨-3),3,,0,0,0,0.9125,0.003,48,48,computed_co2_regression,3,21.5,history,24.404518127441406,2026-04-12T22:58:22.193Z,27.41666603088379
632.6666870117188,2026-04-12T22:58:28.127Z,2026-05-12T22:58:27.188Z,42.54938888549805,2,,3,나쁨,심각한 악화 (나쁨-3),3,,0,0,0,0.9193,0.0095,48,48,computed_co2_regression,3,21.16666603088379,history,24.39116668701172,2026-04-12T22:58:28.127Z,27.33333396911621
633,2026-04-12T22:58:34.280Z,2026-05-12T22:58:33.208Z,42.2318115234375,2,,3,나쁨,심각한 악화 (나쁨-3),3,,0,0,0,0.9244,0.0138,48,48,computed_co2_regression,3,21,history,24.37781524658203,2026-04-12T22:58:34.280Z,27.25
633.6666870117188,2026-04-12T22:58:40.427Z,2026-05-12T22:58:39.302Z,42.30238342285156,2,,3,나쁨,심각한 악화 (나쁨-3),3,,0,0,0,0.9278,0.0136,48,48,computed_co2_regression,3,20.5,history,24.395172119140625,2026-04-12T22:58:40.427Z,27.16666603088379
634.3333129882812,2026-04-12T22:58:46.503Z,2026-05-12T22:58:45.508Z,42.456878662109375,2,,3,나쁨,심각한 악화 (나쁨-3),3,,0,0,0,0.9299,0.0117,48,48,computed_co2_regression,3,20.33333396911621,history,24.381820678710938,2026-04-12T22:58:46.503Z,27.08333396911621
634.6666870117188,2026-04-12T22:58:53.856Z,2026-05-12T22:58:52.915Z,42.54938888549805,2,,3,나쁨,심각한 악화 (나쁨-3),3,,0,0,0,0.9302,0.0111,48,48,computed_co2_regression,3,20.5,history,24.372474670410156,2026-04-12T22:58:53.856Z,27
634.3333129882812,2026-04-12T22:58:59.684Z,2026-05-12T22:58:58.758Z,42.41682434082031,2,,3,나쁨,심각한 악화 (나쁨-3),3,,0,0,0,0.9283,0.0078,48,48,computed_co2_regression,3,20.33333396911621,history,24.36980438232422,2026-04-12T22:58:59.684Z,27
633.3333129882812,2026-04-12T22:59:06.381Z,2026-05-12T22:59:05.382Z,42.41682434082031,2,,3,나쁨,심각한 악화 (나쁨-3),3,,0,0,0,0.9228,0.0039,48,48,computed_co2_regression,3,20.33333396911621,history,24.36980438232422,2026-04-12T22:59:06.381Z,27
632.3333129882812,2026-04-12T22:59:13.084Z,2026-05-12T22:59:12.148Z,42.16600036621094,2,,3,나쁨,심각한 악화 (나쁨-3),3,,0,0,0,0.9133,0.0008,48,48,computed_co2_regression,3,20,history,24.38048553466797,2026-04-12T22:59:13.084Z,27
631,2026-04-12T22:59:19.052Z,2026-05-12T22:59:18.110Z,42.12785339355469,2,,3,나쁨,심각한 악화 (나쁨-3),3,,0,0,0.033,0.8991,0.0004,48,48,computed_co2_regression,3,19.83333396911621,history,24.38849639892578,2026-04-12T22:59:19.052Z,27
630,2026-04-12T22:59:25.053Z,2026-05-12T22:59:24.113Z,42.006736755371094,2,,3,나쁨,심각한 악화 (나쁨-3),3,,0,0,0.116,0.881,0.0046,48,48,computed_co2_regression,3,19.66666603088379,history,24.376480102539062,2026-04-12T22:59:25.053Z,27
629.3333129882812,2026-04-12T22:59:31.198Z,2026-05-12T22:59:30.218Z,41.9771728515625,2,,3,나쁨,심각한 악화 (나쁨-3),3,,0,0,0.197,0.8594,0.0133,48,48,computed_co2_regression,3,19.5,history,24.39116668701172,2026-04-12T22:59:31.198Z,27
628.3333129882812,2026-04-12T22:59:37.085Z,2026-05-12T22:59:36.126Z,41.919952392578125,2,,3,나쁨,심각한 악화 (나쁨-3),3,,0,0,0.265,0.8334,0.0233,48,48,computed_co2_regression,3,19.33333396911621,history,24.387161254882812,2026-04-12T22:59:37.085Z,27
627,2026-04-12T22:59:43.616Z,2026-05-12T22:59:42.640Z,41.899925231933594,2,,3,나쁨,심각한 악화 (나쁨-3),3,,0,0,0.293,0.8011,0.0281,48,48,computed_co2_regression,3,19.5,history,24.36846923828125,2026-04-12T22:59:43.616Z,27
625,2026-04-12T22:59:49.536Z,2026-05-12T22:59:48.597Z,41.98957061767578,2,,3,나쁨,심각한 악화 (나쁨-3),3,,0,0,0.293,0.7594,0.0282,48,48,computed_co2_regression,3,19.66666603088379,history,24.35645294189453,2026-04-12T22:59:49.536Z,27
623,2026-04-12T22:59:56.879Z,2026-05-12T22:59:55.912Z,42.138343811035156,2,,3,나쁨,심각한 악화 (나쁨-3),3,,0,0,0.278,0.7066,0.0255,48,48,computed_co2_regression,3,19.83333396911621,history,24.35645294189453,2026-04-12T22:59:56.879Z,27
621.6666870117188,2026-04-12T23:00:03.472Z,2026-05-12T23:00:02.549Z,42.62663269042969,2,,3,나쁨,심각한 악화 (나쁨-3),3,,0,0,0.271,0.645,0.0244,48,48,computed_co2_regression,3,19.66666603088379,history,24.36846923828125,2026-04-12T23:00:03.472Z,27
620.3333129882812,2026-04-12T23:00:09.806Z,2026-05-12T23:00:08.727Z,43.179771423339844,2,,3,나쁨,심각한 악화 (나쁨-3),3,,0,0,0.274,0.5746,0.0247,48,48,computed_co2_regression,3,19.66666603088379,history,24.371139526367188,2026-04-12T23:00:09.806Z,27
619.6666870117188,2026-04-12T23:00:16.462Z,2026-05-12T23:00:15.448Z,43.11968994140625,2,,3,나쁨,심각한 악화 (나쁨-3),3,,0,0,0.273,0.4981,0.0246,48,48,computed_co2_regression,3,19.83333396911621,history,24.373809814453125,2026-04-12T23:00:16.462Z,27
619.6666870117188,2026-04-12T23:00:22.139Z,2026-05-12T23:00:21.207Z,42.548431396484375,2,,3,나쁨,심각한 악화 (나쁨-3),3,,0,0,0.27,0.4201,0.0242,48,48,computed_co2_regression,3,19.83333396911621,history,24.381820678710938,2026-04-12T23:00:22.139Z,27
620.6666870117188,2026-04-12T23:00:27.974Z,2026-05-12T23:00:27.047Z,42.199378967285156,2,,3,나쁨,심각한 악화 (나쁨-3),3,,0,0,0.266,0.3452,0.0233,48,48,computed_co2_regression,3,19.83333396911621,history,24.381820678710938,2026-04-12T23:00:27.974Z,27
621.6666870117188,2026-04-12T23:00:35.033Z,2026-05-12T23:00:34.118Z,42.202239990234375,2,,3,나쁨,심각한 악화 (나쁨-3),3,,0,0,0.247,0.2731,0.0202,48,48,computed_co2_regression,3,20,history,24.361793518066406,2026-04-12T23:00:35.033Z,27
621.6666870117188,2026-04-12T23:00:41.275Z,2026-05-12T23:00:40.261Z,42.214637756347656,2,,3,나쁨,심각한 악화 (나쁨-3),3,,0,0,0.228,0.2001,0.0171,48,48,computed_co2_regression,3,20.33333396911621,history,24.35912322998047,2026-04-12T23:00:41.275Z,27
621.3333129882812,2026-04-12T23:00:47.538Z,2026-05-12T23:00:46.606Z,42.5980224609375,2,,3,나쁨,심각한 악화 (나쁨-3),3,,0,0,0.209,0.1297,0.0144,48,48,computed_co2_regression,3,20.33333396911621,history,24.36713409423828,2026-04-12T23:00:47.538Z,27
621.3333129882812,2026-04-12T23:00:53.562Z,2026-05-12T23:00:52.635Z,43.19598388671875,2,,3,나쁨,심각한 악화 (나쁨-3),3,,0,0,0.179,0.0694,0.0105,48,48,computed_co2_regression,3,20.5,history,24.371139526367188,2026-04-12T23:00:53.562Z,27
622.6666870117188,2026-04-12T23:01:01.000Z,2026-05-12T23:01:00.063Z,43.47923278808594,2,,3,나쁨,심각한 악화 (나쁨-3),3,,0,0,0.15,0.0284,0.0073,48,48,computed_co2_regression,3,20.66666603088379,history,24.38983154296875,2026-04-12T23:01:01.000Z,27
624.6666870117188,2026-04-12T23:01:07.441Z,2026-05-12T23:01:06.436Z,43.057701110839844,2,,3,나쁨,심각한 악화 (나쁨-3),3,,0,0,0.124,0.0062,0.005,48,48,computed_co2_regression,3,20.83333396911621,history,24.36713409423828,2026-04-12T23:01:07.441Z,27
626.6666870117188,2026-04-12T23:01:14.421Z,2026-05-12T23:01:13.482Z,42.419681549072266,1.998,,2.998,나쁨,중간수준 악화 (나쁨-2),2.998,,0.005,0.005,0.065,0,0.0013,48,48,computed_co2_regression,3,21,history,24.343101501464844,2026-04-12T23:01:14.421Z,27
628,2026-04-12T23:01:20.237Z,2026-05-12T23:01:19.291Z,42.15264892578125,1.954,,2.954,나쁨,중간수준 악화 (나쁨-2),2.954,,0.093,0.093,0,0.0071,0.0003,48,48,computed_co2_regression,3,21,history,24.35912322998047,2026-04-12T23:01:20.237Z,27
628.6666870117188,2026-04-12T23:01:26.040Z,2026-05-12T23:01:25.110Z,42.60088348388672,1.913,,2.913,나쁨,중간수준 악화 (나쁨-2),2.913,,0.175,0.175,0,0.0285,0.0066,48,48,computed_co2_regression,3,21,history,24.396507263183594,2026-04-12T23:01:26.040Z,27
629,2026-04-12T23:01:32.388Z,2026-05-12T23:01:31.237Z,43.314239501953125,1.871,,2.871,나쁨,중간수준 악화 (나쁨-2),2.871,,0.258,0.258,0,0.0707,0.0285,48,48,computed_co2_regression,3,21,history,24.4005126953125,2026-04-12T23:01:32.388Z,27
629,2026-04-12T23:01:38.066Z,2026-05-12T23:01:37.127Z,43.36573791503906,1.833,,2.833,나쁨,중간수준 악화 (나쁨-2),2.833,,0.334,0.334,0,0.1364,0.0718,48,48,computed_co2_regression,3,21,history,24.36980438232422,2026-04-12T23:01:38.066Z,27
629,2026-04-12T23:01:44.117Z,2026-05-12T23:01:43.193Z,42.79447555541992,1.804,,2.804,나쁨,중간수준 악화 (나쁨-2),2.804,,0.393,0.393,0,0.2051,0.1323,48,48,computed_co2_regression,3,21,history,24.3577880859375,2026-04-12T23:01:44.117Z,27
629,2026-04-12T23:01:50.198Z,2026-05-12T23:01:49.246Z,42.281394958496094,1.787,,2.787,나쁨,중간수준 악화 (나쁨-2),2.787,,0.427,0.427,0,0.2497,0.1729,48,48,computed_co2_regression,3,20.66666603088379,history,24.355117797851562,2026-04-12T23:01:50.198Z,27
629,2026-04-12T23:01:57.574Z,2026-05-12T23:01:56.660Z,42.328125,1.783,,2.783,나쁨,중간수준 악화 (나쁨-2),2.783,,0.435,0.435,0,0.2602,0.1845,48,48,computed_co2_regression,3,20.66666603088379,history,24.364463806152344,2026-04-12T23:01:57.574Z,27
629,2026-04-12T23:02:05.360Z,2026-05-12T23:02:04.413Z,42.582763671875,1.787,,2.787,나쁨,중간수준 악화 (나쁨-2),2.787,,0.426,0.426,0,0.2499,0.1733,48,48,computed_co2_regression,3,20.66666603088379,history,24.372474670410156,2026-04-12T23:02:05.360Z,27
629,2026-04-12T23:02:11.346Z,2026-05-12T23:02:10.258Z,42.65428924560547,1.797,,2.797,나쁨,중간수준 악화 (나쁨-2),2.797,,0.406,0.406,0,0.2275,0.1345,48,48,computed_co2_regression,3,20.33333396911621,history,24.36846923828125,2026-04-12T23:02:11.346Z,27
629,2026-04-12T23:02:17.429Z,2026-05-12T23:02:16.485Z,42.53889465332031,1.81,,2.81,나쁨,중간수준 악화 (나쁨-2),2.81,,0.381,0.381,0,0.2014,0.0827,48,48,computed_co2_regression,3,20.16666603088379,history,24.355117797851562,2026-04-12T23:02:17.429Z,27
629,2026-04-12T23:02:23.292Z,2026-05-12T23:02:22.359Z,42.34148025512695,1.824,,2.824,나쁨,중간수준 악화 (나쁨-2),2.824,,0.353,0.353,0,0.1744,0.0296,48,48,computed_co2_regression,3,19.83333396911621,history,24.34710693359375,2026-04-12T23:02:23.292Z,27
629,2026-04-12T23:02:29.264Z,2026-05-12T23:02:28.334Z,42.34434127807617,1.837,,2.837,나쁨,중간수준 악화 (나쁨-2),2.837,,0.327,0.327,0,0.1506,0.0021,48,48,computed_co2_regression,3,19.83333396911621,history,24.355117797851562,2026-04-12T23:02:29.264Z,27
628.6666870117188,2026-04-12T23:02:35.366Z,2026-05-12T23:02:34.376Z,42.5064697265625,1.848,,2.848,나쁨,중간수준 악화 (나쁨-2),2.848,,0.305,0.305,0.092,0.1319,0.0058,48,48,computed_co2_regression,3,19.5,history,24.349777221679688,2026-04-12T23:02:35.366Z,27
628.3333129882812,2026-04-12T23:02:41.430Z,2026-05-12T23:02:40.498Z,42.50360870361328,1.857,,2.857,나쁨,중간수준 악화 (나쁨-2),2.857,,0.287,0.287,0.205,0.1176,0.0289,48,48,computed_co2_regression,3,19.66666603088379,history,24.33776092529297,2026-04-12T23:02:41.430Z,27
628.3333129882812,2026-04-12T23:02:47.551Z,2026-05-12T23:02:46.605Z,42.468318939208984,1.866,,2.866,나쁨,중간수준 악화 (나쁨-2),2.866,,0.269,0.269,0.258,0.1037,0.046,48,48,computed_co2_regression,3,20.16666603088379,history,24.364463806152344,2026-04-12T23:02:47.551Z,27
628.6666870117188,2026-04-12T23:02:53.604Z,2026-05-12T23:02:52.680Z,42.57036209106445,1.876,,2.876,나쁨,중간수준 악화 (나쁨-2),2.876,,0.248,0.248,0.261,0.0886,0.0473,48,48,computed_co2_regression,3,20.33333396911621,history,24.375144958496094,2026-04-12T23:02:53.604Z,27
629,2026-04-12T23:02:59.611Z,2026-05-12T23:02:58.674Z,42.713417053222656,1.888,,2.888,나쁨,중간수준 악화 (나쁨-2),2.888,,0.225,0.225,0.205,0.0729,0.0292,48,48,computed_co2_regression,3,20.66666603088379,history,24.371139526367188,2026-04-12T23:02:59.611Z,27
629,2026-04-12T23:03:07.775Z,2026-05-12T23:03:06.849Z,42.64856719970703,1.9,,2.9,나쁨,중간수준 악화 (나쁨-2),2.9,,0.201,0.201,0.112,0.0583,0.0091,48,48,computed_co2_regression,3,20.66666603088379,history,24.371139526367188,2026-04-12T23:03:07.775Z,27
629.3333129882812,2026-04-12T23:03:14.465Z,2026-05-12T23:03:13.540Z,42.537940979003906,1.914,,2.914,나쁨,중간수준 악화 (나쁨-2),2.914,,0.172,0.172,0,0.0428,0,48,48,computed_co2_regression,3,20.83333396911621,history,24.36980438232422,2026-04-12T23:03:14.465Z,27
630.3333129882812,2026-04-12T23:03:20.395Z,2026-05-12T23:03:19.309Z,42.51696014404297,1.935,,2.935,나쁨,중간수준 악화 (나쁨-2),2.935,,0.131,0.131,0,0.0249,0.0137,48,48,computed_co2_regression,3,20.83333396911621,history,24.39116668701172,2026-04-12T23:03:20.395Z,27
631.6666870117188,2026-04-12T23:03:26.058Z,2026-05-12T23:03:25.113Z,42.4864387512207,1.963,,2.964,나쁨,중간수준 악화 (나쁨-2),2.964,,0.073,0.073,0,0.0079,0.0477,48,48,computed_co2_regression,3,20.5,history,24.383155822753906,2026-04-12T23:03:26.058Z,27.08333396911621
633,2026-04-12T23:03:32.212Z,2026-05-12T23:03:31.284Z,42.3491096496582,1.999,,2.999,나쁨,중간수준 악화 (나쁨-2),2.999,,0.002,0.002,0,0,0.085,48,48,computed_co2_regression,3,20.33333396911621,history,24.35645294189453,2026-04-12T23:03:32.212Z,27.16666603088379
634.3333129882812,2026-04-12T23:03:38.100Z,2026-05-12T23:03:37.174Z,42.370094299316406,2,,3,나쁨,심각한 악화 (나쁨-3),3,,0,0,0,0.0093,0.1186,48,48,computed_co2_regression,3,20.16666603088379,history,24.352447509765625,2026-04-12T23:03:38.100Z,27.25
635.3333129882812,2026-04-12T23:03:44.090Z,2026-05-12T23:03:43.153Z,42.487396240234375,2,,3,나쁨,심각한 악화 (나쁨-3),3,,0,0,0,0.0423,0.1184,48,48,computed_co2_regression,3,20,history,24.36980438232422,2026-04-12T23:03:44.090Z,27.41666603088379
636.6666870117188,2026-04-12T23:03:50.153Z,2026-05-12T23:03:49.215Z,42.67145919799805,2,,3,나쁨,심각한 악화 (나쁨-3),3,,0,0,0,0.1062,0.1103,48,48,computed_co2_regression,3,20,history,24.371139526367188,2026-04-12T23:03:50.153Z,27.58333396911621
637.3333129882812,2026-04-12T23:03:56.076Z,2026-05-12T23:03:55.150Z,42.85170364379883,2,,3,나쁨,심각한 악화 (나쁨-3),3,,0,0,0,0.1996,0.112,48,48,computed_co2_regression,3,20,history,24.363128662109375,2026-04-12T23:03:56.076Z,27.75
638.3333129882812,2026-04-12T23:04:03.125Z,2026-05-12T23:04:02.039Z,43.13494873046875,2,,3,나쁨,심각한 악화 (나쁨-3),3,,0,0,0,0.3146,0.1224,48,48,computed_co2_regression,3,20.33333396911621,history,24.36713409423828,2026-04-12T23:04:03.125Z,28
639,2026-04-12T23:04:10.489Z,2026-05-12T23:04:09.552Z,43.309471130371094,2,,3,나쁨,심각한 악화 (나쁨-3),3,,0,0,0,0.4329,0.1414,48,48,computed_co2_regression,3,20.5,history,24.364463806152344,2026-04-12T23:04:10.489Z,28.33333396911621
639.3333129882812,2026-04-12T23:04:16.873Z,2026-05-12T23:04:15.923Z,42.845977783203125,2,,3,나쁨,심각한 악화 (나쁨-3),3,,0,0,0,0.5437,0.15,48,48,computed_co2_regression,3,20.66666603088379,history,24.355117797851562,2026-04-12T23:04:16.873Z,28.66666603088379
639.3333129882812,2026-04-12T23:04:22.847Z,2026-05-12T23:04:21.765Z,42.60279083251953,2,,3,나쁨,심각한 악화 (나쁨-3),3,,0,0,0,0.6377,0.1624,48,48,computed_co2_regression,3,21,history,24.355117797851562,2026-04-12T23:04:22.847Z,29
639,2026-04-12T23:04:28.695Z,2026-05-12T23:04:27.729Z,42.76491928100586,2,,3,나쁨,심각한 악화 (나쁨-3),3,,0,0,0,0.7174,0.171,48,48,computed_co2_regression,3,21.16666603088379,history,24.3577880859375,2026-04-12T23:04:28.695Z,29.41666603088379
639,2026-04-12T23:04:34.719Z,2026-05-12T23:04:33.772Z,42.87077331542969,2,,3,나쁨,심각한 악화 (나쁨-3),3,,0,0,0,0.7871,0.1646,48,48,computed_co2_regression,3,21,history,24.363128662109375,2026-04-12T23:04:34.719Z,29.91666603088379
639.6666870117188,2026-04-12T23:04:40.761Z,2026-05-12T23:04:39.834Z,42.71818542480469,2,,3,나쁨,심각한 악화 (나쁨-3),3,,0,0,0,0.8437,0.1499,48,48,computed_co2_regression,3,21,history,24.365798950195312,2026-04-12T23:04:40.761Z,30.33333396911621
640.6666870117188,2026-04-12T23:04:46.680Z,2026-05-12T23:04:45.751Z,42.48072052001953,2,,3,나쁨,심각한 악화 (나쁨-3),3,,0,0,0,0.8845,0.1317,48,48,computed_co2_regression,3,20.83333396911621,history,24.35645294189453,2026-04-12T23:04:46.680Z,30.83333396911621
642,2026-04-12T23:04:52.701Z,2026-05-12T23:04:51.768Z,42.51696014404297,2,,3,나쁨,심각한 악화 (나쁨-3),3,,0,0,0,0.907,0.1107,48,48,computed_co2_regression,3,20.66666603088379,history,24.34577178955078,2026-04-12T23:04:52.701Z,31.41666603088379
643.6666870117188,2026-04-12T23:04:58.710Z,2026-05-12T23:04:57.787Z,42.66287612915039,2,,3,나쁨,심각한 악화 (나쁨-3),3,,0,0,0,0.9155,0.1023,48,48,computed_co2_regression,3,20.83333396911621,history,24.364463806152344,2026-04-12T23:04:58.710Z,32
645.3333129882812,2026-04-12T23:05:05.626Z,2026-05-12T23:05:04.681Z,42.79066848754883,2,,3,나쁨,심각한 악화 (나쁨-3),3,,0,0,0,0.917,0.0926,48,48,computed_co2_regression,3,21,history,24.379150390625,2026-04-12T23:05:05.626Z,32.66666793823242
647.3333129882812,2026-04-12T23:05:14.180Z,2026-05-12T23:05:13.200Z,42.637123107910156,2,,3,나쁨,심각한 악화 (나쁨-3),3,,0,0,0,0.9136,0.0871,48,48,computed_co2_regression,3,21.16666603088379,history,24.371139526367188,2026-04-12T23:05:14.180Z,33.41666793823242
648.6666870117188,2026-04-12T23:05:20.143Z,2026-05-12T23:05:19.210Z,42.517913818359375,2,,3,나쁨,심각한 악화 (나쁨-3),3,,0,0,0,0.9088,0.0798,48,48,computed_co2_regression,3,21,history,24.38048553466797,2026-04-12T23:05:20.143Z,34.16666793823242
650,2026-04-12T23:05:26.078Z,2026-05-12T23:05:25.154Z,42.746803283691406,2,,3,나쁨,심각한 악화 (나쁨-3),3,,0,0,0,0.9034,0.0764,48,48,computed_co2_regression,3,21.16666603088379,history,24.385826110839844,2026-04-12T23:05:26.078Z,34.91666793823242
651,2026-04-12T23:05:32.144Z,2026-05-12T23:05:31.203Z,43.160701751708984,2,,3,나쁨,심각한 악화 (나쁨-3),3,,0,0,0,0.8991,0.0711,48,48,computed_co2_regression,3,21.16666603088379,history,24.393836975097656,2026-04-12T23:05:32.144Z,35.66666793823242
652,2026-04-12T23:05:38.172Z,2026-05-12T23:05:37.150Z,43.609886169433594,2,,3,나쁨,심각한 악화 (나쁨-3),3,,0,0,0,0.8964,0.0584,48,48,computed_co2_regression,3,20.83333396911621,history,24.39116668701172,2026-04-12T23:05:38.172Z,36.5
653,2026-04-12T23:05:44.075Z,2026-05-12T23:05:43.145Z,43.35906982421875,2,,3,나쁨,심각한 악화 (나쁨-3),3,,0,0,0,0.8938,0.0509,48,48,computed_co2_regression,3,20.66666603088379,history,24.376480102539062,2026-04-12T23:05:44.075Z,37.25
654,2026-04-12T23:05:50.204Z,2026-05-12T23:05:49.277Z,42.787803649902344,2,,3,나쁨,심각한 악화 (나쁨-3),3,,0,0,0,0.8911,0.0378,48,48,computed_co2_regression,3,20.5,history,24.38849639892578,2026-04-12T23:05:50.204Z,38
654.6666870117188,2026-04-12T23:05:56.121Z,2026-05-12T23:05:55.192Z,42.83453369140625,2,,3,나쁨,심각한 악화 (나쁨-3),3,,0,0,0,0.8889,0.0217,48,48,computed_co2_regression,3,20.16666603088379,history,24.405853271484375,2026-04-12T23:05:56.121Z,38.75
655,2026-04-12T23:06:03.067Z,2026-05-12T23:06:02.052Z,43.07295608520508,2,,3,나쁨,심각한 악화 (나쁨-3),3,,0,0,0,0.8889,0.0103,48,48,computed_co2_regression,3,20,history,24.397842407226562,2026-04-12T23:06:03.067Z,39.5
655,2026-04-12T23:06:08.687Z,2026-05-12T23:06:07.764Z,43.13684844970703,2,,3,나쁨,심각한 악화 (나쁨-3),3,,0,0,0,0.8923,0.0054,48,48,computed_co2_regression,3,20,history,24.38849639892578,2026-04-12T23:06:08.687Z,40.16666793823242
654.6666870117188,2026-04-12T23:06:16.811Z,2026-05-12T23:06:15.884Z,42.886024475097656,2,,3,나쁨,심각한 악화 (나쁨-3),3,,0,0,0,0.9001,0.0023,48,48,computed_co2_regression,3,19.83333396911621,history,24.38048553466797,2026-04-12T23:06:16.811Z,40.83333206176758
653.3333129882812,2026-04-12T23:06:22.774Z,2026-05-12T23:06:21.691Z,42.838340759277344,2,,3,나쁨,심각한 악화 (나쁨-3),3,,0,0,0,0.91,0.0002,48,48,computed_co2_regression,3,19.66666603088379,history,24.373809814453125,2026-04-12T23:06:22.774Z,41.41666793823242
651.3333129882812,2026-04-12T23:06:28.772Z,2026-05-12T23:06:27.634Z,42.933712005615234,2,,3,나쁨,심각한 악화 (나쁨-3),3,,0,0,0.026,0.9175,0.0007,48,48,computed_co2_regression,3,19.5,history,24.387161254882812,2026-04-12T23:06:28.772Z,42
649.6666870117188,2026-04-12T23:06:34.614Z,2026-05-12T23:06:33.663Z,42.743927001953125,2,,3,나쁨,심각한 악화 (나쁨-3),3,,0,0,0.047,0.9201,0.0023,48,48,computed_co2_regression,3,19.66666603088379,history,24.392501831054688,2026-04-12T23:06:34.614Z,42.5
649,2026-04-12T23:06:40.636Z,2026-05-12T23:06:39.722Z,42.53411102294922,2,,3,나쁨,심각한 악화 (나쁨-3),3,,0,0,0.065,0.9185,0.0041,48,48,computed_co2_regression,3,19.66666603088379,history,24.397842407226562,2026-04-12T23:06:40.636Z,43
649,2026-04-12T23:06:46.697Z,2026-05-12T23:06:45.628Z,42.3891487121582,2,,3,나쁨,심각한 악화 (나쁨-3),3,,0,0,0.065,0.9145,0.0042,48,48,computed_co2_regression,3,19.83333396911621,history,24.403182983398438,2026-04-12T23:06:46.697Z,43.58333206176758
649,2026-04-12T23:06:52.794Z,2026-05-12T23:06:51.726Z,42.68097686767578,2,,3,나쁨,심각한 악화 (나쁨-3),3,,0,0,0.063,0.908,0.0039,48,48,computed_co2_regression,3,20.16666603088379,history,24.40985870361328,2026-04-12T23:06:52.794Z,44.16666793823242
648.6666870117188,2026-04-12T23:06:58.567Z,2026-05-12T23:06:57.619Z,42.82975769042969,2,,3,나쁨,심각한 악화 (나쁨-3),3,,0,0,0.059,0.8978,0.0034,48,48,computed_co2_regression,3,20.16666603088379,history,24.41252899169922,2026-04-12T23:06:58.567Z,44.75
648.3333129882812,2026-04-12T23:07:05.503Z,2026-05-12T23:07:04.550Z,42.69719696044922,2,,3,나쁨,심각한 악화 (나쁨-3),3,,0,0,0.059,0.8852,0.0037,49,49,computed_co2_regression,3,20.33333396911621,history,24.396507263183594,2026-04-12T23:07:05.503Z,45.33333206176758
648,2026-04-12T23:07:11.675Z,2026-05-12T23:07:10.707Z,42.61041259765625,2,,3,나쁨,심각한 악화 (나쁨-3),3,,0,0,0.054,0.8687,0.003,49,49,computed_co2_regression,3,20.16666603088379,history,24.384490966796875,2026-04-12T23:07:11.675Z,45.91666793823242
648,2026-04-12T23:07:18.966Z,2026-05-12T23:07:18.027Z,42.59801483154297,2,,3,나쁨,심각한 악화 (나쁨-3),3,,0,0,0.114,0.8436,0.0127,48,48,computed_co2_regression,3,19.83333396911621,history,24.4005126953125,2026-04-12T23:07:18.966Z,46.5
648,2026-04-12T23:07:24.682Z,2026-05-12T23:07:23.759Z,42.811641693115234,2,,3,나쁨,심각한 악화 (나쁨-3),3,,0,0,0.218,0.8201,0.0444,48,48,computed_co2_regression,3,19.5,history,24.385826110839844,2026-04-12T23:07:24.682Z,47.16666793823242
649.3333129882812,2026-04-12T23:07:30.780Z,2026-05-12T23:07:29.855Z,42.984256744384766,2,,3,나쁨,심각한 악화 (나쁨-3),3,,0,0,0.333,0.8001,0.0973,48,48,computed_co2_regression,3,19.33333396911621,history,24.37781524658203,2026-04-12T23:07:30.780Z,47.83333206176758
651.3333129882812,2026-04-12T23:07:36.691Z,2026-05-12T23:07:35.732Z,42.85741424560547,2,,3,나쁨,심각한 악화 (나쁨-3),3,,0,0,0.485,0.7852,0.1956,48,48,computed_co2_regression,3,19.16666603088379,history,24.407188415527344,2026-04-12T23:07:36.691Z,48.58333206176758
654.3333129882812,2026-04-12T23:07:43.769Z,2026-05-12T23:07:41.812Z,42.67430877685547,2,,3,나쁨,심각한 악화 (나쁨-3),3,,0,0,0.623,0.7774,0.3016,48,48,computed_co2_regression,3,19.16666603088379,history,24.40184783935547,2026-04-12T23:07:43.769Z,49.25
657,2026-04-12T23:07:50.403Z,2026-05-12T23:07:48.623Z,42.662864685058594,2,,3,나쁨,심각한 악화 (나쁨-3),3,,0,0,0.697,0.7737,0.3608,48,48,computed_co2_regression,3,19.5,history,24.395172119140625,2026-04-12T23:07:50.403Z,50
659,2026-04-12T23:07:56.280Z,2026-05-12T23:07:55.064Z,42.68098831176758,2,,3,나쁨,심각한 악화 (나쁨-3),3,,0,0,0.743,0.7721,0.3996,48,48,computed_co2_regression,3,19.66666603088379,history,24.385826110839844,2026-04-12T23:07:56.280Z,50.75
660,2026-04-12T23:08:03.120Z,2026-05-12T23:08:01.979Z,42.58562088012695,2,,3,나쁨,심각한 악화 (나쁨-3),3,,0,0,0.763,0.771,0.4139,48,48,computed_co2_regression,3,19.66666603088379,history,24.387161254882812,2026-04-12T23:08:03.120Z,51.5
660,2026-04-12T23:08:09.282Z,2026-05-12T23:08:08.177Z,42.56177520751953,2,,3,나쁨,심각한 악화 (나쁨-3),3,,0,0,0.803,0.7702,0.439,48,48,computed_co2_regression,3,19.33333396911621,history,24.408523559570312,2026-04-12T23:08:09.282Z,52.16666793823242
659.6666870117188,2026-04-12T23:08:16.485Z,2026-05-12T23:08:15.060Z,42.67335510253906,2,,3,나쁨,심각한 악화 (나쁨-3),3,,0,0,0.815,0.7692,0.4467,48,48,computed_co2_regression,3,19.5,history,24.41252899169922,2026-04-12T23:08:16.485Z,52.83333206176758
658.6666870117188,2026-04-12T23:08:24.010Z,2026-05-12T23:08:23.046Z,42.5674934387207,2,,3,나쁨,심각한 악화 (나쁨-3),3,,0,0,0.834,0.7658,0.4583,48,48,computed_co2_regression,3,19.33333396911621,history,24.40184783935547,2026-04-12T23:08:24.010Z,53.5
657.6666870117188,2026-04-12T23:08:30.214Z,2026-05-12T23:08:29.119Z,42.34624099731445,2,,3,나쁨,심각한 악화 (나쁨-3),3,,0,0,0.886,0.7585,0.4911,48,48,computed_co2_regression,3,19.16666603088379,history,24.397842407226562,2026-04-12T23:08:30.214Z,54.16666793823242
656.6666870117188,2026-04-12T23:08:36.729Z,2026-05-12T23:08:35.741Z,42.44256591796875,2,,3,나쁨,심각한 악화 (나쁨-3),3,,0,0,0.921,0.7467,0.5201,48,48,computed_co2_regression,3,19.5,history,24.397842407226562,2026-04-12T23:08:36.729Z,54.83333206176758
655.6666870117188,2026-04-12T23:08:42.899Z,2026-05-12T23:08:41.780Z,42.782081604003906,2,,3,나쁨,심각한 악화 (나쁨-3),3,,0,0,0.929,0.7294,0.5294,48,48,computed_co2_regression,3,20,history,24.413864135742188,2026-04-12T23:08:42.899Z,55.41666793823242
655,2026-04-12T23:08:48.887Z,2026-05-12T23:08:47.721Z,42.87936019897461,2,,3,나쁨,심각한 악화 (나쁨-3),3,,0,0,0.925,0.7075,0.5253,48,48,computed_co2_regression,3,20.33333396911621,history,24.421875,2026-04-12T23:08:48.887Z,55.91666793823242
655,2026-04-12T23:08:54.804Z,2026-05-12T23:08:53.712Z,42.74011993408203,2,,3,나쁨,심각한 악화 (나쁨-3),3,,0,0,0.911,0.6841,0.5071,48,48,computed_co2_regression,3,20.5,history,24.424545288085938,2026-04-12T23:08:54.804Z,56.33333206176758
655.6666870117188,2026-04-12T23:09:00.860Z,2026-05-12T23:08:59.777Z,42.60755157470703,2,,3,나쁨,심각한 악화 (나쁨-3),3,,0,0,0.864,0.6627,0.4414,48,48,computed_co2_regression,3,21,history,24.425880432128906,2026-04-12T23:09:00.860Z,56.83333206176758
656,2026-04-12T23:09:07.414Z,2026-05-12T23:09:06.423Z,42.586570739746094,2,,3,나쁨,심각한 악화 (나쁨-3),3,,0,0,0.76,0.642,0.3161,48,48,computed_co2_regression,3,21.5,history,24.425880432128906,2026-04-12T23:09:07.414Z,57.33333206176758
656,2026-04-12T23:09:14.352Z,2026-05-12T23:09:13.230Z,42.720088958740234,2,,3,나쁨,심각한 악화 (나쁨-3),3,,0,0,0.635,0.6201,0.203,48,48,computed_co2_regression,3,21.66666603088379,history,24.428550720214844,2026-04-12T23:09:14.352Z,57.75
656,2026-04-12T23:09:20.232Z,2026-05-12T23:09:19.129Z,42.75346755981445,2,,3,나쁨,심각한 악화 (나쁨-3),3,,0,0,0.513,0.5966,0.1255,48,48,computed_co2_regression,3,21.5,history,24.429885864257812,2026-04-12T23:09:20.232Z,58.16666793823242
656,2026-04-12T23:09:27.366Z,2026-05-12T23:09:26.379Z,42.667633056640625,2,,3,나쁨,심각한 악화 (나쁨-3),3,,0,0,0.38,0.5709,0.0676,48,48,computed_co2_regression,3,21.33333396911621,history,24.424545288085938,2026-04-12T23:09:27.366Z,58.66666793823242
655.6666870117188,2026-04-12T23:09:33.071Z,2026-05-12T23:09:32.109Z,42.594200134277344,2,,3,나쁨,심각한 악화 (나쁨-3),3,,0,0,0.272,0.5414,0.0353,48,48,computed_co2_regression,3,20.83333396911621,history,24.40985870361328,2026-04-12T23:09:33.071Z,59.25
655,2026-04-12T23:09:39.118Z,2026-05-12T23:09:38.160Z,42.52172088623047,2,,3,나쁨,심각한 악화 (나쁨-3),3,,0,0,0.21,0.5059,0.0216,48,48,computed_co2_regression,3,20.33333396911621,history,24.417869567871094,2026-04-12T23:09:39.118Z,59.91666793823242
654,2026-04-12T23:09:45.566Z,2026-05-12T23:09:44.628Z,42.70101547241211,2,,3,나쁨,심각한 악화 (나쁨-3),3,,0,0,0.183,0.46,0.0166,48,48,computed_co2_regression,3,19.83333396911621,history,24.42053985595703,2026-04-12T23:09:45.566Z,60.66666793823242
653.3333129882812,2026-04-12T23:09:51.681Z,2026-05-12T23:09:50.703Z,42.72390365600586,2,,3,나쁨,심각한 악화 (나쁨-3),3,,0,0,0.213,0.4046,0.0219,48,48,computed_co2_regression,3,19.16666603088379,history,24.425880432128906,2026-04-12T23:09:51.681Z,61.41666793823242
653,2026-04-12T23:09:57.546Z,2026-05-12T23:09:56.614Z,42.51885986328125,2,,3,나쁨,심각한 악화 (나쁨-3),3,,0,0,0.275,0.3432,0.0342,48,48,computed_co2_regression,3,18.83333396911621,history,24.43255615234375,2026-04-12T23:09:57.546Z,62.16666793823242
654.3333129882812,2026-04-12T23:10:04.475Z,2026-05-12T23:10:03.535Z,42.666683197021484,2,,3,나쁨,심각한 악화 (나쁨-3),3,,0,0,0.333,0.2943,0.0469,48,48,computed_co2_regression,3,18.66666603088379,history,24.417869567871094,2026-04-12T23:10:04.475Z,63
656,2026-04-12T23:10:10.669Z,2026-05-12T23:10:09.741Z,42.911781311035156,2,,3,나쁨,심각한 악화 (나쁨-3),3,,0,0,0.359,0.2623,0.053,48,48,computed_co2_regression,3,18.83333396911621,history,24.419204711914062,2026-04-12T23:10:10.669Z,63.91666793823242
658,2026-04-12T23:10:17.669Z,2026-05-12T23:10:16.561Z,42.902244567871094,2,,3,나쁨,심각한 악화 (나쁨-3),3,,0,0,0.354,0.2514,0.0521,48,48,computed_co2_regression,3,19,history,24.413864135742188,2026-04-12T23:10:17.669Z,64.75
658.6666870117188,2026-04-12T23:10:23.791Z,2026-05-12T23:10:22.713Z,42.827857971191406,2,,3,나쁨,심각한 악화 (나쁨-3),3,,0,0,0.342,0.2493,0.0492,48,48,computed_co2_regression,3,19.16666603088379,history,24.425880432128906,2026-04-12T23:10:23.791Z,65.5
659,2026-04-12T23:10:30.967Z,2026-05-12T23:10:30.025Z,42.739158630371094,2,,3,나쁨,심각한 악화 (나쁨-3),3,,0,0,0.3,0.2555,0.0395,48,48,computed_co2_regression,3,19.33333396911621,history,24.439231872558594,2026-04-12T23:10:30.967Z,66.25
659,2026-04-12T23:10:36.673Z,2026-05-12T23:10:35.731Z,42.660003662109375,2,,3,나쁨,심각한 악화 (나쁨-3),3,,0,0,0.253,0.2666,0.0293,48,48,computed_co2_regression,3,19.33333396911621,history,24.429885864257812,2026-04-12T23:10:36.673Z,67
658.6666870117188,2026-04-12T23:10:42.809Z,2026-05-12T23:10:41.870Z,42.65046691894531,2,,3,나쁨,심각한 악화 (나쁨-3),3,,0,0,0.235,0.2814,0.0259,48,48,computed_co2_regression,3,19.16666603088379,history,24.427215576171875,2026-04-12T23:10:42.809Z,67.66666412353516
658,2026-04-12T23:10:48.641Z,2026-05-12T23:10:47.709Z,42.78779983520508,2,,3,나쁨,심각한 악화 (나쁨-3),3,,0,0,0.25,0.2989,0.0288,48,48,computed_co2_regression,3,18.83333396911621,history,24.427215576171875,2026-04-12T23:10:48.641Z,68.25
657,2026-04-12T23:10:54.705Z,2026-05-12T23:10:53.743Z,42.8984260559082,2,,3,나쁨,심각한 악화 (나쁨-3),3,,0,0,0.31,0.3174,0.0411,48,48,computed_co2_regression,3,18.33333396911621,history,24.424545288085938,2026-04-12T23:10:54.705Z,68.66666412353516
656.3333129882812,2026-04-12T23:11:00.808Z,2026-05-12T23:10:59.826Z,42.907005310058594,2,,3,나쁨,심각한 악화 (나쁨-3),3,,0,0,0.427,0.3368,0.068,48,48,computed_co2_regression,3,17.83333396911621,history,24.424545288085938,2026-04-12T23:11:00.808Z,69.08333587646484
657,2026-04-12T23:11:07.459Z,2026-05-12T23:11:06.531Z,42.91368103027344,2,,3,나쁨,심각한 악화 (나쁨-3),3,,0,0,0.549,0.3659,0.1001,48,48,computed_co2_regression,3,17.83333396911621,history,24.439231872558594,2026-04-12T23:11:07.459Z,69.5
658.6666870117188,2026-04-12T23:11:14.532Z,2026-05-12T23:11:13.599Z,43.02812194824219,2,,3,나쁨,심각한 악화 (나쁨-3),3,,0,0,0.651,0.4087,0.13,48,48,computed_co2_regression,3,18,history,24.449913024902344,2026-04-12T23:11:14.532Z,70
661.3333129882812,2026-04-12T23:11:20.676Z,2026-05-12T23:11:19.732Z,42.914634704589844,2,,3,나쁨,심각한 악화 (나쁨-3),3,,0,0,0.72,0.4614,0.1536,48,48,computed_co2_regression,3,18.5,history,24.44457244873047,2026-04-12T23:11:20.676Z,70.5
663.3333129882812,2026-04-12T23:11:26.594Z,2026-05-12T23:11:25.650Z,42.603729248046875,2,,3,나쁨,심각한 악화 (나쁨-3),3,,0,0,0.759,0.5027,0.1691,48,48,computed_co2_regression,3,19,history,24.435226440429688,2026-04-12T23:11:26.594Z,71
664.6666870117188,2026-04-12T23:11:33.982Z,2026-05-12T23:11:33.043Z,42.68098068237305,2,,3,나쁨,심각한 악화 (나쁨-3),3,,0,0,0.783,0.5254,0.1798,48,48,computed_co2_regression,3,19.33333396911621,history,24.448577880859375,2026-04-12T23:11:33.982Z,71.5
665.3333129882812,2026-04-12T23:11:40.154Z,2026-05-12T23:11:39.072Z,42.86599349975586,2,,3,나쁨,심각한 악화 (나쁨-3),3,,0,0,0.781,0.5362,0.1793,48,48,computed_co2_regression,3,19.5,history,24.439231872558594,2026-04-12T23:11:40.154Z,72
665.6666870117188,2026-04-12T23:11:45.971Z,2026-05-12T23:11:45.034Z,42.919395446777344,2,,3,나쁨,심각한 악화 (나쁨-3),3,,0,0,0.78,0.5427,0.1786,48,48,computed_co2_regression,3,19.5,history,24.42321014404297,2026-04-12T23:11:45.971Z,72.58333587646484
665.3333129882812,2026-04-12T23:11:52.160Z,2026-05-12T23:11:51.225Z,42.85645294189453,2,,3,나쁨,심각한 악화 (나쁨-3),3,,0,0,0.79,0.5471,0.1827,48,48,computed_co2_regression,3,19.16666603088379,history,24.439231872558594,2026-04-12T23:11:52.160Z,73.08333587646484
664.6666870117188,2026-04-12T23:11:58.008Z,2026-05-12T23:11:57.071Z,42.76966857910156,2,,3,나쁨,심각한 악화 (나쁨-3),3,,0,0,0.786,0.5482,0.1809,48,48,computed_co2_regression,3,19,history,24.449913024902344,2026-04-12T23:11:58.008Z,73.66666412353516
663.6666870117188,2026-04-12T23:12:05.066Z,2026-05-12T23:12:03.988Z,42.96421813964844,2,,3,나쁨,심각한 악화 (나쁨-3),3,,0,0,0.778,0.5427,0.1778,48,48,computed_co2_regression,3,19,history,24.448577880859375,2026-04-12T23:12:05.066Z,74.33333587646484
663,2026-04-12T23:12:11.187Z,2026-05-12T23:12:10.216Z,43.43724822998047,2,,3,나쁨,심각한 악화 (나쁨-3),3,,0,0,0.729,0.5313,0.1587,48,48,computed_co2_regression,3,19.33333396911621,history,24.447242736816406,2026-04-12T23:12:11.187Z,75.08333587646484
661.6666870117188,2026-04-12T23:12:17.848Z,2026-05-12T23:12:16.916Z,43.42961883544922,2,,3,나쁨,심각한 악화 (나쁨-3),3,,0,0,0.69,0.5093,0.1434,48,48,computed_co2_regression,3,19.33333396911621,history,24.445907592773438,2026-04-12T23:12:17.848Z,75.75
660,2026-04-12T23:12:23.767Z,2026-05-12T23:12:22.830Z,42.893638610839844,2,,3,나쁨,심각한 악화 (나쁨-3),3,,0,0,0.66,0.472,0.1318,48,48,computed_co2_regression,3,19.5,history,24.451248168945312,2026-04-12T23:12:23.767Z,76.41666412353516
658.3333129882812,2026-04-12T23:12:29.780Z,2026-05-12T23:12:28.844Z,42.60276794433594,2,,3,나쁨,심각한 악화 (나쁨-3),3,,0,0,0.631,0.4143,0.1199,48,48,computed_co2_regression,3,19.83333396911621,history,24.46326446533203,2026-04-12T23:12:29.780Z,77.08333587646484
657,2026-04-12T23:12:36.885Z,2026-05-12T23:12:35.952Z,42.69813919067383,2,,3,나쁨,심각한 악화 (나쁨-3),3,,0,0,0.592,0.3376,0.104,48,48,computed_co2_regression,3,20.16666603088379,history,24.460594177246094,2026-04-12T23:12:36.885Z,77.83333587646484
656,2026-04-12T23:12:42.707Z,2026-05-12T23:12:41.772Z,42.69718551635742,2,,3,나쁨,심각한 악화 (나쁨-3),3,,0,0,0.545,0.254,0.0861,48,48,computed_co2_regression,3,20.5,history,24.445907592773438,2026-04-12T23:12:42.707Z,78.58333587646484
655.6666870117188,2026-04-12T23:12:48.642Z,2026-05-12T23:12:47.705Z,42.70671844482422,2,,3,나쁨,심각한 악화 (나쁨-3),3,,0,0,0.502,0.1899,0.0716,48,48,computed_co2_regression,3,20.5,history,24.445907592773438,2026-04-12T23:12:48.642Z,79.5
655.6666870117188,2026-04-12T23:12:54.675Z,2026-05-12T23:12:53.692Z,43.08342361450195,2,,3,나쁨,심각한 악화 (나쁨-3),3,,0,0,0.437,0.1527,0.053,48,48,computed_co2_regression,3,20.5,history,24.461929321289062,2026-04-12T23:12:54.675Z,80.58333587646484
656.3333129882812,2026-04-12T23:13:01.761Z,2026-05-12T23:13:00.829Z,43.14923095703125,2,,3,나쁨,심각한 악화 (나쁨-3),3,,0,0,0.385,0.1418,0.0407,48,48,computed_co2_regression,3,20.16666603088379,history,24.469940185546875,2026-04-12T23:13:01.761Z,81.66666412353516
657.3333129882812,2026-04-12T23:13:07.657Z,2026-05-12T23:13:06.533Z,42.867897033691406,2,,3,나쁨,심각한 악화 (나쁨-3),3,,0,0,0.359,0.1499,0.0353,48,48,computed_co2_regression,3,19.83333396911621,history,24.464599609375,2026-04-12T23:13:07.657Z,82.91666412353516
658,2026-04-12T23:13:14.485Z,2026-05-12T23:13:13.540Z,42.802093505859375,2,,3,나쁨,심각한 악화 (나쁨-3),3,,0,0,0.384,0.1652,0.0404,48,48,computed_co2_regression,3,19.5,history,24.45258331298828,2026-04-12T23:13:14.485Z,84.25
658.3333129882812,2026-04-12T23:13:20.595Z,2026-05-12T23:13:19.587Z,42.65617370605469,2,,3,나쁨,심각한 악화 (나쁨-3),3,,0,0,0.409,0.1815,0.0457,48,48,computed_co2_regression,3,19.33333396911621,history,24.457923889160156,2026-04-12T23:13:20.595Z,85.75
658,2026-04-12T23:13:26.588Z,2026-05-12T23:13:25.560Z,42.51121520996094,2,,3,나쁨,심각한 악화 (나쁨-3),3,,0,0,0.458,0.1855,0.0572,48,48,computed_co2_regression,3,19.16666603088379,history,24.457923889160156,2026-04-12T23:13:26.588Z,87.33333587646484
657.6666870117188,2026-04-12T23:13:32.672Z,2026-05-12T23:13:31.733Z,42.77824783325195,2,,3,나쁨,심각한 악화 (나쁨-3),3,,0,0,0.508,0.1773,0.0705,48,48,computed_co2_regression,3,19.33333396911621,history,24.451248168945312,2026-04-12T23:13:32.672Z,89.08333587646484
656.6666870117188,2026-04-12T23:13:40.367Z,2026-05-12T23:13:39.427Z,43.22457504272461,2,,3,나쁨,심각한 악화 (나쁨-3),3,,0,0,0.519,0.1516,0.0737,48,48,computed_co2_regression,3,19.5,history,24.459259033203125,2026-04-12T23:13:40.367Z,90.91666412353516
655.3333129882812,2026-04-12T23:13:46.266Z,2026-05-12T23:13:45.191Z,43.310401916503906,2,,3,나쁨,심각한 악화 (나쁨-3),3,,0,0,0.48,0.1101,0.0632,48,48,computed_co2_regression,3,19.66666603088379,history,24.460594177246094,2026-04-12T23:13:46.266Z,92.75
654,2026-04-12T23:13:52.352Z,2026-05-12T23:13:51.270Z,43.07102584838867,2,,3,나쁨,심각한 악화 (나쁨-3),3,,0,0,0.402,0.0633,0.045,48,48,computed_co2_regression,3,19.83333396911621,history,24.45525360107422,2026-04-12T23:13:52.352Z,94.58333587646484
653.3333129882812,2026-04-12T23:13:58.084Z,2026-05-12T23:13:57.151Z,42.969932556152344,2,,3,나쁨,심각한 악화 (나쁨-3),3,,0,0,0.323,0.0272,0.0297,48,48,computed_co2_regression,3,19.66666603088379,history,24.45525360107422,2026-04-12T23:13:58.084Z,96.5
653.3333129882812,2026-04-12T23:14:05.061Z,2026-05-12T23:14:04.062Z,42.85835266113281,2,,3,나쁨,심각한 악화 (나쁨-3),3,,0,0,0.217,0.0077,0.0141,48,48,computed_co2_regression,3,19.5,history,24.45525360107422,2026-04-12T23:14:05.061Z,98.41666412353516
654.3333129882812,2026-04-12T23:14:11.178Z,2026-05-12T23:14:10.241Z,42.73246765136719,2,,3,나쁨,심각한 악화 (나쁨-3),3,,0,0,0.095,0.0008,0.003,48,48,computed_co2_regression,3,19.16666603088379,history,24.469940185546875,2026-04-12T23:14:11.178Z,100.41666412353516
655.3333129882812,2026-04-12T23:14:18.053Z,2026-05-12T23:14:16.965Z,42.82402038574219,1.994,,2.994,나쁨,중간수준 악화 (나쁨-2),2.994,,0.012,0.012,0,0.0004,0.0012,48,48,computed_co2_regression,3,19.33333396911621,history,24.481956481933594,2026-04-12T23:14:18.053Z,102.5
656,2026-04-12T23:14:24.281Z,2026-05-12T23:14:23.196Z,43.04241180419922,1.982,,2.982,나쁨,중간수준 악화 (나쁨-2),2.982,,0.037,0.037,0,0.0037,0.0213,48,48,computed_co2_regression,3,19.5,history,24.47528076171875,2026-04-12T23:14:24.281Z,104.58333587646484
656.3333129882812,2026-04-12T23:14:30.075Z,2026-05-12T23:14:29.136Z,43.04431915283203,1.971,,2.971,나쁨,중간수준 악화 (나쁨-2),2.971,,0.059,0.059,0,0.0096,0.0729,48,48,computed_co2_regression,3,19.5,history,24.488632202148438,2026-04-12T23:14:30.075Z,106.66666412353516
657.3333129882812,2026-04-12T23:14:36.084Z,2026-05-12T23:14:35.135Z,42.90508270263672,1.961,,2.961,나쁨,중간수준 악화 (나쁨-2),2.961,,0.078,0.078,0,0.0168,0.1378,48,48,computed_co2_regression,3,19.33333396911621,history,24.481956481933594,2026-04-12T23:14:36.084Z,108.66666412353516
659,2026-04-12T23:14:45.089Z,2026-05-12T23:14:44.152Z,42.87742614746094,1.955,,2.955,나쁨,중간수준 악화 (나쁨-2),2.955,,0.09,0.09,0,0.0232,0.1979,48,48,computed_co2_regression,3,19.33333396911621,history,24.479286193847656,2026-04-12T23:14:45.089Z,110.66666412353516
660.6666870117188,2026-04-12T23:14:51.090Z,2026-05-12T23:14:50.157Z,43.25889587402344,1.95,,2.95,나쁨,중간수준 악화 (나쁨-2),2.95,,0.101,0.101,0,0.0294,0.2437,48,48,computed_co2_regression,3,19.5,history,24.480621337890625,2026-04-12T23:14:51.090Z,112.66666412353516
662.3333129882812,2026-04-12T23:14:57.208Z,2026-05-12T23:14:56.116Z,43.34949493408203,1.947,,2.947,나쁨,중간수준 악화 (나쁨-2),2.947,,0.107,0.107,0,0.0338,0.2483,48,48,computed_co2_regression,3,19.5,history,24.469940185546875,2026-04-12T23:14:57.208Z,114.58333587646484
663.3333129882812,2026-04-12T23:15:04.061Z,2026-05-12T23:15:03.123Z,42.87551498413086,1.944,,2.944,나쁨,중간수준 악화 (나쁨-2),2.944,,0.112,0.112,0,0.0374,0.2427,48,48,computed_co2_regression,3,19.66666603088379,history,24.472610473632812,2026-04-12T23:15:04.061Z,116.5
664,2026-04-12T23:15:10.214Z,2026-05-12T23:15:09.132Z,42.62183380126953,1.947,,2.947,나쁨,중간수준 악화 (나쁨-2),2.947,,0.106,0.106,0,0.0335,0.2425,48,48,computed_co2_regression,3,20,history,24.480621337890625,2026-04-12T23:15:10.214Z,118.33333587646484
664,2026-04-12T23:15:16.799Z,2026-05-12T23:15:15.814Z,42.42728042602539,1.954,,2.954,나쁨,중간수준 악화 (나쁨-2),2.954,,0.093,0.093,0,0.0248,0.2679,48,48,computed_co2_regression,3,20.66666603088379,history,24.488632202148438,2026-04-12T23:15:16.799Z,121.5
663.6666870117188,2026-04-12T23:15:22.687Z,2026-05-12T23:15:21.764Z,42.408206939697266,1.965,,2.965,나쁨,중간수준 악화 (나쁨-2),2.965,,0.071,0.071,0,0.0139,0.3048,48,48,computed_co2_regression,3,21,history,24.48729705810547,2026-04-12T23:15:22.687Z,122.75
662.6666870117188,2026-04-12T23:15:28.780Z,2026-05-12T23:15:27.699Z,42.514068603515625,1.974,,2.974,나쁨,중간수준 악화 (나쁨-2),2.974,,0.052,0.052,0,0.0074,0.351,48,48,computed_co2_regression,3,21.33333396911621,history,24.479286193847656,2026-04-12T23:15:28.780Z,123.75
661.3333129882812,2026-04-12T23:15:34.781Z,2026-05-12T23:15:33.696Z,42.67428970336914,1.98,,2.98,나쁨,중간수준 악화 (나쁨-2),2.98,,0.04,0.04,0,0.0044,0.4044,48,48,computed_co2_regression,3,21.66666603088379,history,24.48729705810547,2026-04-12T23:15:34.781Z,124.5
660,2026-04-12T23:15:40.662Z,2026-05-12T23:15:39.676Z,42.8507194519043,1.982,,2.982,나쁨,중간수준 악화 (나쁨-2),2.982,,0.037,0.037,0,0.0037,0.4554,48,48,computed_co2_regression,3,21.66666603088379,history,24.488632202148438,2026-04-12T23:15:40.662Z,125
659.3333129882812,2026-04-12T23:15:48.359Z,2026-05-12T23:15:47.421Z,42.865020751953125,1.98,,2.98,나쁨,중간수준 악화 (나쁨-2),2.98,,0.04,0.04,0,0.0044,0.4958,48,48,computed_co2_regression,3,21.66666603088379,history,24.477951049804688,2026-04-12T23:15:48.359Z,125.25
658.6666870117188,2026-04-12T23:15:54.193Z,2026-05-12T23:15:53.264Z,42.80780029296875,1.974,,2.974,나쁨,중간수준 악화 (나쁨-2),2.974,,0.052,0.052,0,0.0073,0.5183,48,48,computed_co2_regression,3,21.5,history,24.492637634277344,2026-04-12T23:15:54.193Z,125.25
658,2026-04-12T23:16:00.125Z,2026-05-12T23:15:59.192Z,42.71623992919922,1.963,,2.963,나쁨,중간수준 악화 (나쁨-2),2.963,,0.074,0.074,0,0.015,0.525,48,48,computed_co2_regression,3,21.66666603088379,history,24.481956481933594,2026-04-12T23:16:00.125Z,125.08333587646484
657.3333129882812,2026-04-12T23:16:07.171Z,2026-05-12T23:16:06.006Z,42.67046356201172,1.947,,2.948,나쁨,중간수준 악화 (나쁨-2),2.948,,0.105,0.105,0,0.0303,0.5235,48,48,computed_co2_regression,3,21.66666603088379,history,24.479286193847656,2026-04-12T23:16:07.171Z,124.83333587646484
657,2026-04-12T23:16:14.538Z,2026-05-12T23:16:13.596Z,42.77060317993164,1.934,,2.934,나쁨,중간수준 악화 (나쁨-2),2.934,,0.133,0.133,0,0.0493,0.5195,48,48,computed_co2_regression,3,21.5,history,24.49530792236328,2026-04-12T23:16:14.538Z,124.41666412353516
657.3333129882812,2026-04-12T23:16:20.679Z,2026-05-12T23:16:19.578Z,42.807796478271484,1.926,,2.926,나쁨,중간수준 악화 (나쁨-2),2.926,,0.149,0.149,0,0.0617,0.5121,48,48,computed_co2_regression,3,21.33333396911621,history,24.49664306640625,2026-04-12T23:16:20.679Z,123.91666412353516
658,2026-04-12T23:16:26.465Z,2026-05-12T23:16:25.515Z,42.69525909423828,1.928,,2.928,나쁨,중간수준 악화 (나쁨-2),2.928,,0.145,0.145,0,0.058,0.4943,48,48,computed_co2_regression,3,20.83333396911621,history,24.500648498535156,2026-04-12T23:16:26.465Z,123.41666412353516
659,2026-04-12T23:16:32.672Z,2026-05-12T23:16:31.673Z,42.599891662597656,1.94,,2.94,나쁨,중간수준 악화 (나쁨-2),2.94,,0.12,0.12,0,0.0415,0.4729,48,48,computed_co2_regression,3,20.5,history,24.50732421875,2026-04-12T23:16:32.672Z,123
659.6666870117188,2026-04-12T23:16:38.533Z,2026-05-12T23:16:37.606Z,42.682865142822266,1.959,,2.959,나쁨,중간수준 악화 (나쁨-2),2.959,,0.083,0.083,0,0.0209,0.4611,48,48,computed_co2_regression,3,20.5,history,24.499313354492188,2026-04-12T23:16:38.533Z,122.58333587646484
660.3333129882812,2026-04-12T23:16:44.812Z,2026-05-12T23:16:43.734Z,42.73531723022461,1.982,,2.982,나쁨,중간수준 악화 (나쁨-2),2.982,,0.037,0.037,0,0.0044,0.4543,48,48,computed_co2_regression,3,20.5,history,24.500648498535156,2026-04-12T23:16:44.812Z,122.25
660.3333129882812,2026-04-12T23:16:52.461Z,2026-05-12T23:16:51.532Z,43.07006072998047,2,,3,나쁨,심각한 악화 (나쁨-3),3,,0,0,0,0.0006,0.4526,48,48,computed_co2_regression,3,20.66666603088379,history,24.492637634277344,2026-04-12T23:16:52.461Z,122
660.3333129882812,2026-04-12T23:16:58.495Z,2026-05-12T23:16:57.566Z,43.469661712646484,2,,3,나쁨,심각한 악화 (나쁨-3),3,,0,0,0,0.0149,0.4362,48,48,computed_co2_regression,3,20.66666603088379,history,24.483291625976562,2026-04-12T23:16:58.495Z,121.83333587646484
660,2026-04-12T23:17:05.618Z,2026-05-12T23:17:04.530Z,43.4410514831543,2,,3,나쁨,심각한 악화 (나쁨-3),3,,0,0,0,0.0477,0.419,48,48,computed_co2_regression,3,20.83333396911621,history,24.509994506835938,2026-04-12T23:17:05.618Z,121.75
660,2026-04-12T23:17:11.672Z,2026-05-12T23:17:10.733Z,43.22455978393555,2,,3,나쁨,심각한 악화 (나쁨-3),3,,0,0,0,0.0949,0.3994,48,48,computed_co2_regression,3,20.83333396911621,history,24.504653930664062,2026-04-12T23:17:11.672Z,121.66666412353516
660,2026-04-12T23:17:18.493Z,2026-05-12T23:17:17.498Z,43.119659423828125,2,,3,나쁨,심각한 악화 (나쁨-3),3,,0,0,0,0.1551,0.3732,48,48,computed_co2_regression,3,20.5,history,24.491302490234375,2026-04-12T23:17:18.493Z,121.66666412353516
660,2026-04-12T23:17:24.446Z,2026-05-12T23:17:23.367Z,43.414344787597656,2,,3,나쁨,심각한 악화 (나쁨-3),3,,0,0,0,0.2125,0.329,48,48,computed_co2_regression,3,20.16666603088379,history,24.493972778320312,2026-04-12T23:17:24.446Z,121.75
660,2026-04-12T23:17:30.426Z,2026-05-12T23:17:29.343Z,43.3447265625,2,,3,나쁨,심각한 악화 (나쁨-3),3,,0,0,0,0.2521,0.2637,48,48,computed_co2_regression,3,19.66666603088379,history,24.50598907470703,2026-04-12T23:17:30.426Z,121.91666412353516
660,2026-04-12T23:17:36.324Z,2026-05-12T23:17:35.390Z,43.0042610168457,2,,3,나쁨,심각한 악화 (나쁨-3),3,,0,0,0,0.2693,0.208,48,48,computed_co2_regression,3,19.5,history,24.513999938964844,2026-04-12T23:17:36.324Z,122.16666412353516
660.3333129882812,2026-04-12T23:17:42.470Z,2026-05-12T23:17:41.513Z,42.97278594970703,2,,3,나쁨,심각한 악화 (나쁨-3),3,,0,0,0,0.2723,0.164,48,48,computed_co2_regression,3,19.33333396911621,history,24.500648498535156,2026-04-12T23:17:42.470Z,122.5
660.3333129882812,2026-04-12T23:17:48.259Z,2026-05-12T23:17:47.323Z,43.045265197753906,2,,3,나쁨,심각한 악화 (나쁨-3),3,,0,0,0,0.2629,0.1389,48,48,computed_co2_regression,3,19.33333396911621,history,24.504653930664062,2026-04-12T23:17:48.259Z,122.75
660.3333129882812,2026-04-12T23:17:55.314Z,2026-05-12T23:17:54.389Z,43.212158203125,2,,3,나쁨,심각한 악화 (나쁨-3),3,,0,0,0,0.2484,0.1118,48,48,computed_co2_regression,3,19.16666603088379,history,24.523345947265625,2026-04-12T23:17:55.314Z,123.08333587646484
660,2026-04-12T23:18:01.073Z,2026-05-12T23:18:00.141Z,43.41053009033203,2,,3,나쁨,심각한 악화 (나쁨-3),3,,0,0,0,0.2286,0.0902,48,48,computed_co2_regression,3,19.16666603088379,history,24.52735137939453,2026-04-12T23:18:01.073Z,123.5
659.6666870117188,2026-04-12T23:18:07.975Z,2026-05-12T23:18:06.953Z,43.427696228027344,2,,3,나쁨,심각한 악화 (나쁨-3),3,,0,0,0,0.2098,0.0606,48,48,computed_co2_regression,3,19,history,24.51667022705078,2026-04-12T23:18:07.975Z,123.91666412353516
659,2026-04-12T23:18:14.814Z,2026-05-12T23:18:13.876Z,43.31325149536133,2,,3,나쁨,심각한 악화 (나쁨-3),3,,0,0,0,0.1925,0.0303,48,48,computed_co2_regression,3,18.83333396911621,history,24.51667022705078,2026-04-12T23:18:14.814Z,124.25
658.3333129882812,2026-04-12T23:18:20.656Z,2026-05-12T23:18:19.713Z,43.188316345214844,2,,3,나쁨,심각한 악화 (나쁨-3),3,,0,0,0,0.1743,0.0061,48,48,computed_co2_regression,3,18.5,history,24.51667022705078,2026-04-12T23:18:20.656Z,124.5
657.6666870117188,2026-04-12T23:18:26.639Z,2026-05-12T23:18:25.692Z,43.0443115234375,2,,3,나쁨,심각한 악화 (나쁨-3),3,,0,0,0.071,0.1526,0.0014,48,48,computed_co2_regression,3,18,history,24.5286865234375,2026-04-12T23:18:26.639Z,124.75
657,2026-04-12T23:18:32.879Z,2026-05-12T23:18:31.746Z,42.99281311035156,2,,3,나쁨,심각한 악화 (나쁨-3),3,,0,0,0.333,0.1223,0.0261,48,48,computed_co2_regression,3,17.5,history,24.522010803222656,2026-04-12T23:18:32.879Z,124.75
656.3333129882812,2026-04-12T23:18:38.600Z,2026-05-12T23:18:37.661Z,43.030006408691406,2,,3,나쁨,심각한 악화 (나쁨-3),3,,0,0,0.605,0.087,0.0729,48,48,computed_co2_regression,3,17.16666603088379,history,24.501983642578125,2026-04-12T23:18:38.600Z,124.58333587646484
655.3333129882812,2026-04-12T23:18:44.752Z,2026-05-12T23:18:43.681Z,42.98518371582031,2,,3,나쁨,심각한 악화 (나쁨-3),3,,0,0,0.87,0.0457,0.1286,48,48,computed_co2_regression,3,17,history,24.512664794921875,2026-04-12T23:18:44.752Z,124.33333587646484
654.3333129882812,2026-04-12T23:18:50.736Z,2026-05-12T23:18:49.657Z,42.915565490722656,2,,3,나쁨,심각한 악화 (나쁨-3),3,,0,0,1.143,0.0107,0.1875,48,48,computed_co2_regression,3,16.66666603088379,history,24.524681091308594,2026-04-12T23:18:50.736Z,123.91666412353516
653.3333129882812,2026-04-12T23:18:58.069Z,2026-05-12T23:18:56.988Z,42.90507507324219,1.991,,2.992,나쁨,중간수준 악화 (나쁨-2),2.992,,0.017,0.017,1.395,0.0013,0.2431,48,48,computed_co2_regression,3,16.66666603088379,history,24.53803253173828,2026-04-12T23:18:58.069Z,123.33333587646484
653,2026-04-12T23:19:05.078Z,2026-05-12T23:19:04.136Z,42.91270446777344,1.956,,2.956,나쁨,중간수준 악화 (나쁨-2),2.956,,0.088,0.088,1.637,0.0355,0.3012,48,48,computed_co2_regression,3,16.83333396911621,history,24.534027099609375,2026-04-12T23:19:05.078Z,122.58333587646484
653.3333129882812,2026-04-12T23:19:11.190Z,2026-05-12T23:19:10.108Z,42.88409423828125,1.922,,2.922,나쁨,중간수준 악화 (나쁨-2),2.922,,0.157,0.157,1.84,0.1128,0.3576,48,48,computed_co2_regression,3,17.33333396911621,history,24.531356811523438,2026-04-12T23:19:11.190Z,121.75
654.3333129882812,2026-04-12T23:19:18.151Z,2026-05-12T23:19:17.155Z,42.946083068847656,1.894,,2.894,나쁨,중간수준 악화 (나쁨-2),2.894,,0.213,0.213,2.035,0.2084,0.4206,48,48,computed_co2_regression,3,17.66666603088379,history,24.523345947265625,2026-04-12T23:19:18.151Z,120.75
655.3333129882812,2026-04-12T23:19:24.135Z,2026-05-12T23:19:23.193Z,43.14921569824219,1.872,,2.872,나쁨,중간수준 악화 (나쁨-2),2.872,,0.257,0.257,2.197,0.3025,0.4753,48,48,computed_co2_regression,3,17.83333396911621,history,24.51800537109375,2026-04-12T23:19:24.135Z,119.66666412353516
656.6666870117188,2026-04-12T23:19:30.201Z,2026-05-12T23:19:29.125Z,43.330413818359375,1.856,,2.856,나쁨,중간수준 악화 (나쁨-2),2.856,,0.288,0.288,2.303,0.3843,0.5139,48,48,computed_co2_regression,3,18.33333396911621,history,24.526016235351562,2026-04-12T23:19:30.201Z,118.58333587646484
658,2026-04-12T23:19:36.072Z,2026-05-12T23:19:35.121Z,43.373329162597656,1.845,,2.845,나쁨,중간수준 악화 (나쁨-2),2.845,,0.31,0.31,2.368,0.4507,0.5397,48,48,computed_co2_regression,3,18.83333396911621,history,24.546043395996094,2026-04-12T23:19:36.072Z,117.58333587646484
660.6666870117188,2026-04-12T23:19:42.162Z,2026-05-12T23:19:41.192Z,43.27605438232422,1.845,,2.845,나쁨,중간수준 악화 (나쁨-2),2.845,,0.31,0.31,2.433,0.4486,0.5668,48,48,computed_co2_regression,3,19,history,24.567405700683594,2026-04-12T23:19:42.162Z,116.66666412353516
664,2026-04-12T23:19:48.040Z,2026-05-12T23:19:47.116Z,43.06529235839844,1.86,,2.86,나쁨,중간수준 악화 (나쁨-2),2.86,,0.28,0.28,2.479,0.3411,0.5877,48,48,computed_co2_regression,3,19.16666603088379,history,24.53803253173828,2026-04-12T23:19:48.040Z,115.83333587646484
669,2026-04-12T23:19:54.039Z,2026-05-12T23:19:53.105Z,42.885047912597656,1.894,,2.895,나쁨,중간수준 악화 (나쁨-2),2.895,,0.211,0.211,2.526,0.1562,0.6076,48,48,computed_co2_regression,3,19,history,24.51800537109375,2026-04-12T23:19:54.039Z,115.16666412353516
674.6666870117188,2026-04-12T23:20:01.431Z,2026-05-12T23:20:00.478Z,42.788726806640625,1.95,,2.95,나쁨,중간수준 악화 (나쁨-2),2.95,,0.101,0.101,2.57,0.0246,0.627,48,48,computed_co2_regression,3,19,history,24.523345947265625,2026-04-12T23:20:01.431Z,114.5
679.3333129882812,2026-04-12T23:20:08.168Z,2026-05-12T23:20:07.077Z,42.82592010498047,2,,3,나쁨,심각한 악화 (나쁨-3),3,,0,0,2.597,0.0024,0.6392,48,48,computed_co2_regression,3,19,history,24.524681091308594,2026-04-12T23:20:08.168Z,113.83333587646484
682,2026-04-12T23:20:15.233Z,2026-05-12T23:20:14.155Z,42.87455749511719,2,,3,나쁨,심각한 악화 (나쁨-3),3,,0,0,2.583,0.0426,0.6335,48,48,computed_co2_regression,3,19.16666603088379,history,24.54070281982422,2026-04-12T23:20:15.233Z,113.16666412353516
682,2026-04-12T23:20:21.075Z,2026-05-12T23:20:20.136Z,42.96324920654297,2,,3,나쁨,심각한 악화 (나쁨-3),3,,0,0,2.493,0.1045,0.5971,48,48,computed_co2_regression,3,19.5,history,24.55138397216797,2026-04-12T23:20:21.075Z,112.58333587646484
681.6666870117188,2026-04-12T23:20:27.085Z,2026-05-12T23:20:26.150Z,43.02619171142578,2,,3,나쁨,심각한 악화 (나쁨-3),3,,0,0,2.388,0.1723,0.5589,48,48,computed_co2_regression,3,19.33333396911621,history,24.546043395996094,2026-04-12T23:20:27.085Z,111.91666412353516
680,2026-04-12T23:20:33.765Z,2026-05-12T23:20:32.648Z,42.862159729003906,2,,3,나쁨,심각한 악화 (나쁨-3),3,,0,0,2.229,0.2358,0.5021,48,48,computed_co2_regression,3,19.66666603088379,history,24.5286865234375,2026-04-12T23:20:33.765Z,111.25
678,2026-04-12T23:20:39.571Z,2026-05-12T23:20:38.633Z,42.839271545410156,2,,3,나쁨,심각한 악화 (나쁨-3),3,,0,0,2.031,0.2899,0.4345,48,48,computed_co2_regression,3,19.83333396911621,history,24.522010803222656,2026-04-12T23:20:39.571Z,110.58333587646484
675.3333129882812,2026-04-12T23:20:45.533Z,2026-05-12T23:20:44.602Z,43.1358642578125,2,,3,나쁨,심각한 악화 (나쁨-3),3,,0,0,1.827,0.3313,0.3678,48,48,computed_co2_regression,3,19.83333396911621,history,24.520675659179688,2026-04-12T23:20:45.533Z,110
673,2026-04-12T23:20:51.549Z,2026-05-12T23:20:50.617Z,43.165428161621094,2,,3,나쁨,심각한 악화 (나쁨-3),3,,0,0,1.63,0.3621,0.3079,48,48,computed_co2_regression,3,19.66666603088379,history,24.526016235351562,2026-04-12T23:20:51.549Z,109.41666412353516
671,2026-04-12T23:20:57.584Z,2026-05-12T23:20:56.622Z,42.91938018798828,2,,3,나쁨,심각한 악화 (나쁨-3),3,,0,0,1.463,0.3821,0.2605,48,48,computed_co2_regression,3,19.33333396911621,history,24.53002166748047,2026-04-12T23:20:57.584Z,108.75
669.6666870117188,2026-04-12T23:21:05.989Z,2026-05-12T23:21:04.890Z,42.90126037597656,2,,3,나쁨,심각한 악화 (나쁨-3),3,,0,0,1.263,0.3926,0.2065,48,48,computed_co2_regression,3,19.5,history,24.54871368408203,2026-04-12T23:21:05.989Z,108.16666412353516
669,2026-04-12T23:21:12.196Z,2026-05-12T23:21:11.227Z,43.165428161621094,2,,3,나쁨,심각한 악화 (나쁨-3),3,,0,0,1.031,0.3955,0.147,48,48,computed_co2_regression,3,19.83333396911621,history,24.555389404296875,2026-04-12T23:21:12.196Z,107.5
668.3333129882812,2026-04-12T23:21:18.064Z,2026-05-12T23:21:17.100Z,43.203575134277344,2,,3,나쁨,심각한 악화 (나쁨-3),3,,0,0,0.771,0.3924,0.0863,48,48,computed_co2_regression,3,20.33333396911621,history,24.534027099609375,2026-04-12T23:21:18.064Z,106.83333587646484
668,2026-04-12T23:21:24.297Z,2026-05-12T23:21:23.308Z,42.88695526123047,2,,3,나쁨,심각한 악화 (나쁨-3),3,,0,0,0.495,0.3873,0.0368,48,48,computed_co2_regression,3,20.66666603088379,history,24.536697387695312,2026-04-12T23:21:24.297Z,106.25
667.6666870117188,2026-04-12T23:21:30.065Z,2026-05-12T23:21:29.133Z,42.81256866455078,2,,3,나쁨,심각한 악화 (나쁨-3),3,,0,0,0.243,0.382,0.0088,48,48,computed_co2_regression,3,20.83333396911621,history,24.536697387695312,2026-04-12T23:21:30.065Z,105.75
668,2026-04-12T23:21:36.110Z,2026-05-12T23:21:35.179Z,42.875511169433594,2,,3,나쁨,심각한 악화 (나쁨-3),3,,0,0,0.003,0.3807,0,48,48,computed_co2_regression,3,21,history,24.544708251953125,2026-04-12T23:21:36.110Z,105.33333587646484
668,2026-04-12T23:21:42.262Z,2026-05-12T23:21:41.288Z,42.9222412109375,2,,3,나쁨,심각한 악화 (나쁨-3),3,,0,0,0,0.381,0.0073,48,48,computed_co2_regression,3,20.83333396911621,history,24.546043395996094,2026-04-12T23:21:42.262Z,105
668,2026-04-12T23:21:48.145Z,2026-05-12T23:21:47.203Z,43.277008056640625,2,,3,나쁨,심각한 악화 (나쁨-3),3,,0,0,0,0.383,0.0239,48,48,computed_co2_regression,3,20.16666603088379,history,24.54871368408203,2026-04-12T23:21:48.145Z,104.75
668,2026-04-12T23:21:54.212Z,2026-05-12T23:21:53.266Z,43.73191833496094,2,,3,나쁨,심각한 악화 (나쁨-3),3,,0,0,0,0.3833,0.047,48,48,computed_co2_regression,3,19.66666603088379,history,24.556724548339844,2026-04-12T23:21:54.212Z,104.75
668,2026-04-12T23:22:00.118Z,2026-05-12T23:21:59.195Z,43.90549087524414,2,,3,나쁨,심각한 악화 (나쁨-3),3,,0,0,0,0.3823,0.0747,48,48,computed_co2_regression,3,19.33333396911621,history,24.558059692382812,2026-04-12T23:22:00.118Z,105.08333587646484
668.3333129882812,2026-04-12T23:22:08.485Z,2026-05-12T23:22:07.313Z,43.829193115234375,2,,3,나쁨,심각한 악화 (나쁨-3),3,,0,0,0,0.3793,0.1116,48,48,computed_co2_regression,3,19.16666603088379,history,24.547378540039062,2026-04-12T23:22:08.485Z,106.08333587646484
668.6666870117188,2026-04-12T23:22:15.092Z,2026-05-12T23:22:14.157Z,43.73096466064453,2,,3,나쁨,심각한 악화 (나쁨-3),3,,0,0,0,0.3761,0.1562,48,48,computed_co2_regression,3,19,history,24.532691955566406,2026-04-12T23:22:15.092Z,107.83333587646484
668.6666870117188,2026-04-12T23:22:21.270Z,2026-05-12T23:22:20.126Z,43.536407470703125,2,,3,나쁨,심각한 악화 (나쁨-3),3,,0,0,0,0.3715,0.1958,48,48,computed_co2_regression,3,18.83333396911621,history,24.53803253173828,2026-04-12T23:22:21.270Z,110.08333587646484
668.3333129882812,2026-04-12T23:22:27.106Z,2026-05-12T23:22:26.128Z,43.297027587890625,2,,3,나쁨,심각한 악화 (나쁨-3),3,,0,0,0,0.3639,0.2362,48,48,computed_co2_regression,3,19,history,24.53803253173828,2026-04-12T23:22:27.106Z,112.66666412353516
667.3333129882812,2026-04-12T23:22:33.778Z,2026-05-12T23:22:32.697Z,43.284629821777344,2,,3,나쁨,심각한 악화 (나쁨-3),3,,0,0,0,0.3505,0.2566,48,48,computed_co2_regression,3,18.83333396911621,history,24.543373107910156,2026-04-12T23:22:33.778Z,115.58333587646484
666.3333129882812,2026-04-12T23:22:39.626Z,2026-05-12T23:22:38.691Z,43.271278381347656,2,,3,나쁨,심각한 악화 (나쁨-3),3,,0,0,0,0.3313,0.2668,48,48,computed_co2_regression,3,18.66666603088379,history,24.558059692382812,2026-04-12T23:22:39.626Z,118.5
664.6666870117188,2026-04-12T23:22:45.605Z,2026-05-12T23:22:44.654Z,43.21977996826172,2,,3,나쁨,심각한 악화 (나쁨-3),3,,0,0,0,0.305,0.2658,48,48,computed_co2_regression,3,18.5,history,24.55939483642578,2026-04-12T23:22:45.605Z,121.41666412353516
663.6666870117188,2026-04-12T23:22:51.587Z,2026-05-12T23:22:50.639Z,43.15111541748047,2,,3,나쁨,심각한 악화 (나쁨-3),3,,0,0,0,0.2741,0.2664,48,48,computed_co2_regression,3,18.5,history,24.552719116210938,2026-04-12T23:22:51.587Z,124.33333587646484
662,2026-04-12T23:22:57.663Z,2026-05-12T23:22:56.653Z,43.05956268310547,2,,3,나쁨,심각한 악화 (나쁨-3),3,,0,0,0,0.2363,0.274,48,48,computed_co2_regression,3,18.83333396911621,history,24.552719116210938,2026-04-12T23:22:57.663Z,127.16666412353516
660.6666870117188,2026-04-12T23:23:04.605Z,2026-05-12T23:23:03.660Z,43.06242370605469,2,,3,나쁨,심각한 악화 (나쁨-3),3,,0,0,0,0.1935,0.2986,48,48,computed_co2_regression,3,19.33333396911621,history,24.55939483642578,2026-04-12T23:23:04.605Z,130.0833282470703
659,2026-04-12T23:23:12.512Z,2026-05-12T23:23:11.552Z,43.16160583496094,2,,3,나쁨,심각한 악화 (나쁨-3),3,,0,0,0,0.1468,0.3355,48,48,computed_co2_regression,3,20,history,24.55939483642578,2026-04-12T23:23:12.512Z,132.8333282470703
658,2026-04-12T23:23:18.202Z,2026-05-12T23:23:17.261Z,43.28844451904297,2,,3,나쁨,심각한 악화 (나쁨-3),3,,0,0,0,0.1018,0.3764,48,48,computed_co2_regression,3,20.5,history,24.544708251953125,2026-04-12T23:23:18.202Z,135.25
657.3333129882812,2026-04-12T23:23:24.187Z,2026-05-12T23:23:23.239Z,43.40289306640625,2,,3,나쁨,심각한 악화 (나쁨-3),3,,0,0,0,0.0622,0.4094,48,48,computed_co2_regression,3,20.83333396911621,history,24.550048828125,2026-04-12T23:23:24.187Z,137
656.3333129882812,2026-04-12T23:23:30.119Z,2026-05-12T23:23:29.181Z,43.403846740722656,2,,3,나쁨,심각한 악화 (나쁨-3),3,,0,0,0,0.0298,0.4268,48,48,computed_co2_regression,3,21,history,24.558059692382812,2026-04-12T23:23:30.119Z,138.0833282470703
655.3333129882812,2026-04-12T23:23:36.107Z,2026-05-12T23:23:35.172Z,43.40098190307617,2,,3,나쁨,심각한 악화 (나쁨-3),3,,0,0,0,0.008,0.4317,48,48,computed_co2_regression,3,21.16666603088379,history,24.563400268554688,2026-04-12T23:23:36.107Z,138.6666717529297
654.3333129882812,2026-04-12T23:23:42.286Z,2026-05-12T23:23:41.277Z,43.54975891113281,1.999,,3,나쁨,중간수준 악화 (나쁨-2),3,,0.001,0.001,0,0,0.4282,48,48,computed_co2_regression,3,21.16666603088379,history,24.552719116210938,2026-04-12T23:23:42.286Z,138.8333282470703
654,2026-04-12T23:23:48.166Z,2026-05-12T23:23:47.228Z,43.88545608520508,1.933,,2.933,나쁨,중간수준 악화 (나쁨-2),2.933,,0.134,0.134,0,0.0091,0.4177,48,48,computed_co2_regression,3,21,history,24.546043395996094,2026-04-12T23:23:48.166Z,138.75
654,2026-04-12T23:23:54.236Z,2026-05-12T23:23:53.303Z,44.06570816040039,1.864,,2.864,나쁨,중간수준 악화 (나쁨-2),2.864,,0.273,0.273,0,0.0378,0.4026,48,48,computed_co2_regression,3,21,history,24.54871368408203,2026-04-12T23:23:54.236Z,138.6666717529297
654,2026-04-12T23:24:00.293Z,2026-05-12T23:23:59.217Z,44.0418701171875,1.791,,2.791,나쁨,중간수준 악화 (나쁨-2),2.791,,0.419,0.419,0,0.0891,0.3923,48,48,computed_co2_regression,3,21.33333396911621,history,24.53803253173828,2026-04-12T23:24:00.293Z,138.5833282470703
654,2026-04-12T23:24:06.993Z,2026-05-12T23:24:06.028Z,44.03137969970703,1.717,,2.717,나쁨,중간수준 악화 (나쁨-2),2.717,,0.566,0.566,0,0.1643,0.3881,48,48,computed_co2_regression,3,21.83333396911621,history,24.534027099609375,2026-04-12T23:24:06.993Z,138.5833282470703
654,2026-04-12T23:24:15.382Z,2026-05-12T23:24:14.415Z,44.060943603515625,1.644,,2.644,나쁨,중간수준 악화 (나쁨-2),2.644,,0.712,0.712,0,0.2614,0.3866,48,48,computed_co2_regression,3,22,history,24.544708251953125,2026-04-12T23:24:15.382Z,138.75
654,2026-04-12T23:24:21.074Z,2026-05-12T23:24:20.127Z,44.404273986816406,1.575,,2.575,나쁨,중간수준 악화 (나쁨-2),2.575,,0.851,0.851,0,0.3727,0.3897,48,48,computed_co2_regression,3,22.5,history,24.54871368408203,2026-04-12T23:24:21.074Z,138.9166717529297
654.3333129882812,2026-04-12T23:24:27.189Z,2026-05-12T23:24:26.103Z,44.9173583984375,1.51,,2.51,나쁨,중간수준 악화 (나쁨-2),2.51,,0.981,0.981,0,0.4925,0.3944,48,48,computed_co2_regression,3,22.83333396911621,history,24.546043395996094,2026-04-12T23:24:27.189Z,139.0833282470703
654.6666870117188,2026-04-12T23:24:33.169Z,2026-05-12T23:24:32.238Z,44.96027374267578,1.45,,2.45,나쁨,중간수준 악화 (나쁨-2),2.45,,1.101,1.101,0,0.6125,0.4066,48,48,computed_co2_regression,3,23,history,24.554054260253906,2026-04-12T23:24:33.169Z,139.1666717529297
655,2026-04-12T23:24:39.047Z,2026-05-12T23:24:38.116Z,44.93833923339844,1.395,,2.395,나쁨,중간수준 악화 (나쁨-2),2.395,,1.21,1.21,0,0.7277,0.4284,48,48,computed_co2_regression,3,23,history,24.55138397216797,2026-04-12T23:24:39.047Z,139.25
655.3333129882812,2026-04-12T23:24:45.709Z,2026-05-12T23:24:44.616Z,45.430442810058594,1.35,,2.35,나쁨,중간수준 악화 (나쁨-2),2.35,,1.3,1.3,0,0.82,0.4524,48,48,computed_co2_regression,3,23,history,24.544708251953125,2026-04-12T23:24:45.709Z,139.3333282470703
656,2026-04-12T23:24:51.759Z,2026-05-12T23:24:50.668Z,45.689849853515625,1.318,,2.318,나쁨,중간수준 악화 (나쁨-2),2.318,,1.364,1.364,0,0.8807,0.4795,48,48,computed_co2_regression,3,23.16666603088379,history,24.54070281982422,2026-04-12T23:24:51.759Z,139.4166717529297
657,2026-04-12T23:24:57.720Z,2026-05-12T23:24:56.639Z,45.81287384033203,1.305,,2.306,나쁨,중간수준 악화 (나쁨-2),2.306,,1.389,1.389,0,0.9007,0.4988,48,48,computed_co2_regression,3,23,history,24.536697387695312,2026-04-12T23:24:57.720Z,139.5
658.3333129882812,2026-04-12T23:25:04.686Z,2026-05-12T23:25:03.666Z,45.99026107788086,1.316,,2.316,나쁨,중간수준 악화 (나쁨-2),2.316,,1.368,1.368,0,0.887,0.517,48,48,computed_co2_regression,3,23.16666603088379,history,24.542037963867188,2026-04-12T23:25:04.686Z,139.5833282470703
660,2026-04-12T23:25:10.533Z,2026-05-12T23:25:09.579Z,45.69652557373047,1.348,,2.348,나쁨,중간수준 악화 (나쁨-2),2.348,,1.304,1.304,0,0.8541,0.5346,48,48,computed_co2_regression,3,23.5,history,24.54070281982422,2026-04-12T23:25:10.533Z,139.5833282470703
662.3333129882812,2026-04-12T23:25:18.774Z,2026-05-12T23:25:17.813Z,45.62309265136719,1.398,,2.398,나쁨,중간수준 악화 (나쁨-2),2.398,,1.205,1.205,0,0.8033,0.553,48,48,computed_co2_regression,3,23.33333396911621,history,24.54070281982422,2026-04-12T23:25:18.774Z,139.5833282470703
664.6666870117188,2026-04-12T23:25:24.835Z,2026-05-12T23:25:23.737Z,46.082767486572266,1.457,,2.457,나쁨,중간수준 악화 (나쁨-2),2.457,,1.087,1.087,0,0.7316,0.5736,48,48,computed_co2_regression,3,23,history,24.563400268554688,2026-04-12T23:25:24.835Z,139.5
668,2026-04-12T23:25:30.682Z,2026-05-12T23:25:29.688Z,46.435630798339844,1.527,,2.527,나쁨,중간수준 악화 (나쁨-2),2.527,,0.947,0.947,0,0.6249,0.5854,48,48,computed_co2_regression,3,22.83333396911621,history,24.574081420898438,2026-04-12T23:25:30.682Z,139.3333282470703
671.3333129882812,2026-04-12T23:25:36.636Z,2026-05-12T23:25:35.678Z,46.49858093261719,1.602,,2.602,나쁨,중간수준 악화 (나쁨-2),2.602,,0.796,0.796,0,0.4819,0.5975,48,48,computed_co2_regression,3,22.5,history,24.56072998046875,2026-04-12T23:25:36.636Z,139.0833282470703
675.6666870117188,2026-04-12T23:25:42.729Z,2026-05-12T23:25:41.751Z,46.53290939331055,1.686,,2.686,나쁨,중간수준 악화 (나쁨-2),2.686,,0.629,0.629,0,0.3096,0.6019,48,48,computed_co2_regression,3,22,history,24.555389404296875,2026-04-12T23:25:42.729Z,138.8333282470703
679,2026-04-12T23:25:48.787Z,2026-05-12T23:25:47.705Z,46.63972091674805,1.771,,2.771,나쁨,중간수준 악화 (나쁨-2),2.771,,0.459,0.459,0,0.1575,0.5962,48,48,computed_co2_regression,3,21.66666603088379,history,24.576751708984375,2026-04-12T23:25:48.787Z,138.75
683.6666870117188,2026-04-12T23:25:54.648Z,2026-05-12T23:25:53.716Z,46.74367141723633,1.861,,2.861,나쁨,중간수준 악화 (나쁨-2),2.861,,0.278,0.278,0,0.0508,0.5842,48,48,computed_co2_regression,3,21.66666603088379,history,24.58075714111328,2026-04-12T23:25:54.648Z,138.75
687.6666870117188,2026-04-12T23:26:00.673Z,2026-05-12T23:25:59.724Z,47.08509063720703,1.955,,2.956,나쁨,중간수준 악화 (나쁨-2),2.956,,0.089,0.089,0,0.0044,0.5669,48,48,computed_co2_regression,3,21.83333396911621,history,24.54871368408203,2026-04-12T23:26:00.673Z,138.75
693.3333129882812,2026-04-12T23:26:07.471Z,2026-05-12T23:26:06.506Z,47.15947723388672,2,,3,나쁨,심각한 악화 (나쁨-3),3,,0,0,0,0.0061,0.5461,48,48,computed_co2_regression,3,21.66666603088379,history,24.53002166748047,2026-04-12T23:26:07.471Z,139
698,2026-04-12T23:26:14.464Z,2026-05-12T23:26:13.462Z,47.15947723388672,2,,3,나쁨,심각한 악화 (나쁨-3),3,,0,0,0,0.0408,0.5261,48,48,computed_co2_regression,3,21.5,history,24.53002166748047,2026-04-12T23:26:14.464Z,139.25
703.6666870117188,2026-04-12T23:26:21.925Z,2026-05-12T23:26:20.988Z,47.14421463012695,2,,3,나쁨,심각한 악화 (나쁨-3),3,,0,0,0,0.0944,0.5172,48,48,computed_co2_regression,3,21.5,history,24.542037963867188,2026-04-12T23:26:21.925Z,139.6666717529297
709,2026-04-12T23:26:27.660Z,2026-05-12T23:26:26.731Z,47.18235778808594,2,,3,나쁨,심각한 악화 (나쁨-3),3,,0,0,0,0.156,0.5071,48,48,computed_co2_regression,3,21.16666603088379,history,24.550048828125,2026-04-12T23:26:27.660Z,140.0833282470703
713.3333129882812,2026-04-12T23:26:33.793Z,2026-05-12T23:26:32.864Z,47.093666076660156,2,,3,나쁨,심각한 악화 (나쁨-3),3,,0,0,0,0.2193,0.5018,48,48,computed_co2_regression,3,21.16666603088379,history,24.55939483642578,2026-04-12T23:26:33.793Z,140.5833282470703
716.3333129882812,2026-04-12T23:26:39.696Z,2026-05-12T23:26:38.725Z,47.358795166015625,2,,3,나쁨,심각한 악화 (나쁨-3),3,,0,0,0,0.2827,0.5019,48,48,computed_co2_regression,3,21.16666603088379,history,24.57007598876953,2026-04-12T23:26:39.696Z,141.1666717529297
717.3333129882812,2026-04-12T23:26:45.678Z,2026-05-12T23:26:44.736Z,47.50471496582031,2,,3,나쁨,심각한 악화 (나쁨-3),3,,0,0,0,0.3441,0.491,48,48,computed_co2_regression,3,21,history,24.567405700683594,2026-04-12T23:26:45.678Z,141.9166717529297
719,2026-04-12T23:26:51.674Z,2026-05-12T23:26:50.745Z,47.29299545288086,2,,3,나쁨,심각한 악화 (나쁨-3),3,,0,0,0,0.4034,0.4663,48,48,computed_co2_regression,3,21.16666603088379,history,24.56206512451172,2026-04-12T23:26:51.674Z,142.8333282470703
720.3333129882812,2026-04-12T23:26:57.686Z,2026-05-12T23:26:56.748Z,47.095584869384766,2,,3,나쁨,심각한 악화 (나쁨-3),3,,0,0,0,0.4604,0.434,48,48,computed_co2_regression,3,21.33333396911621,history,24.568740844726562,2026-04-12T23:26:57.686Z,143.9166717529297
722.6666870117188,2026-04-12T23:27:04.707Z,2026-05-12T23:27:03.767Z,47.186187744140625,2,,3,나쁨,심각한 악화 (나쁨-3),3,,0,0,0,0.5158,0.4069,48,48,computed_co2_regression,3,21.83333396911621,history,24.564735412597656,2026-04-12T23:27:04.707Z,145.1666717529297
725,2026-04-12T23:27:10.713Z,2026-05-12T23:27:09.637Z,47.33592224121094,2,,3,나쁨,심각한 악화 (나쁨-3),3,,0,0,0,0.5687,0.3753,48,48,computed_co2_regression,3,21.83333396911621,history,24.552719116210938,2026-04-12T23:27:10.713Z,146.75
727.6666870117188,2026-04-12T23:27:17.421Z,2026-05-12T23:27:16.490Z,47.26153564453125,2,,3,나쁨,심각한 악화 (나쁨-3),3,,0,0,0,0.6201,0.3349,48,48,computed_co2_regression,3,21.66666603088379,history,24.552719116210938,2026-04-12T23:27:17.421Z,148.5833282470703
730,2026-04-12T23:27:24.478Z,2026-05-12T23:27:23.539Z,47.47897720336914,2,,3,나쁨,심각한 악화 (나쁨-3),3,,0,0,0,0.6692,0.2987,48,48,computed_co2_regression,3,22,history,24.57007598876953,2026-04-12T23:27:24.478Z,150.6666717529297
731.6666870117188,2026-04-12T23:27:30.066Z,2026-05-12T23:27:29.146Z,48.015907287597656,2,,3,나쁨,심각한 악화 (나쁨-3),3,,0,0,0,0.7152,0.2587,48,48,computed_co2_regression,3,21.83333396911621,history,24.57274627685547,2026-04-12T23:27:30.066Z,152.9166717529297
734.3333129882812,2026-04-12T23:27:36.294Z,2026-05-12T23:27:35.210Z,48.10078430175781,2,,3,나쁨,심각한 악화 (나쁨-3),3,,0,0,0,0.7565,0.2029,48,48,computed_co2_regression,3,21.33333396911621,history,24.568740844726562,2026-04-12T23:27:36.294Z,155.25
737,2026-04-12T23:27:42.190Z,2026-05-12T23:27:41.265Z,47.83184814453125,2,,3,나쁨,심각한 악화 (나쁨-3),3,,0,0,0,0.7939,0.1337,48,48,computed_co2_regression,3,20.83333396911621,history,24.58209228515625,2026-04-12T23:27:42.190Z,157.75
740.6666870117188,2026-04-12T23:27:48.298Z,2026-05-12T23:27:47.189Z,47.51808166503906,2,,3,나쁨,심각한 악화 (나쁨-3),3,,0,0,0,0.8263,0.0603,48,48,computed_co2_regression,3,20.33333396911621,history,24.579421997070312,2026-04-12T23:27:48.298Z,160.3333282470703
743.6666870117188,2026-04-12T23:27:54.272Z,2026-05-12T23:27:53.307Z,47.369300842285156,2,,3,나쁨,심각한 악화 (나쁨-3),3,,0,0,0,0.8552,0.0082,48,48,computed_co2_regression,3,20,history,24.58209228515625,2026-04-12T23:27:54.272Z,163
746.6666870117188,2026-04-12T23:28:00.071Z,2026-05-12T23:27:59.134Z,47.54859924316406,2,,3,나쁨,심각한 악화 (나쁨-3),3,,0,0,0.168,0.8798,0.0079,48,48,computed_co2_regression,3,19.66666603088379,history,24.58209228515625,2026-04-12T23:28:00.071Z,165.6666717529297
748.6666870117188,2026-04-12T23:28:06.903Z,2026-05-12T23:28:05.966Z,47.79941940307617,2,,3,나쁨,심각한 악화 (나쁨-3),3,,0,0,0.48,0.9007,0.0663,48,48,computed_co2_regression,3,19.66666603088379,history,24.58075714111328,2026-04-12T23:28:06.903Z,168.25
750.6666870117188,2026-04-12T23:28:13.499Z,2026-05-12T23:28:12.543Z,47.82707214355469,2,,3,나쁨,심각한 악화 (나쁨-3),3,,0,0,0.703,0.9173,0.1443,48,48,computed_co2_regression,3,20.16666603088379,history,24.58075714111328,2026-04-12T23:28:13.499Z,170.5833282470703
753,2026-04-12T23:28:19.083Z,2026-05-12T23:28:18.148Z,47.764129638671875,2,,3,나쁨,심각한 악화 (나쁨-3),3,,0,0,0.738,0.9221,0.164,49,49,computed_co2_regression,3,20.5,history,24.586097717285156,2026-04-12T23:28:19.083Z,172.75
755.3333129882812,2026-04-12T23:28:26.441Z,2026-05-12T23:28:25.351Z,48.102684020996094,2,,3,나쁨,심각한 악화 (나쁨-3),3,,0,0,0.958,0.9435,0.271,48,48,computed_co2_regression,3,21.16666603088379,history,24.600784301757812,2026-04-12T23:28:26.441Z,174.6666717529297
758,2026-04-12T23:28:32.096Z,2026-05-12T23:28:31.159Z,48.173255920410156,2,,3,나쁨,심각한 악화 (나쁨-3),3,,0,0,0.995,0.9533,0.2951,48,48,computed_co2_regression,3,21.83333396911621,history,24.608795166015625,2026-04-12T23:28:32.096Z,176.25
760.3333129882812,2026-04-12T23:28:38.085Z,2026-05-12T23:28:37.152Z,48.04450607299805,2,,3,나쁨,심각한 악화 (나쁨-3),3,,0,0,1.001,0.9611,0.2988,48,48,computed_co2_regression,3,22.16666603088379,history,24.60211944580078,2026-04-12T23:28:38.085Z,177.5833282470703
763.3333129882812,2026-04-12T23:28:44.214Z,2026-05-12T23:28:43.275Z,48.00921630859375,2,,3,나쁨,심각한 악화 (나쁨-3),3,,0,0,0.999,0.967,0.2969,48,48,computed_co2_regression,3,22.33333396911621,history,24.60478973388672,2026-04-12T23:28:44.214Z,178.6666717529297
765.3333129882812,2026-04-12T23:28:50.086Z,2026-05-12T23:28:49.155Z,47.81275939941406,2,,3,나쁨,심각한 악화 (나쁨-3),3,,0,0,1.046,0.9715,0.329,48,48,computed_co2_regression,3,21.83333396911621,history,24.596778869628906,2026-04-12T23:28:50.086Z,179.5
767.3333129882812,2026-04-12T23:28:56.172Z,2026-05-12T23:28:55.166Z,48.087425231933594,2,,3,나쁨,심각한 악화 (나쁨-3),3,,0,0,1.13,0.975,0.3864,48,48,computed_co2_regression,3,21.33333396911621,history,24.59410858154297,2026-04-12T23:28:56.172Z,180.25
768.6666870117188,2026-04-12T23:29:02.711Z,2026-05-12T23:29:01.781Z,48.761680603027344,2,,3,나쁨,심각한 악화 (나쁨-3),3,,0,0,1.225,0.9772,0.4462,48,48,computed_co2_regression,3,20.83333396911621,history,24.611465454101562,2026-04-12T23:29:02.711Z,180.75
771.3333129882812,2026-04-12T23:29:08.614Z,2026-05-12T23:29:07.525Z,48.92476272583008,2,,3,나쁨,심각한 악화 (나쁨-3),3,,0,0,1.331,0.9785,0.4961,48,48,computed_co2_regression,3,20.16666603088379,history,24.599449157714844,2026-04-12T23:29:08.614Z,181
774,2026-04-12T23:29:15.570Z,2026-05-12T23:29:14.626Z,48.68347930908203,2,,3,나쁨,심각한 악화 (나쁨-3),3,,0,0,1.378,0.9785,0.5237,49,49,computed_co2_regression,3,19.83333396911621,history,24.608795166015625,2026-04-12T23:29:15.570Z,181
776.6666870117188,2026-04-12T23:29:21.554Z,2026-05-12T23:29:20.553Z,48.8160400390625,2,,3,나쁨,심각한 악화 (나쁨-3),3,,0,0,1.503,0.9785,0.5676,49,49,computed_co2_regression,3,19.5,history,24.6141357421875,2026-04-12T23:29:21.554Z,180.8333282470703
778.3333129882812,2026-04-12T23:29:28.806Z,2026-05-12T23:29:27.850Z,48.758819580078125,2,,3,나쁨,심각한 악화 (나쁨-3),3,,0,0,1.578,0.9766,0.5776,48,48,computed_co2_regression,3,19.83333396911621,history,24.607460021972656,2026-04-12T23:29:28.806Z,180.5833282470703
779.3333129882812,2026-04-12T23:29:34.628Z,2026-05-12T23:29:33.693Z,48.82843780517578,2,,3,나쁨,심각한 악화 (나쁨-3),3,,0,0,1.586,0.9745,0.5798,48,48,computed_co2_regression,3,20,history,24.620811462402344,2026-04-12T23:29:34.628Z,180.1666717529297
780.6666870117188,2026-04-12T23:29:40.597Z,2026-05-12T23:29:39.659Z,49.23471450805664,2,,3,나쁨,심각한 악화 (나쁨-3),3,,0,0,1.561,0.9719,0.5713,48,48,computed_co2_regression,3,20.33333396911621,history,24.608795166015625,2026-04-12T23:29:40.597Z,179.5833282470703
781,2026-04-12T23:29:47.178Z,2026-05-12T23:29:46.179Z,49.34343719482422,2,,3,나쁨,심각한 악화 (나쁨-3),3,,0,0,1.493,0.9687,0.5429,48,48,computed_co2_regression,3,20.83333396911621,history,24.590103149414062,2026-04-12T23:29:47.178Z,178.8333282470703
781,2026-04-12T23:29:53.129Z,2026-05-12T23:29:52.182Z,49.39207077026367,2,,3,나쁨,심각한 악화 (나쁨-3),3,,0,0,1.385,0.9649,0.4948,48,48,computed_co2_regression,3,21.16666603088379,history,24.595443725585938,2026-04-12T23:29:53.129Z,178.0833282470703
779.3333129882812,2026-04-12T23:29:59.080Z,2026-05-12T23:29:58.153Z,49.43117141723633,2,,3,나쁨,심각한 악화 (나쁨-3),3,,0,0,1.27,0.9602,0.4392,48,48,computed_co2_regression,3,21.33333396911621,history,24.5927734375,2026-04-12T23:29:59.080Z,177.25
778,2026-04-12T23:30:06.500Z,2026-05-12T23:30:05.557Z,49.398746490478516,2,,3,나쁨,심각한 악화 (나쁨-3),3,,0,0,1.115,0.9543,0.3631,48,48,computed_co2_regression,3,21.66666603088379,history,24.600784301757812,2026-04-12T23:30:06.500Z,176.4166717529297
777,2026-04-12T23:30:12.231Z,2026-05-12T23:30:11.165Z,49.414005279541016,2,,3,나쁨,심각한 악화 (나쁨-3),3,,0,0,0.923,0.948,0.2759,48,48,computed_co2_regression,3,21.83333396911621,history,24.61280059814453,2026-04-12T23:30:12.231Z,175.5
777,2026-04-12T23:30:18.789Z,2026-05-12T23:30:17.849Z,49.60664749145508,2,,3,나쁨,심각한 악화 (나쁨-3),3,,0,0,0.85,0.942,0.2482,49,49,computed_co2_regression,3,21.5,history,24.620811462402344,2026-04-12T23:30:18.789Z,174.5833282470703
778,2026-04-12T23:30:24.574Z,2026-05-12T23:30:23.648Z,49.79642868041992,2,,3,나쁨,심각한 악화 (나쁨-3),3,,0,0,0.727,0.9363,0.2032,49,49,computed_co2_regression,3,21,history,24.610130310058594,2026-04-12T23:30:24.574Z,173.75
779.6666870117188,2026-04-12T23:30:31.920Z,2026-05-12T23:30:30.948Z,49.542747497558594,2,,3,나쁨,심각한 악화 (나쁨-3),3,,0,0,0.554,0.9329,0.1328,48,48,computed_co2_regression,3,20.83333396911621,history,24.608795166015625,2026-04-12T23:30:31.920Z,173
781.6666870117188,2026-04-12T23:30:37.636Z,2026-05-12T23:30:36.702Z,49.50269317626953,2,,3,나쁨,심각한 악화 (나쁨-3),3,,0,0,0.477,0.9306,0.1048,48,48,computed_co2_regression,3,20.83333396911621,history,24.622146606445312,2026-04-12T23:30:37.636Z,172.3333282470703
783,2026-04-12T23:30:43.728Z,2026-05-12T23:30:42.800Z,49.86509704589844,2,,3,나쁨,심각한 악화 (나쁨-3),3,,0,0,0.465,0.9287,0.1006,48,48,computed_co2_regression,3,20.33333396911621,history,24.628822326660156,2026-04-12T23:30:43.728Z,171.75
783.6666870117188,2026-04-12T23:30:49.672Z,2026-05-12T23:30:48.710Z,50.155975341796875,2,,3,나쁨,심각한 악화 (나쁨-3),3,,0,0,0.509,0.9251,0.123,49,49,computed_co2_regression,3,20,history,24.63683319091797,2026-04-12T23:30:49.672Z,171.25
784,2026-04-12T23:30:55.681Z,2026-05-12T23:30:54.736Z,50.219871520996094,2,,3,나쁨,심각한 악화 (나쁨-3),3,,0,0,0.534,0.9266,0.1244,48,48,computed_co2_regression,3,19.83333396911621,history,24.628822326660156,2026-04-12T23:30:55.681Z,170.8333282470703
784,2026-04-12T23:31:01.724Z,2026-05-12T23:31:00.780Z,50.141666412353516,2,,3,나쁨,심각한 악화 (나쁨-3),3,,0,0,0.555,0.9251,0.1314,48,48,computed_co2_regression,3,19.83333396911621,history,24.63416290283203,2026-04-12T23:31:01.724Z,170.5
784.3333129882812,2026-04-12T23:31:08.398Z,2026-05-12T23:31:07.471Z,50.26374053955078,2,,3,나쁨,심각한 악화 (나쁨-3),3,,0,0,0.598,0.9207,0.1554,49,49,computed_co2_regression,3,19.83333396911621,history,24.6568603515625,2026-04-12T23:31:08.398Z,170.1666717529297
785,2026-04-12T23:31:15.281Z,2026-05-12T23:31:14.332Z,50.459251403808594,2,,3,나쁨,심각한 악화 (나쁨-3),3,,0,0,0.609,0.9175,0.1596,49,49,computed_co2_regression,3,20,history,24.652854919433594,2026-04-12T23:31:15.281Z,169.9166717529297
786.6666870117188,2026-04-12T23:31:20.903Z,2026-05-12T23:31:19.982Z,50.437320709228516,2,,3,나쁨,심각한 악화 (나쁨-3),3,,0,0,0.603,0.9149,0.1571,49,49,computed_co2_regression,3,20.33333396911621,history,24.627487182617188,2026-04-12T23:31:20.903Z,169.75
788.3333129882812,2026-04-12T23:31:26.946Z,2026-05-12T23:31:26.002Z,50.33622741699219,2,,3,나쁨,심각한 악화 (나쁨-3),3,,0,0,0.571,0.9115,0.1427,49,49,computed_co2_regression,3,20.66666603088379,history,24.630157470703125,2026-04-12T23:31:26.946Z,169.5833282470703
790.3333129882812,2026-04-12T23:31:34.450Z,2026-05-12T23:31:33.510Z,50.42301559448242,2,,3,나쁨,심각한 악화 (나쁨-3),3,,0,0,0.558,0.9072,0.1372,49,49,computed_co2_regression,3,20.66666603088379,history,24.64484405517578,2026-04-12T23:31:34.450Z,169.5833282470703
792,2026-04-12T23:31:40.062Z,2026-05-12T23:31:39.123Z,50.52315139770508,2,,3,나쁨,심각한 악화 (나쁨-3),3,,0,0,0.534,0.9028,0.126,49,49,computed_co2_regression,3,20.83333396911621,history,24.63683319091797,2026-04-12T23:31:40.062Z,169.5833282470703
793.6666870117188,2026-04-12T23:31:46.287Z,2026-05-12T23:31:45.358Z,50.61947250366211,2,,3,나쁨,심각한 악화 (나쁨-3),3,,0,0,0.508,0.8986,0.1148,49,49,computed_co2_regression,3,20.83333396911621,history,24.643508911132812,2026-04-12T23:31:46.287Z,169.5833282470703
795,2026-04-12T23:31:52.053Z,2026-05-12T23:31:51.127Z,50.69099426269531,2,,3,나쁨,심각한 악화 (나쁨-3),3,,0,0,0.505,0.8956,0.1134,49,49,computed_co2_regression,3,20.66666603088379,history,24.659530639648438,2026-04-12T23:31:52.053Z,169.5833282470703
796,2026-04-12T23:31:58.129Z,2026-05-12T23:31:57.199Z,50.758705139160156,2,,3,나쁨,심각한 악화 (나쁨-3),3,,0,0,0.501,0.8934,0.1116,49,49,computed_co2_regression,3,20.5,history,24.654190063476562,2026-04-12T23:31:58.129Z,169.5833282470703
797.6666870117188,2026-04-12T23:32:05.192Z,2026-05-12T23:32:04.189Z,50.72723388671875,2,,3,나쁨,심각한 악화 (나쁨-3),3,,0,0,0.472,0.8929,0.0999,49,49,computed_co2_regression,3,20.66666603088379,history,24.66754150390625,2026-04-12T23:32:05.192Z,169.6666717529297
799,2026-04-12T23:32:11.095Z,2026-05-12T23:32:10.173Z,50.758705139160156,2,,3,나쁨,심각한 악화 (나쁨-3),3,,0,0,0.373,0.8938,0.0646,49,49,computed_co2_regression,3,21.16666603088379,history,24.670211791992188,2026-04-12T23:32:11.095Z,169.6666717529297
800.6666870117188,2026-04-12T23:32:17.715Z,2026-05-12T23:32:16.633Z,50.79303741455078,2,,3,나쁨,심각한 악화 (나쁨-3),3,,0,0,0.239,0.8958,0.0269,49,49,computed_co2_regression,3,21.66666603088379,history,24.660865783691406,2026-04-12T23:32:17.715Z,169.75
801.3333129882812,2026-04-12T23:32:23.672Z,2026-05-12T23:32:22.743Z,50.891265869140625,2,,3,나쁨,심각한 악화 (나쁨-3),3,,0,0,0.106,0.8985,0.0052,49,49,computed_co2_regression,3,21.83333396911621,history,24.652854919433594,2026-04-12T23:32:23.672Z,169.8333282470703
802,2026-04-12T23:32:29.625Z,2026-05-12T23:32:28.639Z,51.14971160888672,2,,3,나쁨,심각한 악화 (나쁨-3),3,,0,0,0,0.9022,0.0016,49,49,computed_co2_regression,3,22,history,24.64751434326172,2026-04-12T23:32:29.625Z,169.9166717529297
802.6666870117188,2026-04-12T23:32:36.799Z,2026-05-12T23:32:35.874Z,51.34330749511719,2,,3,나쁨,심각한 악화 (나쁨-3),3,,0,0,0,0.9076,0.0246,49,49,computed_co2_regression,3,22.33333396911621,history,24.640838623046875,2026-04-12T23:32:36.799Z,169.9166717529297
804,2026-04-12T23:32:42.651Z,2026-05-12T23:32:41.717Z,51.71429443359375,2,,3,나쁨,심각한 악화 (나쁨-3),3,,0,0,0,0.9143,0.0613,49,49,computed_co2_regression,3,22.5,history,24.640838623046875,2026-04-12T23:32:42.651Z,169.9166717529297
808,2026-04-12T23:32:48.564Z,2026-05-12T23:32:47.621Z,51.81920623779297,2,,3,나쁨,심각한 악화 (나쁨-3),3,,0,0,0,0.9228,0.0919,49,49,computed_co2_regression,3,22.33333396911621,history,24.64751434326172,2026-04-12T23:32:48.564Z,169.75
813.6666870117188,2026-04-12T23:32:56.605Z,2026-05-12T23:32:55.641Z,51.47969055175781,2,,3,나쁨,심각한 악화 (나쁨-3),3,,0,0,0,0.9307,0.087,48,48,computed_co2_regression,3,21.83333396911621,history,24.660865783691406,2026-04-12T23:32:56.605Z,169.6666717529297
823.3333129882812,2026-04-12T23:33:02.522Z,2026-05-12T23:33:01.576Z,51.368106842041016,2,,3,나쁨,심각한 악화 (나쁨-3),3,,0,0,0,0.9265,0.0768,48,48,computed_co2_regression,3,21.66666603088379,history,24.682228088378906,2026-04-12T23:33:02.522Z,169.6666717529297
833,2026-04-12T23:33:08.504Z,2026-05-12T23:33:07.573Z,51.588409423828125,2,,3,나쁨,심각한 악화 (나쁨-3),3,,0,0,0,0.9098,0.0655,48,48,computed_co2_regression,3,21.66666603088379,history,24.67955780029297,2026-04-12T23:33:08.504Z,169.75
841.3333129882812,2026-04-12T23:33:15.658Z,2026-05-12T23:33:14.566Z,51.57696533203125,2,,3,나쁨,심각한 악화 (나쁨-3),3,,0,0,0,0.8853,0.0565,48,48,computed_co2_regression,3,21.33333396911621,history,24.675552368164062,2026-04-12T23:33:15.658Z,169.8333282470703
846.6666870117188,2026-04-12T23:33:21.608Z,2026-05-12T23:33:20.607Z,51.4930419921875,2,,3,나쁨,심각한 악화 (나쁨-3),3,,0,0,0,0.8617,0.047,48,48,computed_co2_regression,3,21,history,24.66620635986328,2026-04-12T23:33:21.608Z,169.9166717529297
849.3333129882812,2026-04-12T23:33:27.749Z,2026-05-12T23:33:26.671Z,51.56361389160156,2,,3,나쁨,심각한 악화 (나쁨-3),3,,0,0,0,0.8448,0.0472,48,48,computed_co2_regression,3,20.83333396911621,history,24.648849487304688,2026-04-12T23:33:27.749Z,170.0833282470703
851,2026-04-12T23:33:33.662Z,2026-05-12T23:33:32.725Z,51.660892486572266,2,,3,나쁨,심각한 악화 (나쁨-3),3,,0,0,0,0.8346,0.063,48,48,computed_co2_regression,3,20.83333396911621,history,24.664871215820312,2026-04-12T23:33:33.662Z,170.25
851,2026-04-12T23:33:40.809Z,2026-05-12T23:33:39.882Z,51.976558685302734,2,,3,나쁨,심각한 악화 (나쁨-3),3,,0,0,0,0.831,0.0888,48,48,computed_co2_regression,3,20.66666603088379,history,24.671546936035156,2026-04-12T23:33:40.809Z,170.3333282470703
851.3333129882812,2026-04-12T23:33:46.682Z,2026-05-12T23:33:45.611Z,52.079559326171875,2,,3,나쁨,심각한 악화 (나쁨-3),3,,0,0,0,0.8319,0.118,48,48,computed_co2_regression,3,20.33333396911621,history,24.66887664794922,2026-04-12T23:33:46.682Z,170.4166717529297
853.6666870117188,2026-04-12T23:33:52.712Z,2026-05-12T23:33:51.638Z,52.0528564453125,2,,3,나쁨,심각한 악화 (나쁨-3),3,,0,0,0,0.8348,0.1196,48,48,computed_co2_regression,3,20,history,24.683563232421875,2026-04-12T23:33:52.712Z,170.6666717529297
857,2026-04-12T23:33:58.587Z,2026-05-12T23:33:57.648Z,52.10912322998047,2,,3,나쁨,심각한 악화 (나쁨-3),3,,0,0,0,0.8392,0.0926,48,48,computed_co2_regression,3,19.66666603088379,history,24.670211791992188,2026-04-12T23:33:58.587Z,170.9166717529297
861.6666870117188,2026-04-12T23:34:05.662Z,2026-05-12T23:34:04.650Z,52.07860565185547,2,,3,나쁨,심각한 악화 (나쁨-3),3,,0,0,0,0.8441,0.0547,48,48,computed_co2_regression,3,19.5,history,24.670211791992188,2026-04-12T23:34:05.662Z,171.25
865.3333129882812,2026-04-12T23:34:11.537Z,2026-05-12T23:34:10.615Z,52.01757049560547,2,,3,나쁨,심각한 악화 (나쁨-3),3,,0,0,0,0.8512,0.0198,48,48,computed_co2_regression,3,19.5,history,24.680892944335938,2026-04-12T23:34:11.537Z,171.5833282470703
869,2026-04-12T23:34:17.975Z,2026-05-12T23:34:17.045Z,52.056671142578125,2,,3,나쁨,심각한 악화 (나쁨-3),3,,0,0,0,0.8604,0.0021,48,48,computed_co2_regression,3,19.66666603088379,history,24.686233520507812,2026-04-12T23:34:17.975Z,171.8333282470703
870.6666870117188,2026-04-12T23:34:23.992Z,2026-05-12T23:34:23.055Z,52.308448791503906,2,,3,나쁨,심각한 악화 (나쁨-3),3,,0,0,0.079,0.8723,0.0025,48,48,computed_co2_regression,3,20,history,24.692909240722656,2026-04-12T23:34:23.992Z,171.9166717529297
872,2026-04-12T23:34:30.088Z,2026-05-12T23:34:29.086Z,52.535423278808594,2,,3,나쁨,심각한 악화 (나쁨-3),3,,0,0,0.182,0.885,0.0137,48,48,computed_co2_regression,3,20.33333396911621,history,24.703590393066406,2026-04-12T23:34:30.088Z,172
874,2026-04-12T23:34:36.021Z,2026-05-12T23:34:35.098Z,52.59645462036133,2,,3,나쁨,심각한 악화 (나쁨-3),3,,0,0,0.251,0.898,0.0265,48,48,computed_co2_regression,3,20.66666603088379,history,24.727622985839844,2026-04-12T23:34:36.021Z,172
878,2026-04-12T23:34:43.479Z,2026-05-12T23:34:42.547Z,52.37520217895508,2,,3,나쁨,심각한 악화 (나쁨-3),3,,0,0,0.296,0.9114,0.0373,48,48,computed_co2_regression,3,20.66666603088379,history,24.720947265625,2026-04-12T23:34:43.479Z,172
883.3333129882812,2026-04-12T23:34:49.468Z,2026-05-12T23:34:48.537Z,52.19972610473633,2,,3,나쁨,심각한 악화 (나쁨-3),3,,0,0,0.317,0.9235,0.0427,48,48,computed_co2_regression,3,20.5,history,24.726287841796875,2026-04-12T23:34:49.468Z,172.0833282470703
887.6666870117188,2026-04-12T23:34:57.788Z,2026-05-12T23:34:56.788Z,52.28174591064453,2,,3,나쁨,심각한 악화 (나쁨-3),3,,0,0,0.338,0.9348,0.0479,48,48,computed_co2_regression,3,20.16666603088379,history,24.735633850097656,2026-04-12T23:34:57.788Z,172.3333282470703
891.3333129882812,2026-04-12T23:35:04.478Z,2026-05-12T23:35:03.555Z,52.27220916748047,2,,3,나쁨,심각한 악화 (나쁨-3),3,,0,0,0.38,0.9436,0.0587,48,48,computed_co2_regression,3,19.66666603088379,history,24.70893096923828,2026-04-12T23:35:04.478Z,172.5833282470703
893,2026-04-12T23:35:10.612Z,2026-05-12T23:35:09.539Z,52.33610534667969,2,,3,나쁨,심각한 악화 (나쁨-3),3,,0,0,0.381,0.9502,0.0592,48,48,computed_co2_regression,3,19.83333396911621,history,24.706260681152344,2026-04-12T23:35:10.612Z,172.8333282470703
893.6666870117188,2026-04-12T23:35:17.359Z,2026-05-12T23:35:16.392Z,52.40858459472656,2,,3,나쁨,심각한 악화 (나쁨-3),3,,0,0,0.353,0.9553,0.0523,48,48,computed_co2_regression,3,20,history,24.70092010498047,2026-04-12T23:35:17.359Z,173.0833282470703
892.6666870117188,2026-04-12T23:35:23.063Z,2026-05-12T23:35:22.130Z,52.316078186035156,2,,3,나쁨,심각한 악화 (나쁨-3),3,,0,0,0.319,0.9591,0.0435,48,48,computed_co2_regression,3,20.33333396911621,history,24.702255249023438,2026-04-12T23:35:23.063Z,173.25
890.3333129882812,2026-04-12T23:35:29.576Z,2026-05-12T23:35:28.630Z,52.247413635253906,2,,3,나쁨,심각한 악화 (나쁨-3),3,,0,0,0.293,0.9616,0.0369,48,48,computed_co2_regression,3,20.66666603088379,history,24.724952697753906,2026-04-12T23:35:29.576Z,173.3333282470703
887.6666870117188,2026-04-12T23:35:35.654Z,2026-05-12T23:35:34.718Z,52.331336975097656,2,,3,나쁨,심각한 악화 (나쁨-3),3,,0,0,0.278,0.9624,0.0333,48,48,computed_co2_regression,3,20.66666603088379,history,24.726287841796875,2026-04-12T23:35:35.654Z,173.4166717529297
884.3333129882812,2026-04-12T23:35:41.658Z,2026-05-12T23:35:40.708Z,52.482017517089844,2,,3,나쁨,심각한 악화 (나쁨-3),3,,0,0,0.251,0.961,0.0272,48,48,computed_co2_regression,3,20.83333396911621,history,24.718276977539062,2026-04-12T23:35:41.658Z,173.5833282470703
881.6666870117188,2026-04-12T23:35:49.385Z,2026-05-12T23:35:48.443Z,52.532569885253906,2,,3,나쁨,심각한 악화 (나쁨-3),3,,0,0,0.295,0.9567,0.0377,48,48,computed_co2_regression,3,20.33333396911621,history,24.735633850097656,2026-04-12T23:35:49.385Z,173.75
879.6666870117188,2026-04-12T23:35:55.584Z,2026-05-12T23:35:54.649Z,52.33515548706055,2,,3,나쁨,심각한 악화 (나쁨-3),3,,0,0,0.388,0.9493,0.0654,48,48,computed_co2_regression,3,20,history,24.75165557861328,2026-04-12T23:35:55.584Z,173.9166717529297
877.6666870117188,2026-04-12T23:36:01.612Z,2026-05-12T23:36:00.682Z,52.2359733581543,2,,3,나쁨,심각한 악화 (나쁨-3),3,,0,0,0.518,0.9388,0.1153,48,48,computed_co2_regression,3,19.66666603088379,history,24.747650146484375,2026-04-12T23:36:01.612Z,174.0833282470703
876,2026-04-12T23:36:08.476Z,2026-05-12T23:36:07.480Z,52.33802032470703,2,,3,나쁨,심각한 악화 (나쁨-3),3,,0,0,0.672,0.9246,0.1869,48,48,computed_co2_regression,3,19.33333396911621,history,24.747650146484375,2026-04-12T23:36:08.476Z,174.1666717529297
873.6666870117188,2026-04-12T23:36:15.301Z,2026-05-12T23:36:14.369Z,52.46104431152344,2,,3,나쁨,심각한 악화 (나쁨-3),3,,0,0,0.799,0.9062,0.2621,48,48,computed_co2_regression,3,19.66666603088379,history,24.747650146484375,2026-04-12T23:36:15.301Z,174.1666717529297
873,2026-04-12T23:36:21.065Z,2026-05-12T23:36:20.132Z,52.647972106933594,2,,3,나쁨,심각한 악화 (나쁨-3),3,,0,0,0.9,0.8855,0.3305,48,48,computed_co2_regression,3,19.83333396911621,history,24.744979858398438,2026-04-12T23:36:21.065Z,174.25
873,2026-04-12T23:36:27.020Z,2026-05-12T23:36:26.090Z,52.6899299621582,2,,3,나쁨,심각한 악화 (나쁨-3),3,,0,0,0.941,0.8632,0.3616,48,48,computed_co2_regression,3,20.33333396911621,history,24.7423095703125,2026-04-12T23:36:27.020Z,174.1666717529297
873.3333129882812,2026-04-12T23:36:33.766Z,2026-05-12T23:36:32.692Z,52.692787170410156,2,,3,나쁨,심각한 악화 (나쁨-3),3,,0,0,0.946,0.8394,0.3655,48,48,computed_co2_regression,3,20.5,history,24.738304138183594,2026-04-12T23:36:33.766Z,174.1666717529297
873.3333129882812,2026-04-12T23:36:39.571Z,2026-05-12T23:36:38.653Z,52.7347526550293,2,,3,나쁨,심각한 악화 (나쁨-3),3,,0,0,0.938,0.814,0.3599,48,48,computed_co2_regression,3,20.66666603088379,history,24.748985290527344,2026-04-12T23:36:39.571Z,174.25
873.3333129882812,2026-04-12T23:36:45.536Z,2026-05-12T23:36:44.604Z,52.74237823486328,2,,3,나쁨,심각한 악화 (나쁨-3),3,,0,0,0.908,0.787,0.3371,48,48,computed_co2_regression,3,20.83333396911621,history,24.77568817138672,2026-04-12T23:36:45.536Z,174.3333282470703
873.3333129882812,2026-04-12T23:36:52.871Z,2026-05-12T23:36:51.865Z,52.654632568359375,2,,3,나쁨,심각한 악화 (나쁨-3),3,,0,0,0.888,0.7577,0.3235,48,48,computed_co2_regression,3,20.66666603088379,history,24.758331298828125,2026-04-12T23:36:52.871Z,174.4166717529297
873.3333129882812,2026-04-12T23:36:58.691Z,2026-05-12T23:36:57.605Z,52.804359436035156,2,,3,나쁨,심각한 악화 (나쁨-3),3,,0,0,0.892,0.7265,0.3266,48,48,computed_co2_regression,3,20.5,history,24.7423095703125,2026-04-12T23:36:58.691Z,174.5
873.3333129882812,2026-04-12T23:37:05.728Z,2026-05-12T23:37:04.640Z,53.0141716003418,2,,3,나쁨,심각한 악화 (나쁨-3),3,,0,0,0.931,0.693,0.3538,48,48,computed_co2_regression,3,20.16666603088379,history,24.75432586669922,2026-04-12T23:37:05.728Z,174.5833282470703
874,2026-04-12T23:37:11.529Z,2026-05-12T23:37:10.594Z,52.84632110595703,2,,3,나쁨,심각한 악화 (나쁨-3),3,,0,0,0.969,0.6587,0.3788,48,48,computed_co2_regression,3,20,history,24.75165557861328,2026-04-12T23:37:11.529Z,174.6666717529297
874.6666870117188,2026-04-12T23:37:18.073Z,2026-05-12T23:37:17.066Z,52.79386901855469,2,,3,나쁨,심각한 악화 (나쁨-3),3,,0,0,0.982,0.6233,0.3857,48,48,computed_co2_regression,3,19.83333396911621,history,24.748985290527344,2026-04-12T23:37:18.073Z,174.8333282470703
874.6666870117188,2026-04-12T23:37:24.108Z,2026-05-12T23:37:23.187Z,52.80436325073242,2,,3,나쁨,심각한 악화 (나쁨-3),3,,0,0,0.968,0.5861,0.3795,48,48,computed_co2_regression,3,19.66666603088379,history,24.76233673095703,2026-04-12T23:37:24.108Z,175
873.3333129882812,2026-04-12T23:37:30.060Z,2026-05-12T23:37:29.140Z,52.781471252441406,2,,3,나쁨,심각한 악화 (나쁨-3),3,,0,0,0.924,0.545,0.3606,48,48,computed_co2_regression,3,19.83333396911621,history,24.771682739257812,2026-04-12T23:37:30.060Z,175.1666717529297
871.3333129882812,2026-04-12T23:37:36.226Z,2026-05-12T23:37:35.140Z,53.051361083984375,2,,3,나쁨,심각한 악화 (나쁨-3),3,,0,0,0.864,0.4984,0.3356,48,48,computed_co2_regression,3,19.83333396911621,history,24.767677307128906,2026-04-12T23:37:36.226Z,175.25
869,2026-04-12T23:37:43.669Z,2026-05-12T23:37:42.675Z,53.142913818359375,2,,3,나쁨,심각한 악화 (나쁨-3),3,,0,0,0.659,0.4125,0.2513,47,47,computed_co2_regression,3,20,history,24.758331298828125,2026-04-12T23:37:43.669Z,175.4166717529297
868,2026-04-12T23:37:49.519Z,2026-05-12T23:37:48.587Z,53.00463104248047,2,,3,나쁨,심각한 악화 (나쁨-3),3,,0,0,0.527,0.3512,0.1974,47,47,computed_co2_regression,3,20.16666603088379,history,24.766342163085938,2026-04-12T23:37:49.519Z,175.5
867.3333129882812,2026-04-12T23:37:56.988Z,2026-05-12T23:37:56.054Z,52.994140625,2,,3,나쁨,심각한 악화 (나쁨-3),3,,0,0,0.481,0.3264,0.1747,48,48,computed_co2_regression,3,20.5,history,24.770347595214844,2026-04-12T23:37:56.988Z,175.5833282470703
867.3333129882812,2026-04-12T23:38:04.611Z,2026-05-12T23:38:03.666Z,53.0399169921875,2,,3,나쁨,심각한 악화 (나쁨-3),3,,0,0,0.255,0.2128,0.0605,47,47,computed_co2_regression,3,20.83333396911621,history,24.746315002441406,2026-04-12T23:38:04.611Z,175.6666717529297
866.3333129882812,2026-04-12T23:38:12.094Z,2026-05-12T23:38:11.140Z,53.1009521484375,2,,3,나쁨,심각한 악화 (나쁨-3),3,,0,0,0.12,0.1409,0.0156,47,47,computed_co2_regression,3,20.66666603088379,history,24.755661010742188,2026-04-12T23:38:12.094Z,175.75
864.6666870117188,2026-04-12T23:38:28.590Z,2026-05-12T23:38:27.505Z,53.246864318847656,2,,3,나쁨,심각한 악화 (나쁨-3),3,,0,0,0,0.0455,0.0021,46,46,computed_co2_regression,3,20.5,history,24.777023315429688,2026-04-12T23:38:28.590Z,175.8333282470703
863.3333129882812,2026-04-12T23:38:35.433Z,2026-05-12T23:38:34.353Z,53.29645538330078,2,,3,나쁨,심각한 악화 (나쁨-3),3,,0,0,0,0.0006,0.0217,45,45,computed_co2_regression,3,20,history,24.763671875,2026-04-12T23:38:35.433Z,175.9166717529297
862.6666870117188,2026-04-12T23:38:41.577Z,2026-05-12T23:38:40.623Z,53.191551208496094,1.991,,2.992,나쁨,중간수준 악화 (나쁨-2),2.992,,0.017,0.017,0,0.0003,0.0057,46,46,computed_co2_regression,3,19.5,history,24.758331298828125,2026-04-12T23:38:41.577Z,176.0833282470703
863,2026-04-12T23:38:47.666Z,2026-05-12T23:38:46.578Z,53.244956970214844,1.934,,2.934,나쁨,중간수준 악화 (나쁨-2),2.934,,0.133,0.133,0.005,0.0218,0,46,46,computed_co2_regression,3,18.83333396911621,history,24.766342163085938,2026-04-12T23:38:47.666Z,176.1666717529297
863,2026-04-12T23:38:53.561Z,2026-05-12T23:38:52.640Z,53.31743621826172,1.876,,2.876,나쁨,중간수준 악화 (나쁨-2),2.876,,0.248,0.248,0.135,0.084,0.0152,46,46,computed_co2_regression,3,18.33333396911621,history,24.778358459472656,2026-04-12T23:38:53.561Z,176.1666717529297
863,2026-04-12T23:39:00.824Z,2026-05-12T23:38:59.891Z,53.18678283691406,1.78,,2.78,나쁨,중간수준 악화 (나쁨-2),2.78,,0.44,0.44,0.376,0.2953,0.0793,45,45,computed_co2_regression,3,17.83333396911621,history,24.791709899902344,2026-04-12T23:39:00.824Z,176.25
863,2026-04-12T23:39:07.669Z,2026-05-12T23:39:06.521Z,53.216346740722656,1.738,,2.738,나쁨,중간수준 악화 (나쁨-2),2.738,,0.524,0.524,0.637,0.4263,0.1661,45,45,computed_co2_regression,3,17.5,history,24.781028747558594,2026-04-12T23:39:07.669Z,176.3333282470703
863.6666870117188,2026-04-12T23:39:14.411Z,2026-05-12T23:39:13.486Z,53.34795379638672,1.705,,2.705,나쁨,중간수준 악화 (나쁨-2),2.705,,0.591,0.591,0.886,0.5424,0.2565,45,45,computed_co2_regression,3,17.5,history,24.779693603515625,2026-04-12T23:39:14.411Z,176.4166717529297
864.6666870117188,2026-04-12T23:39:20.186Z,2026-05-12T23:39:19.110Z,53.264984130859375,1.679,,2.679,나쁨,중간수준 악화 (나쁨-2),2.679,,0.642,0.642,1.125,0.6306,0.3364,45,45,computed_co2_regression,3,17.33333396911621,history,24.798385620117188,2026-04-12T23:39:20.186Z,176.5
865.6666870117188,2026-04-12T23:39:26.240Z,2026-05-12T23:39:25.167Z,53.222068786621094,1.659,,2.659,나쁨,중간수준 악화 (나쁨-2),2.659,,0.682,0.682,1.312,0.7035,0.3963,45,45,computed_co2_regression,3,17.5,history,24.80506134033203,2026-04-12T23:39:26.240Z,176.5833282470703
865.6666870117188,2026-04-12T23:39:32.193Z,2026-05-12T23:39:31.193Z,53.08092498779297,1.642,,2.642,나쁨,중간수준 악화 (나쁨-2),2.642,,0.717,0.717,1.447,0.7663,0.4376,45,45,computed_co2_regression,3,17.66666603088379,history,24.813072204589844,2026-04-12T23:39:32.193Z,176.6666717529297
864,2026-04-12T23:39:38.090Z,2026-05-12T23:39:37.163Z,52.822479248046875,1.624,,2.625,나쁨,중간수준 악화 (나쁨-2),2.625,,0.751,0.751,1.531,0.8191,0.4621,45,45,computed_co2_regression,3,17.83333396911621,history,24.834434509277344,2026-04-12T23:39:38.090Z,176.8333282470703
862,2026-04-12T23:39:44.229Z,2026-05-12T23:39:43.308Z,52.95027160644531,1.629,,2.629,나쁨,중간수준 악화 (나쁨-2),2.629,,0.742,0.742,1.553,0.8239,0.4851,46,46,computed_co2_regression,3,18.16666603088379,history,24.82909393310547,2026-04-12T23:39:44.229Z,177
859.3333129882812,2026-04-12T23:39:50.167Z,2026-05-12T23:39:49.197Z,53.22874450683594,1.614,,2.614,나쁨,중간수준 악화 (나쁨-2),2.614,,0.773,0.773,1.577,0.8559,0.4941,46,46,computed_co2_regression,3,18.33333396911621,history,24.81707763671875,2026-04-12T23:39:50.167Z,177.1666717529297
857.6666870117188,2026-04-12T23:39:56.174Z,2026-05-12T23:39:55.244Z,53.30503845214844,1.605,,2.605,나쁨,중간수준 악화 (나쁨-2),2.605,,0.79,0.79,1.58,0.8658,0.4957,46,46,computed_co2_regression,3,18.66666603088379,history,24.810401916503906,2026-04-12T23:39:56.174Z,177.25
854,2026-04-12T23:40:04.338Z,2026-05-12T23:40:03.412Z,53.452857971191406,1.6,,2.6,나쁨,중간수준 악화 (나쁨-2),2.6,,0.8,0.8,1.586,0.8671,0.4996,46,46,computed_co2_regression,3,18.83333396911621,history,24.806396484375,2026-04-12T23:40:04.338Z,177.25
851.6666870117188,2026-04-12T23:40:10.058Z,2026-05-12T23:40:09.122Z,53.54917907714844,1.599,,2.599,나쁨,중간수준 악화 (나쁨-2),2.599,,0.802,0.802,1.626,0.867,0.5218,46,46,computed_co2_regression,3,18.83333396911621,history,24.814407348632812,2026-04-12T23:40:10.058Z,177.3333282470703
849.6666870117188,2026-04-12T23:40:16.966Z,2026-05-12T23:40:15.990Z,53.55204391479492,1.6,,2.6,나쁨,중간수준 악화 (나쁨-2),2.6,,0.8,0.8,1.65,0.8686,0.5354,46,46,computed_co2_regression,3,18.83333396911621,history,24.813072204589844,2026-04-12T23:40:16.966Z,177.3333282470703
851,2026-04-12T23:40:23.131Z,2026-05-12T23:40:22.200Z,53.683650970458984,1.608,,2.608,나쁨,중간수준 악화 (나쁨-2),2.608,,0.785,0.785,1.672,0.8764,0.5465,46,46,computed_co2_regression,3,18.66666603088379,history,24.821083068847656,2026-04-12T23:40:23.131Z,177.3333282470703
853.3333129882812,2026-04-12T23:40:29.251Z,2026-05-12T23:40:28.179Z,53.89822769165039,1.62,,2.62,나쁨,중간수준 악화 (나쁨-2),2.62,,0.76,0.76,1.679,0.8862,0.5497,46,46,computed_co2_regression,3,18.5,history,24.8277587890625,2026-04-12T23:40:29.251Z,177.4166717529297
859,2026-04-12T23:40:35.206Z,2026-05-12T23:40:34.270Z,53.99931335449219,1.64,,2.641,나쁨,중간수준 악화 (나쁨-2),2.641,,0.719,0.719,1.644,0.8837,0.5358,46,46,computed_co2_regression,3,18.66666603088379,history,24.819747924804688,2026-04-12T23:40:35.206Z,177.5
866.3333129882812,2026-04-12T23:40:41.776Z,2026-05-12T23:40:40.628Z,53.913482666015625,1.671,,2.671,나쁨,중간수준 악화 (나쁨-2),2.671,,0.658,0.658,1.577,0.8361,0.5064,46,46,computed_co2_regression,3,19,history,24.822418212890625,2026-04-12T23:40:41.776Z,177.5833282470703
873,2026-04-12T23:40:47.538Z,2026-05-12T23:40:46.603Z,53.74945068359375,1.709,,2.709,나쁨,중간수준 악화 (나쁨-2),2.709,,0.583,0.583,1.481,0.7174,0.4641,46,46,computed_co2_regression,3,19.16666603088379,history,24.835769653320312,2026-04-12T23:40:47.538Z,177.75
876.6666870117188,2026-04-12T23:40:53.630Z,2026-05-12T23:40:52.691Z,53.67505645751953,1.748,,2.748,나쁨,중간수준 악화 (나쁨-2),2.748,,0.505,0.505,1.392,0.5604,0.4174,46,46,computed_co2_regression,3,19.5,history,24.835769653320312,2026-04-12T23:40:53.630Z,177.8333282470703
878.6666870117188,2026-04-12T23:40:59.693Z,2026-05-12T23:40:58.606Z,53.67314529418945,1.787,,2.787,나쁨,중간수준 악화 (나쁨-2),2.787,,0.426,0.426,1.29,0.4018,0.3577,46,46,computed_co2_regression,3,20,history,24.82909393310547,2026-04-12T23:40:59.693Z,177.9166717529297
879.6666870117188,2026-04-12T23:41:08.325Z,2026-05-12T23:41:07.121Z,53.67314529418945,1.826,,2.826,나쁨,중간수준 악화 (나쁨-2),2.826,,0.349,0.349,1.199,0.2649,0.305,46,46,computed_co2_regression,3,20.16666603088379,history,24.82909393310547,2026-04-12T23:41:08.325Z,178
880,2026-04-12T23:41:14.932Z,2026-05-12T23:41:14.003Z,53.713199615478516,1.862,,2.862,나쁨,중간수준 악화 (나쁨-2),2.862,,0.276,0.276,1.134,0.161,0.2693,46,46,computed_co2_regression,3,20.16666603088379,history,24.79705047607422,2026-04-12T23:41:14.932Z,178.0833282470703
879,2026-04-12T23:41:20.575Z,2026-05-12T23:41:19.644Z,53.77900314331055,1.892,,2.892,나쁨,중간수준 악화 (나쁨-2),2.892,,0.216,0.216,1.06,0.0948,0.2333,46,46,computed_co2_regression,3,20,history,24.782363891601562,2026-04-12T23:41:20.575Z,178.25
878.6666870117188,2026-04-12T23:41:26.503Z,2026-05-12T23:41:25.575Z,53.86101531982422,1.92,,2.92,나쁨,중간수준 악화 (나쁨-2),2.92,,0.16,0.16,0.963,0.05,0.1905,46,46,computed_co2_regression,3,20.16666603088379,history,24.806396484375,2026-04-12T23:41:26.503Z,178.4166717529297
879,2026-04-12T23:41:32.581Z,2026-05-12T23:41:31.617Z,53.85338592529297,1.949,,2.949,나쁨,중간수준 악화 (나쁨-2),2.949,,0.103,0.103,0.817,0.02,0.1367,46,46,computed_co2_regression,3,20.33333396911621,history,24.80506134033203,2026-04-12T23:41:32.581Z,178.6666717529297
879.3333129882812,2026-04-12T23:41:38.601Z,2026-05-12T23:41:37.670Z,53.79425811767578,1.978,,2.978,나쁨,중간수준 악화 (나쁨-2),2.978,,0.045,0.045,0.67,0.0036,0.0927,46,46,computed_co2_regression,2.9166667461395264,20.16666603088379,history,24.79438018798828,2026-04-12T23:41:38.601Z,178.9166717529297
879.3333129882812,2026-04-12T23:41:44.657Z,2026-05-12T23:41:43.723Z,53.83049774169922,2,,3,나쁨,심각한 악화 (나쁨-3),3,,0,0,0.485,0.0003,0.0487,46,46,computed_co2_regression,2.8333332538604736,20.5,history,24.802391052246094,2026-04-12T23:41:44.657Z,179.0833282470703
878.3333129882812,2026-04-12T23:41:50.721Z,2026-05-12T23:41:49.653Z,53.930633544921875,2,,3,나쁨,심각한 악화 (나쁨-3),3,,0,0,0.273,0.0077,0.0155,46,46,computed_co2_regression,2.75,20.66666603088379,history,24.80773162841797,2026-04-12T23:41:50.721Z,179.3333282470703
877,2026-04-12T23:41:56.624Z,2026-05-12T23:41:55.691Z,53.726539611816406,2,,3,나쁨,심각한 악화 (나쁨-3),3,,0,0,0.072,0.0229,0.0011,46,46,computed_co2_regression,2.6666667461395264,20.66666603088379,history,24.803726196289062,2026-04-12T23:41:56.624Z,179.5833282470703
874.6666870117188,2026-04-12T23:42:02.754Z,2026-05-12T23:42:01.673Z,53.59302520751953,2,,3,나쁨,심각한 악화 (나쁨-3),3,,0,0,0,0.0422,0.0024,46,46,computed_co2_regression,2.5833332538604736,20.5,history,24.81574249267578,2026-04-12T23:42:02.754Z,179.75
872.6666870117188,2026-04-12T23:42:09.927Z,2026-05-12T23:42:08.996Z,53.69316101074219,2,,3,나쁨,심각한 악화 (나쁨-3),3,,0,0,0,0.0634,0.0116,46,46,computed_co2_regression,2.5,20.16666603088379,history,24.814407348632812,2026-04-12T23:42:09.927Z,179.9166717529297
870.6666870117188,2026-04-12T23:42:16.880Z,2026-05-12T23:42:15.939Z,53.73893737792969,2,,3,나쁨,심각한 악화 (나쁨-3),3,,0,0,0,0.0868,0.0244,46,46,computed_co2_regression,2.4166667461395264,20,history,24.7850341796875,2026-04-12T23:42:16.880Z,180.0833282470703
868.3333129882812,2026-04-12T23:42:22.494Z,2026-05-12T23:42:21.567Z,53.85433578491211,2,,3,나쁨,심각한 악화 (나쁨-3),3,,0,0,0,0.111,0.0332,46,46,computed_co2_regression,2.3333332538604736,19.5,history,24.770347595214844,2026-04-12T23:42:22.494Z,180.25
865.6666870117188,2026-04-12T23:42:28.585Z,2026-05-12T23:42:27.657Z,53.886756896972656,2,,3,나쁨,심각한 악화 (나쁨-3),3,,0,0,0,0.1315,0.0344,46,46,computed_co2_regression,2.25,19,history,24.79438018798828,2026-04-12T23:42:28.585Z,180.4166717529297
862.6666870117188,2026-04-12T23:42:34.718Z,2026-05-12T23:42:33.775Z,53.89820098876953,2,,3,나쁨,심각한 악화 (나쁨-3),3,,0,0,0,0.1395,0.0386,46,46,computed_co2_regression,2.1666667461395264,19,history,24.809066772460938,2026-04-12T23:42:34.718Z,180.5833282470703
860.6666870117188,2026-04-12T23:42:40.601Z,2026-05-12T23:42:39.628Z,53.8323974609375,2,,3,나쁨,심각한 악화 (나쁨-3),3,,0,0,0,0.1344,0.0437,46,46,computed_co2_regression,2.0833332538604736,19,history,24.81707763671875,2026-04-12T23:42:40.601Z,180.75
858.3333129882812,2026-04-12T23:42:46.602Z,2026-05-12T23:42:45.678Z,53.85528564453125,2,,3,나쁨,심각한 악화 (나쁨-3),3,,0,0,0,0.1142,0.0558,46,46,computed_co2_regression,2,19.16666603088379,history,24.809066772460938,2026-04-12T23:42:46.602Z,180.8333282470703
857,2026-04-12T23:42:52.588Z,2026-05-12T23:42:51.654Z,53.95637512207031,2,,3,나쁨,심각한 악화 (나쁨-3),3,,0,0,0,0.0904,0.0745,46,46,computed_co2_regression,2,19.16666603088379,history,24.801055908203125,2026-04-12T23:42:52.588Z,180.9166717529297
855,2026-04-12T23:42:58.567Z,2026-05-12T23:42:57.635Z,53.9849853515625,2,,3,나쁨,심각한 악화 (나쁨-3),3,,0,0,0,0.064,0.1112,46,46,computed_co2_regression,2,19.33333396911621,history,24.811737060546875,2026-04-12T23:42:58.567Z,181
853.3333129882812,2026-04-12T23:43:05.498Z,2026-05-12T23:43:04.538Z,54.001197814941406,2,,3,나쁨,심각한 악화 (나쁨-3),3,,0,0,0,0.035,0.1147,47,47,computed_co2_regression,2,19.66666603088379,history,24.79705047607422,2026-04-12T23:43:05.498Z,181
850.6666870117188,2026-04-12T23:43:12.820Z,2026-05-12T23:43:11.898Z,54.077491760253906,2,,3,나쁨,심각한 악화 (나쁨-3),3,,0,0,0,0.0163,0.1803,47,47,computed_co2_regression,2,19.5,history,24.789039611816406,2026-04-12T23:43:12.820Z,180.9166717529297
847.3333129882812,2026-04-12T23:43:19.060Z,2026-05-12T23:43:17.995Z,54.17762756347656,2,,3,나쁨,심각한 악화 (나쁨-3),3,,0,0,0,0.0031,0.2406,47,47,computed_co2_regression,2,19,history,24.78369903564453,2026-04-12T23:43:19.060Z,180.8333282470703
844.3333129882812,2026-04-12T23:43:25.225Z,2026-05-12T23:43:24.290Z,54.161415100097656,1.989,,2.989,나쁨,중간수준 악화 (나쁨-2),2.989,,0.023,0.023,0,0.0006,0.2139,48,48,computed_co2_regression,2,18.83333396911621,history,24.769012451171875,2026-04-12T23:43:25.225Z,180.75
841.6666870117188,2026-04-12T23:43:31.662Z,2026-05-12T23:43:30.666Z,54.14997100830078,1.95,,2.95,나쁨,중간수준 악화 (나쁨-2),2.95,,0.101,0.101,0,0.0108,0.2554,48,48,computed_co2_regression,2,18.66666603088379,history,24.77435302734375,2026-04-12T23:43:31.662Z,180.6666717529297
840.6666870117188,2026-04-12T23:43:37.648Z,2026-05-12T23:43:36.579Z,54.22626495361328,1.909,,2.909,나쁨,중간수준 악화 (나쁨-2),2.909,,0.183,0.183,0,0.0321,0.2778,48,48,computed_co2_regression,2,18.66666603088379,history,24.76500701904297,2026-04-12T23:43:37.648Z,180.5833282470703
839,2026-04-12T23:43:43.531Z,2026-05-12T23:43:42.601Z,54.305419921875,1.865,,2.865,나쁨,중간수준 악화 (나쁨-2),2.865,,0.27,0.27,0,0.0631,0.2621,48,48,computed_co2_regression,2,18.33333396911621,history,24.75432586669922,2026-04-12T23:43:43.531Z,180.5
837.6666870117188,2026-04-12T23:43:49.560Z,2026-05-12T23:43:48.629Z,54.34165954589844,1.821,,2.821,나쁨,중간수준 악화 (나쁨-2),2.821,,0.358,0.358,0,0.0998,0.2068,48,48,computed_co2_regression,2,18,history,24.770347595214844,2026-04-12T23:43:49.560Z,180.4166717529297
836,2026-04-12T23:43:55.716Z,2026-05-12T23:43:54.784Z,54.34642791748047,1.776,,2.776,나쁨,중간수준 악화 (나쁨-2),2.776,,0.448,0.448,0,0.1412,0.1589,48,48,computed_co2_regression,2,18.33333396911621,history,24.770347595214844,2026-04-12T23:43:55.716Z,180.3333282470703
835.3333129882812,2026-04-12T23:44:01.630Z,2026-05-12T23:44:00.697Z,54.37408447265625,1.746,,2.746,나쁨,중간수준 악화 (나쁨-2),2.746,,0.508,0.508,0,0.1766,0.1276,49,49,computed_co2_regression,2,18.33333396911621,history,24.769012451171875,2026-04-12T23:44:01.630Z,180.25
835.3333129882812,2026-04-12T23:44:08.473Z,2026-05-12T23:44:07.547Z,54.39125061035156,1.705,,2.706,나쁨,중간수준 악화 (나쁨-2),2.706,,0.589,0.589,0,0.219,0.0817,49,49,computed_co2_regression,2,18.33333396911621,history,24.77568817138672,2026-04-12T23:44:08.473Z,180.1666717529297
836.3333129882812,2026-04-12T23:44:16.877Z,2026-05-12T23:44:15.760Z,54.44084930419922,1.653,,2.653,나쁨,중간수준 악화 (나쁨-2),2.653,,0.694,0.694,0,0.2681,0.0231,48,48,computed_co2_regression,2,18.5,history,24.771682739257812,2026-04-12T23:44:16.877Z,180.1666717529297
837.6666870117188,2026-04-12T23:44:22.669Z,2026-05-12T23:44:21.589Z,54.461830139160156,1.622,,2.622,나쁨,중간수준 악화 (나쁨-2),2.622,,0.756,0.756,0,0.3028,0.0034,48,48,computed_co2_regression,2,18.66666603088379,history,24.771682739257812,2026-04-12T23:44:22.669Z,180.1666717529297
839,2026-04-12T23:44:28.675Z,2026-05-12T23:44:27.602Z,54.35978317260742,1.597,,2.597,나쁨,중간수준 악화 (나쁨-2),2.597,,0.806,0.806,0.041,0.3315,0.0006,48,48,computed_co2_regression,2,19,history,24.778358459472656,2026-04-12T23:44:28.675Z,180.25
839.6666870117188,2026-04-12T23:44:34.729Z,2026-05-12T23:44:33.805Z,54.37790298461914,1.575,,2.575,나쁨,중간수준 악화 (나쁨-2),2.575,,0.85,0.85,0.202,0.3573,0.0153,48,48,computed_co2_regression,2,18.66666603088379,history,24.78636932373047,2026-04-12T23:44:34.729Z,180.3333282470703
840,2026-04-12T23:44:40.728Z,2026-05-12T23:44:39.651Z,54.461830139160156,1.553,,2.553,나쁨,중간수준 악화 (나쁨-2),2.553,,0.895,0.895,0.365,0.3849,0.0529,48,48,computed_co2_regression,2,18.5,history,24.7850341796875,2026-04-12T23:44:40.728Z,180.5
839.6666870117188,2026-04-12T23:44:46.611Z,2026-05-12T23:44:45.676Z,54.47994613647461,1.527,,2.528,나쁨,중간수준 악화 (나쁨-2),2.528,,0.945,0.945,0.49,0.4165,0.0983,48,48,computed_co2_regression,2,18.66666603088379,history,24.7850341796875,2026-04-12T23:44:46.611Z,180.6666717529297
839.3333129882812,2026-04-12T23:44:52.607Z,2026-05-12T23:44:51.671Z,54.36073684692383,1.499,,2.499,나쁨,중간수준 악화 (나쁨-2),2.499,,1.003,1.003,0.616,0.455,0.1569,48,48,computed_co2_regression,2,18.5,history,24.793045043945312,2026-04-12T23:44:52.607Z,180.8333282470703
838.6666870117188,2026-04-12T23:44:58.573Z,2026-05-12T23:44:57.646Z,54.3111457824707,1.467,,2.467,나쁨,중간수준 악화 (나쁨-2),2.467,,1.066,1.066,0.69,0.4987,0.1976,48,48,computed_co2_regression,2,18.83333396911621,history,24.77435302734375,2026-04-12T23:44:58.573Z,181
838,2026-04-12T23:45:05.561Z,2026-05-12T23:45:04.625Z,54.449432373046875,1.43,,2.43,나쁨,중간수준 악화 (나쁨-2),2.43,,1.141,1.141,0.736,0.5544,0.2258,48,48,computed_co2_regression,2,19,history,24.766342163085938,2026-04-12T23:45:05.561Z,181.1666717529297
837.3333129882812,2026-04-12T23:45:11.607Z,2026-05-12T23:45:10.527Z,54.48377227783203,1.388,,2.388,나쁨,중간수준 악화 (나쁨-2),2.388,,1.224,1.224,0.745,0.6202,0.2322,48,48,computed_co2_regression,2,19.5,history,24.76233673095703,2026-04-12T23:45:11.607Z,181.3333282470703
836.6666870117188,2026-04-12T23:45:19.718Z,2026-05-12T23:45:18.793Z,54.47518539428711,1.344,,2.344,나쁨,중간수준 악화 (나쁨-2),2.344,,1.312,1.312,0.717,0.6953,0.2121,48,48,computed_co2_regression,2,20,history,24.77301788330078,2026-04-12T23:45:19.718Z,181.5
836,2026-04-12T23:45:25.727Z,2026-05-12T23:45:24.648Z,54.570552825927734,1.301,,2.302,나쁨,중간수준 악화 (나쁨-2),2.302,,1.397,1.397,0.707,0.7663,0.2051,48,48,computed_co2_regression,2,20,history,24.799720764160156,2026-04-12T23:45:25.727Z,181.6666717529297
835.3333129882812,2026-04-12T23:45:31.721Z,2026-05-12T23:45:30.638Z,54.58390426635742,1.264,,2.264,나쁨,중간수준 악화 (나쁨-2),2.264,,1.473,1.473,0.728,0.8279,0.2204,48,48,computed_co2_regression,2,19.83333396911621,history,24.790374755859375,2026-04-12T23:45:31.721Z,181.75
835,2026-04-12T23:45:37.537Z,2026-05-12T23:45:36.606Z,54.20051956176758,1.236,,2.236,나쁨,중간수준 악화 (나쁨-2),2.236,,1.529,1.529,0.776,0.8673,0.2554,48,48,computed_co2_regression,2,19.33333396911621,history,24.777023315429688,2026-04-12T23:45:37.537Z,181.8333282470703
835.6666870117188,2026-04-12T23:45:43.526Z,2026-05-12T23:45:42.590Z,54.140438079833984,1.223,,2.223,나쁨,중간수준 악화 (나쁨-2),2.223,,1.554,1.554,0.813,0.882,0.2813,48,48,computed_co2_regression,2,19.16666603088379,history,24.778358459472656,2026-04-12T23:45:43.526Z,182.5
836.3333129882812,2026-04-12T23:45:49.593Z,2026-05-12T23:45:48.657Z,54.235801696777344,1.225,,2.225,나쁨,중간수준 악화 (나쁨-2),2.225,,1.551,1.551,0.864,0.88,0.3141,48,48,computed_co2_regression,2,18.83333396911621,history,24.77301788330078,2026-04-12T23:45:49.593Z,185
837,2026-04-12T23:45:55.695Z,2026-05-12T23:45:54.761Z,54.27680969238281,1.237,,2.237,나쁨,중간수준 악화 (나쁨-2),2.237,,1.527,1.527,0.913,0.8697,0.3418,48,48,computed_co2_regression,2,18.5,history,24.76233673095703,2026-04-12T23:45:55.695Z,189.6666717529297
837,2026-04-12T23:46:01.603Z,2026-05-12T23:46:00.645Z,54.505699157714844,1.254,,2.254,나쁨,중간수준 악화 (나쁨-2),2.254,,1.492,1.492,0.933,0.8553,0.3509,48,48,computed_co2_regression,2,18.33333396911621,history,24.767677307128906,2026-04-12T23:46:01.603Z,196.75
837,2026-04-12T23:46:08.387Z,2026-05-12T23:46:07.401Z,54.483760833740234,1.417,,2.274,나쁨,중간수준 악화 (나쁨-2),2.274,,1.451,1.451,0.934,0.8469,0.3655,49,49,computed_co2_regression,2,18.5,history,24.771682739257812,2026-04-12T23:46:08.387Z,214.25
837,2026-04-12T23:46:15.170Z,2026-05-12T23:46:14.235Z,54.5085563659668,1.539,,2.298,나쁨,중간수준 악화 (나쁨-2),2.298,,1.404,1.404,0.921,0.829,0.3594,49,49,computed_co2_regression,2,18.5,history,24.78369903564453,2026-04-12T23:46:15.170Z,224.0833282470703
837,2026-04-12T23:46:22.356Z,2026-05-12T23:46:21.428Z,54.566734313964844,1.679,,2.333,나쁨,중간수준 악화 (나쁨-2),2.333,,1.334,1.334,0.895,0.797,0.3339,48,48,computed_co2_regression,2,18.5,history,24.798385620117188,2026-04-12T23:46:22.356Z,234.5833282470703
838,2026-04-12T23:46:28.055Z,2026-05-12T23:46:27.136Z,54.465641021728516,1.818,,2.366,나쁨,중간수준 악화 (나쁨-2),2.366,,1.269,1.269,0.855,0.7713,0.3146,48,48,computed_co2_regression,2,18.66666603088379,history,24.803726196289062,2026-04-12T23:46:28.055Z,245.25
839.6666870117188,2026-04-12T23:46:34.200Z,2026-05-12T23:46:33.209Z,54.57626724243164,1.962,,2.404,나쁨,중간수준 악화 (나쁨-2),2.404,,1.192,1.192,0.797,0.7391,0.2886,48,48,computed_co2_regression,2,18.66666603088379,history,24.79705047607422,2026-04-12T23:46:34.200Z,255.8333282470703
841.3333129882812,2026-04-12T23:46:40.075Z,2026-05-12T23:46:39.139Z,54.762237548828125,2.11,,2.449,나쁨,심각한 악화 (나쁨-3),2.449,,1.103,1.103,0.722,0.6997,0.2487,48,48,computed_co2_regression,2,19,history,24.791709899902344,2026-04-12T23:46:40.075Z,266.1666564941406
842,2026-04-12T23:46:46.203Z,2026-05-12T23:46:45.279Z,54.773681640625,2.259,,2.497,나쁨,심각한 악화 (나쁨-3),2.497,,1.006,1.006,0.618,0.6564,0.2002,48,48,computed_co2_regression,2,19,history,24.79571533203125,2026-04-12T23:46:46.203Z,276.1666564941406
842,2026-04-12T23:46:52.062Z,2026-05-12T23:46:51.133Z,54.767005920410156,2.396,,2.546,나쁨,심각한 악화 (나쁨-3),2.546,,0.908,0.908,0.497,0.6113,0.1484,48,48,computed_co2_regression,2,19,history,24.779693603515625,2026-04-12T23:46:52.062Z,285
842,2026-04-12T23:46:58.197Z,2026-05-12T23:46:57.205Z,54.83662414550781,2.51,,2.595,나쁨,심각한 악화 (나쁨-3),2.595,,0.81,0.81,0.37,0.5638,0.0972,48,48,computed_co2_regression,2,19,history,24.79571533203125,2026-04-12T23:46:58.197Z,291.5
842,2026-04-12T23:47:05.075Z,2026-05-12T23:47:04.145Z,54.89289093017578,2.595,,2.644,나쁨,심각한 악화 (나쁨-3),2.644,,0.713,0.713,0.251,0.5129,0.0525,48,48,computed_co2_regression,2,19,history,24.809066772460938,2026-04-12T23:47:05.075Z,295.1666564941406
842,2026-04-12T23:47:10.709Z,2026-05-12T23:47:09.763Z,54.82422637939453,2.62,,2.662,나쁨,심각한 악화 (나쁨-3),2.662,,0.676,0.676,0.232,0.4904,0.0477,49,49,computed_co2_regression,2,19,history,24.798385620117188,2026-04-12T23:47:10.709Z,295.8333435058594
841.3333129882812,2026-04-12T23:47:17.580Z,2026-05-12T23:47:16.649Z,54.774635314941406,2.653,,2.706,나쁨,심각한 악화 (나쁨-3),2.706,,0.588,0.588,0.174,0.4406,0.03,49,49,computed_co2_regression,2,18.5,history,24.802391052246094,2026-04-12T23:47:17.580Z,294.6666564941406
840.6666870117188,2026-04-12T23:47:24.954Z,2026-05-12T23:47:24.002Z,54.769866943359375,2.701,,2.778,나쁨,심각한 악화 (나쁨-3),2.778,,0.445,0.445,0.109,0.3537,0.0123,48,48,computed_co2_regression,2,18.16666603088379,history,24.81574249267578,2026-04-12T23:47:24.954Z,292.3333435058594
839.6666870117188,2026-04-12T23:47:30.583Z,2026-05-12T23:47:29.650Z,54.820411682128906,2.702,,2.815,나쁨,심각한 악화 (나쁨-3),2.815,,0.37,0.37,0.153,0.3026,0.023,48,48,computed_co2_regression,2,18.16666603088379,history,24.80773162841797,2026-04-12T23:47:30.583Z,288.75
839,2026-04-12T23:47:36.768Z,2026-05-12T23:47:35.688Z,54.83280944824219,2.691,,2.848,나쁨,심각한 악화 (나쁨-3),2.848,,0.304,0.304,0.207,0.2523,0.0395,48,48,computed_co2_regression,2,18,history,24.803726196289062,2026-04-12T23:47:36.768Z,284.25
838,2026-04-12T23:47:42.692Z,2026-05-12T23:47:41.696Z,54.815643310546875,2.67,,2.878,나쁨,심각한 악화 (나쁨-3),2.878,,0.245,0.245,0.285,0.2051,0.0665,48,48,computed_co2_regression,2,17.66666603088379,history,24.814407348632812,2026-04-12T23:47:42.692Z,279.25
837,2026-04-12T23:47:48.669Z,2026-05-12T23:47:47.722Z,54.85188293457031,2.644,,2.904,나쁨,심각한 악화 (나쁨-3),2.904,,0.193,0.193,0.36,0.1618,0.0932,48,48,computed_co2_regression,2,17.5,history,24.799720764160156,2026-04-12T23:47:48.669Z,274.0833435058594
836,2026-04-12T23:47:54.735Z,2026-05-12T23:47:53.795Z,54.957740783691406,2.616,,2.927,나쁨,심각한 악화 (나쁨-3),2.927,,0.147,0.147,0.414,0.122,0.1148,48,48,computed_co2_regression,2,17.66666603088379,history,24.79705047607422,2026-04-12T23:47:54.735Z,268.9166564941406
835,2026-04-12T23:48:00.650Z,2026-05-12T23:47:59.718Z,55.04357147216797,2.586,,2.946,나쁨,심각한 악화 (나쁨-3),2.946,,0.108,0.108,0.438,0.087,0.124,48,48,computed_co2_regression,2,17.83333396911621,history,24.791709899902344,2026-04-12T23:48:00.650Z,264
834.3333129882812,2026-04-12T23:48:07.411Z,2026-05-12T23:48:06.462Z,55.05596923828125,2.557,,2.963,나쁨,심각한 악화 (나쁨-3),2.963,,0.074,0.074,0.416,0.0561,0.1153,48,48,computed_co2_regression,2,18,history,24.78369903564453,2026-04-12T23:48:07.411Z,259.4166564941406
834.6666870117188,2026-04-12T23:48:13.609Z,2026-05-12T23:48:12.668Z,55.041664123535156,2.511,,2.958,나쁨,심각한 악화 (나쁨-3),2.958,,0.084,0.084,0.442,0.0733,0.1342,49,49,computed_co2_regression,2,18,history,24.801055908203125,2026-04-12T23:48:13.609Z,255.25
835.3333129882812,2026-04-12T23:48:19.517Z,2026-05-12T23:48:18.583Z,55.01019287109375,2.489,,2.973,나쁨,심각한 악화 (나쁨-3),2.973,,0.054,0.054,0.413,0.0415,0.1214,49,49,computed_co2_regression,2,18.16666603088379,history,24.79705047607422,2026-04-12T23:48:19.517Z,251.5833282470703
836,2026-04-12T23:48:26.994Z,2026-05-12T23:48:26.048Z,55.041664123535156,2.478,,2.995,나쁨,심각한 악화 (나쁨-3),2.995,,0.011,0.011,0.427,0.0024,0.1216,48,48,computed_co2_regression,2,18.16666603088379,history,24.7850341796875,2026-04-12T23:48:26.994Z,248.3333282470703
836,2026-04-12T23:48:33.215Z,2026-05-12T23:48:32.127Z,55.12940216064453,2.452,,2.998,나쁨,심각한 악화 (나쁨-3),2.998,,0.005,0.005,0.455,0.0006,0.1369,48,48,computed_co2_regression,2,18.16666603088379,history,24.77435302734375,2026-04-12T23:48:33.215Z,245.4166717529297
836,2026-04-12T23:48:39.172Z,2026-05-12T23:48:38.088Z,55.08839416503906,2.429,,2.999,나쁨,심각한 악화 (나쁨-3),2.999,,0.002,0.002,0.496,0.0001,0.1588,48,48,computed_co2_regression,2,18,history,24.778358459472656,2026-04-12T23:48:39.172Z,243
836.3333129882812,2026-04-12T23:48:45.189Z,2026-05-12T23:48:44.248Z,55.05406188964844,2.408,,2.999,나쁨,심각한 악화 (나쁨-3),2.999,,0.003,0.003,0.576,0.0002,0.2069,48,48,computed_co2_regression,2,17.83333396911621,history,24.802391052246094,2026-04-12T23:48:45.189Z,240.9166717529297
836.6666870117188,2026-04-12T23:48:51.718Z,2026-05-12T23:48:50.618Z,55.18757629394531,2.386,,2.996,나쁨,심각한 악화 (나쁨-3),2.996,,0.008,0.008,0.683,0.0012,0.2862,48,48,computed_co2_regression,2,17.83333396911621,history,24.801055908203125,2026-04-12T23:48:51.718Z,239
837,2026-04-12T23:48:57.485Z,2026-05-12T23:48:56.558Z,55.16850280761719,2.365,,2.992,나쁨,심각한 악화 (나쁨-3),2.992,,0.017,0.017,0.748,0.0059,0.3369,48,48,computed_co2_regression,2,18,history,24.787704467773438,2026-04-12T23:48:57.485Z,237.3333282470703
837.3333129882812,2026-04-12T23:49:03.551Z,2026-05-12T23:49:02.614Z,55.02545166015625,2.345,,2.986,나쁨,심각한 악화 (나쁨-3),2.986,,0.028,0.028,0.812,0.0161,0.3899,48,48,computed_co2_regression,2,18,history,24.7850341796875,2026-04-12T23:49:03.551Z,235.9166717529297
837.6666870117188,2026-04-12T23:49:09.557Z,2026-05-12T23:49:08.569Z,55.006378173828125,2.328,,2.981,나쁨,심각한 악화 (나쁨-3),2.981,,0.038,0.038,0.861,0.0303,0.4355,48,48,computed_co2_regression,2,18.16666603088379,history,24.803726196289062,2026-04-12T23:49:09.557Z,234.6666717529297
838,2026-04-12T23:49:16.360Z,2026-05-12T23:49:15.432Z,55.128448486328125,2.318,,2.983,나쁨,심각한 악화 (나쁨-3),2.983,,0.035,0.035,0.826,0.0278,0.4247,49,49,computed_co2_regression,2,18.33333396911621,history,24.79571533203125,2026-04-12T23:49:16.360Z,233.5
837.6666870117188,2026-04-12T23:49:22.080Z,2026-05-12T23:49:21.152Z,55.26482391357422,2.305,,2.98,나쁨,심각한 악화 (나쁨-3),2.98,,0.041,0.041,0.844,0.0388,0.4429,49,49,computed_co2_regression,2,18.33333396911621,history,24.77568817138672,2026-04-12T23:49:22.080Z,232.5833282470703
837.3333129882812,2026-04-12T23:49:29.321Z,2026-05-12T23:49:28.387Z,55.349700927734375,2.295,,2.978,나쁨,심각한 악화 (나쁨-3),2.978,,0.044,0.044,0.836,0.0442,0.4351,49,49,computed_co2_regression,2,18.5,history,24.789039611816406,2026-04-12T23:49:29.321Z,231.6666717529297
837,2026-04-12T23:49:35.364Z,2026-05-12T23:49:34.229Z,55.308692932128906,2.286,,2.979,나쁨,심각한 악화 (나쁨-3),2.979,,0.043,0.043,0.802,0.0428,0.4057,49,49,computed_co2_regression,2,18.5,history,24.789039611816406,2026-04-12T23:49:35.364Z,230.75
837,2026-04-12T23:49:41.063Z,2026-05-12T23:49:40.129Z,55.42504119873047,2.28,,2.98,나쁨,심각한 악화 (나쁨-3),2.98,,0.04,0.04,0.805,0.0367,0.4083,49,49,computed_co2_regression,2,18.33333396911621,history,24.77435302734375,2026-04-12T23:49:41.063Z,230
837.3333129882812,2026-04-12T23:49:47.580Z,2026-05-12T23:49:46.649Z,55.61101531982422,2.278,,2.986,나쁨,심각한 악화 (나쁨-3),2.986,,0.029,0.029,0.9,0.019,0.4671,48,48,computed_co2_regression,2,17.83333396911621,history,24.771682739257812,2026-04-12T23:49:47.580Z,229.25
839.3333129882812,2026-04-12T23:49:54.156Z,2026-05-12T23:49:53.083Z,55.73881149291992,2.278,,2.992,나쁨,심각한 악화 (나쁨-3),2.992,,0.017,0.017,0.982,0.0069,0.5228,48,48,computed_co2_regression,2,17.5,history,24.767677307128906,2026-04-12T23:49:54.156Z,228.6666717529297
843.3333129882812,2026-04-12T23:50:00.088Z,2026-05-12T23:49:59.094Z,55.786495208740234,2.282,,3,나쁨,심각한 악화 (나쁨-3),3,,0,0,1.061,0.0006,0.5572,48,48,computed_co2_regression,2,17.16666603088379,history,24.767677307128906,2026-04-12T23:50:00.088Z,228.1666717529297
849.3333129882812,2026-04-12T23:50:07.034Z,2026-05-12T23:50:05.962Z,55.74834442138672,2.278,,3,나쁨,심각한 악화 (나쁨-3),3,,0,0,1.135,0.0278,0.5811,48,48,computed_co2_regression,2,17,history,24.77568817138672,2026-04-12T23:50:07.034Z,227.75
857.6666870117188,2026-04-12T23:50:13.015Z,2026-05-12T23:50:12.081Z,55.772186279296875,2.274,,3,나쁨,심각한 악화 (나쁨-3),3,,0,0,1.192,0.0818,0.5842,48,48,computed_co2_regression,2,16.66666603088379,history,24.778358459472656,2026-04-12T23:50:13.015Z,227.4166717529297
866,2026-04-12T23:50:19.547Z,2026-05-12T23:50:18.470Z,55.78076934814453,2.272,,3,나쁨,심각한 악화 (나쁨-3),3,,0,0,1.241,0.1367,0.6094,49,49,computed_co2_regression,2,16.83333396911621,history,24.79571533203125,2026-04-12T23:50:19.547Z,227.1666717529297
876,2026-04-12T23:50:25.700Z,2026-05-12T23:50:24.755Z,55.99534606933594,2.27,,3,나쁨,심각한 악화 (나쁨-3),3,,0,0,1.215,0.1825,0.6086,49,49,computed_co2_regression,2,17,history,24.81574249267578,2026-04-12T23:50:25.700Z,227
891,2026-04-12T23:50:32.938Z,2026-05-12T23:50:32.014Z,55.72163391113281,2.268,,3,나쁨,심각한 악화 (나쁨-3),3,,0,0,1.093,0.2156,0.5753,48,48,computed_co2_regression,2,17.33333396911621,history,24.81707763671875,2026-04-12T23:50:32.938Z,226.8333282470703
907.6666870117188,2026-04-12T23:50:38.671Z,2026-05-12T23:50:37.745Z,55.50801086425781,2.268,,3,나쁨,심각한 악화 (나쁨-3),3,,0,0,1.051,0.248,0.5591,48,48,computed_co2_regression,2,17.5,history,24.819747924804688,2026-04-12T23:50:38.671Z,226.75
926,2026-04-12T23:50:44.865Z,2026-05-12T23:50:43.845Z,55.61005401611328,2.268,,3,나쁨,심각한 악화 (나쁨-3),3,,0,0,1.017,0.2807,0.5437,48,48,computed_co2_regression,2,17.5,history,24.82642364501953,2026-04-12T23:50:44.865Z,226.75
938.3333129882812,2026-04-12T23:50:50.730Z,2026-05-12T23:50:49.775Z,55.64533996582031,2.268,,3,나쁨,심각한 악화 (나쁨-3),3,,0,0,0.976,0.3175,0.5153,48,48,computed_co2_regression,2,17.83333396911621,history,24.831764221191406,2026-04-12T23:50:50.730Z,226.8333282470703
951.6666870117188,2026-04-12T23:50:56.750Z,2026-05-12T23:50:55.817Z,55.730220794677734,2.269,,3,나쁨,심각한 악화 (나쁨-3),3,,0,0,0.945,0.3553,0.4889,48,48,computed_co2_regression,2,18,history,24.825088500976562,2026-04-12T23:50:56.750Z,226.9166717529297
961,2026-04-12T23:51:02.697Z,2026-05-12T23:51:01.763Z,55.506103515625,2.272,,3,나쁨,심각한 악화 (나쁨-3),3,,0,0,0.888,0.3936,0.4276,48,48,computed_co2_regression,2,18.5,history,24.811737060546875,2026-04-12T23:51:02.697Z,227.1666717529297
967.3333129882812,2026-04-12T23:51:09.485Z,2026-05-12T23:51:08.546Z,55.48321533203125,2.274,,3,나쁨,심각한 악화 (나쁨-3),3,,0,0,0.816,0.4325,0.3608,48,48,computed_co2_regression,2,18.5,history,24.809066772460938,2026-04-12T23:51:09.485Z,227.4166717529297
968,2026-04-12T23:51:16.223Z,2026-05-12T23:51:15.276Z,55.60243225097656,2.277,,3,나쁨,심각한 악화 (나쁨-3),3,,0,0,0.73,0.4718,0.2862,48,48,computed_co2_regression,2,18.66666603088379,history,24.8277587890625,2026-04-12T23:51:16.223Z,227.6666717529297
968,2026-04-12T23:51:21.965Z,2026-05-12T23:51:21.030Z,55.60243606567383,2.279,,3,나쁨,심각한 악화 (나쁨-3),3,,0,0,0.652,0.5032,0.2406,49,49,computed_co2_regression,2,18.5,history,24.841110229492188,2026-04-12T23:51:21.965Z,227.9166717529297
968.3333129882812,2026-04-12T23:51:27.939Z,2026-05-12T23:51:26.989Z,55.40788650512695,2.282,,3,나쁨,심각한 악화 (나쁨-3),3,,0,0,0.585,0.5388,0.1935,49,49,computed_co2_regression,2,18.5,history,24.83710479736328,2026-04-12T23:51:27.939Z,228.1666717529297
971,2026-04-12T23:51:35.489Z,2026-05-12T23:51:34.535Z,54.633487701416016,2.283,,3,나쁨,심각한 악화 (나쁨-3),3,,0,0,0.486,0.5837,0.1298,48,48,computed_co2_regression,2,18.5,history,24.855796813964844,2026-04-12T23:51:35.489Z,228.3333282470703
973,2026-04-12T23:51:41.540Z,2026-05-12T23:51:40.584Z,54.20433044433594,2.286,,3,나쁨,심각한 악화 (나쁨-3),3,,0,0,0.399,0.6205,0.0923,48,48,computed_co2_regression,2,18.16666603088379,history,24.86113739013672,2026-04-12T23:51:41.540Z,228.5833282470703
974.3333129882812,2026-04-12T23:51:49.282Z,2026-05-12T23:51:48.302Z,54.724090576171875,2.288,,3,나쁨,심각한 악화 (나쁨-3),3,,0,0,0.309,0.6561,0.0587,48,48,computed_co2_regression,2,18.16666603088379,history,24.833099365234375,2026-04-12T23:51:49.282Z,228.8333282470703
973.3333129882812,2026-04-12T23:51:55.176Z,2026-05-12T23:51:54.242Z,54.93962860107422,2.29,,3,나쁨,심각한 악화 (나쁨-3),3,,0,0,0.23,0.6891,0.0347,48,48,computed_co2_regression,2,18,history,24.830429077148438,2026-04-12T23:51:55.176Z,229
971.3333129882812,2026-04-12T23:52:01.121Z,2026-05-12T23:52:00.157Z,55.25816345214844,2.291,,3,나쁨,심각한 악화 (나쁨-3),3,,0,0,0.121,0.7193,0.0102,48,48,computed_co2_regression,2,18.33333396911621,history,24.842445373535156,2026-04-12T23:52:01.121Z,229.0833282470703
969.6666870117188,2026-04-12T23:52:08.431Z,2026-05-12T23:52:07.503Z,55.686363220214844,2.292,,3,나쁨,심각한 악화 (나쁨-3),3,,0,0,0.023,0.7466,0.0004,48,48,computed_co2_regression,2,18.16666603088379,history,24.86113739013672,2026-04-12T23:52:08.431Z,229.1666717529297
968.3333129882812,2026-04-12T23:52:14.107Z,2026-05-12T23:52:13.168Z,55.281044006347656,2.292,,3,나쁨,심각한 악화 (나쁨-3),3,,0,0,0,0.7711,0.0034,48,48,computed_co2_regression,2,18,history,24.86914825439453,2026-04-12T23:52:14.107Z,229.1666717529297
967.3333129882812,2026-04-12T23:52:20.085Z,2026-05-12T23:52:19.148Z,55.290584564208984,2.291,,3,나쁨,심각한 악화 (나쁨-3),3,,0,0,0,0.792,0.0137,48,48,computed_co2_regression,2,18.16666603088379,history,24.85846710205078,2026-04-12T23:52:20.085Z,229.0833282470703
966.6666870117188,2026-04-12T23:52:26.184Z,2026-05-12T23:52:25.252Z,55.678733825683594,2.29,,3,나쁨,심각한 악화 (나쁨-3),3,,0,0,0,0.8092,0.0262,48,48,computed_co2_regression,2,18.33333396911621,history,24.857131958007812,2026-04-12T23:52:26.184Z,229
966.6666870117188,2026-04-12T23:52:32.055Z,2026-05-12T23:52:31.126Z,55.66632843017578,2.289,,3,나쁨,심각한 악화 (나쁨-3),3,,0,0,0,0.8234,0.0468,48,48,computed_co2_regression,2,18.5,history,24.85045623779297,2026-04-12T23:52:32.055Z,228.9166717529297
966.6666870117188,2026-04-12T23:52:39.449Z,2026-05-12T23:52:38.489Z,55.734039306640625,2.288,,3,나쁨,심각한 악화 (나쁨-3),3,,0,0,0,0.8344,0.0656,48,48,computed_co2_regression,2,18.5,history,24.867813110351562,2026-04-12T23:52:39.449Z,228.8333282470703
966.3333129882812,2026-04-12T23:52:45.292Z,2026-05-12T23:52:44.340Z,55.8732795715332,2.287,,3,나쁨,심각한 악화 (나쁨-3),3,,0,0,0,0.8423,0.0727,48,48,computed_co2_regression,2,18.5,history,24.88116455078125,2026-04-12T23:52:45.292Z,228.6666717529297
966,2026-04-12T23:52:52.136Z,2026-05-12T23:52:51.067Z,55.85515594482422,2.285,,3,나쁨,심각한 악화 (나쁨-3),3,,0,0,0,0.8468,0.0727,48,48,computed_co2_regression,2,18.5,history,24.88249969482422,2026-04-12T23:52:52.136Z,228.5
965.3333129882812,2026-04-12T23:52:58.033Z,2026-05-12T23:52:57.105Z,55.73976135253906,2.282,,3,나쁨,심각한 악화 (나쁨-3),3,,0,0,0,0.848,0.0718,48,48,computed_co2_regression,2,18.33333396911621,history,24.88249969482422,2026-04-12T23:52:58.033Z,228.25
964,2026-04-12T23:53:04.080Z,2026-05-12T23:53:03.153Z,55.83226776123047,2.28,,3,나쁨,심각한 악화 (나쁨-3),3,,0,0,0,0.8458,0.0761,48,48,computed_co2_regression,2,18.33333396911621,history,24.867813110351562,2026-04-12T23:53:04.080Z,228
961.6666870117188,2026-04-12T23:53:10.087Z,2026-05-12T23:53:09.097Z,55.952430725097656,2.278,,3,나쁨,심각한 악화 (나쁨-3),3,,0,0,0,0.8396,0.0804,48,48,computed_co2_regression,2,18.16666603088379,history,24.875823974609375,2026-04-12T23:53:10.087Z,227.75
960.3333129882812,2026-04-12T23:53:16.879Z,2026-05-12T23:53:15.959Z,55.901885986328125,2.275,,3,나쁨,심각한 악화 (나쁨-3),3,,0,0,0,0.8302,0.0778,48,48,computed_co2_regression,2,18,history,24.891849517822266,2026-04-12T23:53:16.879Z,227.5
960,2026-04-12T23:53:22.683Z,2026-05-12T23:53:21.604Z,55.81605529785156,2.273,,3,나쁨,심각한 악화 (나쁨-3),3,,0,0,0,0.8187,0.0755,48,48,computed_co2_regression,2,17.83333396911621,history,24.89719009399414,2026-04-12T23:53:22.683Z,227.25
960.6666870117188,2026-04-12T23:53:28.527Z,2026-05-12T23:53:27.599Z,55.75120544433594,2.271,,3,나쁨,심각한 악화 (나쁨-3),3,,0,0,0,0.8051,0.0736,48,48,computed_co2_regression,2,17.83333396911621,history,24.8704833984375,2026-04-12T23:53:28.527Z,227.0833282470703
961,2026-04-12T23:53:34.785Z,2026-05-12T23:53:33.813Z,55.68730926513672,2.269,,3,나쁨,심각한 악화 (나쁨-3),3,,0,0,0,0.7892,0.0655,48,48,computed_co2_regression,2,17.66666603088379,history,24.86113739013672,2026-04-12T23:53:34.785Z,226.9166717529297
961,2026-04-12T23:53:42.349Z,2026-05-12T23:53:41.411Z,55.886627197265625,2.268,,3,나쁨,심각한 악화 (나쁨-3),3,,0,0,0,0.7704,0.0467,48,48,computed_co2_regression,2,17.5,history,24.890514373779297,2026-04-12T23:53:42.349Z,226.75
961.3333129882812,2026-04-12T23:53:48.237Z,2026-05-12T23:53:47.160Z,56.15079879760742,2.267,,3,나쁨,심각한 악화 (나쁨-3),3,,0,0,0,0.7497,0.0324,48,48,computed_co2_regression,2,17.66666603088379,history,24.87716293334961,2026-04-12T23:53:48.237Z,226.6666717529297
963.6666870117188,2026-04-12T23:53:54.094Z,2026-05-12T23:53:53.159Z,55.665374755859375,2.266,,3,나쁨,심각한 악화 (나쁨-3),3,,0,0,0,0.7279,0.0209,48,48,computed_co2_regression,2,17.66666603088379,history,24.85980224609375,2026-04-12T23:53:54.094Z,226.5833282470703
967.6666870117188,2026-04-12T23:54:00.188Z,2026-05-12T23:53:59.210Z,55.446983337402344,2.266,,3,나쁨,심각한 악화 (나쁨-3),3,,0,0,0,0.7064,0.018,48,48,computed_co2_regression,2,17.83333396911621,history,24.875823974609375,2026-04-12T23:54:00.188Z,226.5833282470703
972.6666870117188,2026-04-12T23:54:07.178Z,2026-05-12T23:54:06.097Z,55.714019775390625,2.267,,3,나쁨,심각한 악화 (나쁨-3),3,,0,0,0,0.6852,0.0155,48,48,computed_co2_regression,2,17.83333396911621,history,24.893184661865234,2026-04-12T23:54:07.178Z,226.6666717529297
976,2026-04-12T23:54:13.148Z,2026-05-12T23:54:12.188Z,55.721649169921875,2.267,,3,나쁨,심각한 악화 (나쁨-3),3,,0,0,0,0.6638,0.0226,48,48,computed_co2_regression,2,18.16666603088379,history,24.871822357177734,2026-04-12T23:54:13.148Z,226.6666717529297
977.6666870117188,2026-04-12T23:54:20.063Z,2026-05-12T23:54:18.997Z,55.660606384277344,2.267,,3,나쁨,심각한 악화 (나쁨-3),3,,0,0,0,0.6411,0.0359,48,48,computed_co2_regression,2,18.16666603088379,history,24.855796813964844,2026-04-12T23:54:20.063Z,226.6666717529297
977.3333129882812,2026-04-12T23:54:26.364Z,2026-05-12T23:54:25.290Z,55.62627410888672,2.267,,3,나쁨,심각한 악화 (나쁨-3),3,,0,0,0,0.6158,0.0525,48,48,computed_co2_regression,2,18.16666603088379,history,24.863807678222656,2026-04-12T23:54:26.364Z,226.6666717529297
975.6666870117188,2026-04-12T23:54:33.429Z,2026-05-12T23:54:32.347Z,55.71592330932617,2.268,,3,나쁨,심각한 악화 (나쁨-3),3,,0,0,0,0.5875,0.0802,48,48,computed_co2_regression,2,18.16666603088379,history,24.857131958007812,2026-04-12T23:54:33.429Z,226.75
971.3333129882812,2026-04-12T23:54:39.107Z,2026-05-12T23:54:38.158Z,55.881866455078125,2.268,,3,나쁨,심각한 악화 (나쁨-3),3,,0,0,0,0.5544,0.1153,48,48,computed_co2_regression,2,18.16666603088379,history,24.85846710205078,2026-04-12T23:54:39.107Z,226.8333282470703
966.3333129882812,2026-04-12T23:54:46.864Z,2026-05-12T23:54:45.551Z,55.996307373046875,2.269,,3,나쁨,심각한 악화 (나쁨-3),3,,0,0,0,0.515,0.1384,48,48,computed_co2_regression,2,18,history,24.867813110351562,2026-04-12T23:54:46.864Z,226.9166717529297
962.3333129882812,2026-04-12T23:54:52.538Z,2026-05-12T23:54:51.593Z,56.05638885498047,2.269,,3,나쁨,심각한 악화 (나쁨-3),3,,0,0,0,0.4707,0.1252,48,48,computed_co2_regression,2,17.83333396911621,history,24.875823974609375,2026-04-12T23:54:52.538Z,226.9166717529297
961,2026-04-12T23:54:58.687Z,2026-05-12T23:54:57.617Z,56.01251983642578,2.269,,3,나쁨,심각한 악화 (나쁨-3),3,,0,0,0,0.4239,0.0897,48,48,computed_co2_regression,2,17.66666603088379,history,24.87181854248047,2026-04-12T23:54:58.687Z,226.9166717529297
961.3333129882812,2026-04-12T23:55:05.409Z,2026-05-12T23:55:04.485Z,55.70543670654297,2.268,,3,나쁨,심각한 악화 (나쁨-3),3,,0,0,0,0.3755,0.0432,48,48,computed_co2_regression,2,17.5,history,24.87982940673828,2026-04-12T23:55:05.409Z,226.8333282470703
962,2026-04-12T23:55:11.561Z,2026-05-12T23:55:10.612Z,55.17137145996094,2.268,,3,나쁨,심각한 악화 (나쁨-3),3,,0,0,0,0.3267,0.0098,48,48,computed_co2_regression,2,17.5,history,24.913211822509766,2026-04-12T23:55:11.561Z,226.75
963.3333129882812,2026-04-12T23:55:18.384Z,2026-05-12T23:55:17.443Z,55.287723541259766,2.268,,3,나쁨,심각한 악화 (나쁨-3),3,,0,0,0.05,0.2768,0.0027,48,48,computed_co2_regression,2,17.5,history,24.921226501464844,2026-04-12T23:55:18.384Z,226.75
964.3333129882812,2026-04-12T23:55:24.050Z,2026-05-12T23:55:23.092Z,55.915252685546875,2.267,,3,나쁨,심각한 악화 (나쁨-3),3,,0,0,0.164,0.2265,0.0353,48,48,computed_co2_regression,2,17.83333396911621,history,24.91321563720703,2026-04-12T23:55:24.050Z,226.6666717529297
965.3333129882812,2026-04-12T23:55:30.026Z,2026-05-12T23:55:29.082Z,56.072608947753906,2.267,,3,나쁨,심각한 악화 (나쁨-3),3,,0,0,0.266,0.1755,0.1102,48,48,computed_co2_regression,2,17.83333396911621,history,24.91321563720703,2026-04-12T23:55:30.026Z,226.6666717529297
966,2026-04-12T23:55:36.362Z,2026-05-12T23:55:35.362Z,56.002037048339844,2.267,,3,나쁨,심각한 악화 (나쁨-3),3,,0,0,0.328,0.1217,0.1837,48,48,computed_co2_regression,2,18,history,24.89719009399414,2026-04-12T23:55:36.362Z,226.6666717529297
967.3333129882812,2026-04-12T23:55:42.071Z,2026-05-12T23:55:41.138Z,55.98487091064453,2.267,,3,나쁨,심각한 악화 (나쁨-3),3,,0,0,0.365,0.0654,0.2413,48,48,computed_co2_regression,2,18.16666603088379,history,24.89051055908203,2026-04-12T23:55:42.071Z,226.6666717529297
968.3333129882812,2026-04-12T23:55:49.511Z,2026-05-12T23:55:48.432Z,56.03160095214844,2.267,,3,나쁨,심각한 악화 (나쁨-3),3,,0,0,0.405,0.0182,0.3159,48,48,computed_co2_regression,2,18.16666603088379,history,24.885169982910156,2026-04-12T23:55:49.511Z,226.6666717529297
969,2026-04-12T23:55:55.664Z,2026-05-12T23:55:54.730Z,56.09263610839844,2.265,,2.999,나쁨,심각한 악화 (나쁨-3),2.999,,0.003,0.003,0.431,0.0001,0.3629,48,48,computed_co2_regression,2,18,history,24.890514373779297,2026-04-12T23:55:55.664Z,226.6666717529297
969.3333129882812,2026-04-12T23:56:01.758Z,2026-05-12T23:56:00.615Z,56.118385314941406,2.248,,2.981,나쁨,심각한 악화 (나쁨-3),2.981,,0.038,0.038,0.458,0.0114,0.4046,48,48,computed_co2_regression,2,17.83333396911621,history,24.91321563720703,2026-04-12T23:56:01.758Z,226.6666717529297
969.6666870117188,2026-04-12T23:56:08.381Z,2026-05-12T23:56:07.454Z,55.986778259277344,2.244,,2.976,나쁨,심각한 악화 (나쁨-3),2.976,,0.048,0.048,0.443,0.0185,0.3879,48,48,computed_co2_regression,2,17.83333396911621,history,24.918556213378906,2026-04-12T23:56:08.381Z,226.75
970,2026-04-12T23:56:14.038Z,2026-05-12T23:56:13.108Z,55.90380859375,2.248,,2.98,나쁨,심각한 악화 (나쁨-3),2.98,,0.04,0.04,0.439,0.0128,0.3841,48,48,computed_co2_regression,2,17.66666603088379,history,24.917221069335938,2026-04-12T23:56:14.038Z,226.8333282470703
969.6666870117188,2026-04-12T23:56:20.592Z,2026-05-12T23:56:19.517Z,56.078330993652344,2.254,,2.985,나쁨,심각한 악화 (나쁨-3),2.985,,0.031,0.031,0.446,0.0079,0.3866,48,48,computed_co2_regression,2,17.33333396911621,history,24.906536102294922,2026-04-12T23:56:20.592Z,226.9166717529297
970,2026-04-12T23:56:26.394Z,2026-05-12T23:56:25.470Z,56.25189971923828,2.258,,2.989,나쁨,심각한 악화 (나쁨-3),2.989,,0.022,0.022,0.49,0.0039,0.3979,48,48,computed_co2_regression,2,17,history,24.89318084716797,2026-04-12T23:56:26.394Z,226.9166717529297
970.6666870117188,2026-04-12T23:56:32.245Z,2026-05-12T23:56:31.322Z,56.22138214111328,2.263,,2.995,나쁨,심각한 악화 (나쁨-3),2.995,,0.01,0.01,0.558,0.0009,0.4025,48,48,computed_co2_regression,2,16.66666603088379,history,24.906536102294922,2026-04-12T23:56:32.245Z,226.8333282470703
972,2026-04-12T23:56:38.289Z,2026-05-12T23:56:37.358Z,56.144134521484375,2.268,,3,나쁨,심각한 악화 (나쁨-3),3,,0,0,0.634,0.0011,0.4093,48,48,computed_co2_regression,2,16.5,history,24.90787124633789,2026-04-12T23:56:38.289Z,226.75
972.3333129882812,2026-04-12T23:56:44.331Z,2026-05-12T23:56:43.401Z,56.18418884277344,2.267,,3,나쁨,심각한 악화 (나쁨-3),3,,0,0,0.73,0.0128,0.4432,48,48,computed_co2_regression,2,16.5,history,24.914546966552734,2026-04-12T23:56:44.331Z,226.6666717529297
972.6666870117188,2026-04-12T23:56:51.386Z,2026-05-12T23:56:50.423Z,56.20707702636719,2.266,,3,나쁨,심각한 악화 (나쁨-3),3,,0,0,0.792,0.0432,0.4769,48,48,computed_co2_regression,2,16.83333396911621,history,24.918556213378906,2026-04-12T23:56:51.386Z,226.5833282470703
972.6666870117188,2026-04-12T23:56:57.370Z,2026-05-12T23:56:56.286Z,56.21375274658203,2.265,,3,나쁨,심각한 악화 (나쁨-3),3,,0,0,0.821,0.0872,0.5023,48,48,computed_co2_regression,2,17.33333396911621,history,24.91321563720703,2026-04-12T23:56:57.370Z,226.5
972.6666870117188,2026-04-12T23:57:03.083Z,2026-05-12T23:57:02.155Z,56.26239013671875,2.264,,3,나쁨,심각한 악화 (나쁨-3),3,,0,0,0.779,0.1331,0.4615,48,48,computed_co2_regression,2,17.83333396911621,history,24.92523193359375,2026-04-12T23:57:03.083Z,226.4166717529297
972,2026-04-12T23:57:09.878Z,2026-05-12T23:57:08.937Z,56.26525115966797,2.263,,3,나쁨,심각한 악화 (나쁨-3),3,,0,0,0.695,0.1717,0.3579,48,48,computed_co2_regression,2,18.5,history,24.922561645507812,2026-04-12T23:57:09.878Z,226.3333282470703
971.3333129882812,2026-04-12T23:57:16.806Z,2026-05-12T23:57:15.727Z,56.208030700683594,2.263,,3,나쁨,심각한 악화 (나쁨-3),3,,0,0,0.613,0.2006,0.2645,48,48,computed_co2_regression,2,18.66666603088379,history,24.931907653808594,2026-04-12T23:57:16.806Z,226.25
970.3333129882812,2026-04-12T23:57:22.655Z,2026-05-12T23:57:21.576Z,56.156532287597656,2.262,,3,나쁨,심각한 악화 (나쁨-3),3,,0,0,0.52,0.2177,0.1822,48,48,computed_co2_regression,2,18.66666603088379,history,24.92389678955078,2026-04-12T23:57:22.655Z,226.1666717529297
969.3333129882812,2026-04-12T23:57:28.784Z,2026-05-12T23:57:27.705Z,56.11933898925781,2.261,,3,나쁨,심각한 악화 (나쁨-3),3,,0,0,0.44,0.2239,0.1305,48,48,computed_co2_regression,2,18.33333396911621,history,24.921226501464844,2026-04-12T23:57:28.784Z,226.0833282470703
967.6666870117188,2026-04-12T23:57:36.285Z,2026-05-12T23:57:35.132Z,56.11170959472656,2.26,,3,나쁨,심각한 악화 (나쁨-3),3,,0,0,0.346,0.2183,0.0818,48,48,computed_co2_regression,2,18.33333396911621,history,24.942588806152344,2026-04-12T23:57:36.285Z,226
966.6666870117188,2026-04-12T23:57:42.039Z,2026-05-12T23:57:41.115Z,56.22615051269531,2.26,,3,나쁨,심각한 악화 (나쁨-3),3,,0,0,0.278,0.2055,0.0546,48,48,computed_co2_regression,2,18,history,24.939918518066406,2026-04-12T23:57:42.039Z,226
966,2026-04-12T23:57:48.853Z,2026-05-12T23:57:47.773Z,56.311981201171875,2.26,,3,나쁨,심각한 악화 (나쁨-3),3,,0,0,0.25,0.1864,0.0451,48,48,computed_co2_regression,2,17.5,history,24.949264526367188,2026-04-12T23:57:48.853Z,226
967.6666870117188,2026-04-12T23:57:56.092Z,2026-05-12T23:57:55.000Z,56.133644104003906,2.26,,3,나쁨,심각한 악화 (나쁨-3),3,,0,0,0.232,0.1767,0.0398,48,48,computed_co2_regression,2,17.33333396911621,history,24.954605102539062,2026-04-12T23:57:56.092Z,226
969.3333129882812,2026-04-12T23:58:02.032Z,2026-05-12T23:58:01.092Z,56.072608947753906,2.26,,3,나쁨,심각한 악화 (나쁨-3),3,,0,0,0.224,0.1728,0.0374,48,48,computed_co2_regression,2,17.33333396911621,history,24.938583374023438,2026-04-12T23:58:02.032Z,226
971.3333129882812,2026-04-12T23:58:08.874Z,2026-05-12T23:58:07.932Z,56.391143798828125,2.26,,3,나쁨,심각한 악화 (나쁨-3),3,,0,0,0.212,0.1715,0.0341,48,48,computed_co2_regression,2,17.33333396911621,history,24.94525909423828,2026-04-12T23:58:08.874Z,226
972.6666870117188,2026-04-12T23:58:15.339Z,2026-05-12T23:58:14.407Z,56.43501281738281,2.26,,3,나쁨,심각한 악화 (나쁨-3),3,,0,0,0.225,0.164,0.0379,48,48,computed_co2_regression,2,17.16666603088379,history,24.94525909423828,2026-04-12T23:58:15.339Z,226
975.3333129882812,2026-04-12T23:58:21.273Z,2026-05-12T23:58:20.154Z,56.170841217041016,2.26,,3,나쁨,심각한 악화 (나쁨-3),3,,0,0,0.249,0.1605,0.0453,48,48,computed_co2_regression,2,17.16666603088379,history,24.917221069335938,2026-04-12T23:58:21.273Z,226
978.3333129882812,2026-04-12T23:58:27.115Z,2026-05-12T23:58:26.180Z,56.00775909423828,2.26,,3,나쁨,심각한 악화 (나쁨-3),3,,0,0,0.283,0.1637,0.0574,48,48,computed_co2_regression,2,17.16666603088379,history,24.91455078125,2026-04-12T23:58:27.115Z,226
980.3333129882812,2026-04-12T23:58:33.242Z,2026-05-12T23:58:32.171Z,55.925743103027344,2.26,,3,나쁨,심각한 악화 (나쁨-3),3,,0,0,0.315,0.1726,0.0697,48,48,computed_co2_regression,2,17.16666603088379,history,24.917221069335938,2026-04-12T23:58:33.242Z,226
980,2026-04-12T23:58:39.149Z,2026-05-12T23:58:38.217Z,55.84849548339844,2.261,,3,나쁨,심각한 악화 (나쁨-3),3,,0,0,0.388,0.1791,0.0996,48,48,computed_co2_regression,2,16.83333396911621,history,24.917221069335938,2026-04-12T23:58:39.149Z,226.0833282470703
978,2026-04-12T23:58:45.278Z,2026-05-12T23:58:44.148Z,55.729286193847656,2.261,,3,나쁨,심각한 악화 (나쁨-3),3,,0,0,0.458,0.1768,0.1342,48,48,computed_co2_regression,2,17,history,24.929237365722656,2026-04-12T23:58:45.278Z,226.0833282470703
973,2026-04-12T23:58:51.202Z,2026-05-12T23:58:50.278Z,55.59099578857422,2.261,,3,나쁨,심각한 악화 (나쁨-3),3,,0,0,0.497,0.1517,0.1556,48,48,computed_co2_regression,2,17.16666603088379,history,24.938583374023438,2026-04-12T23:58:51.202Z,226.0833282470703
967.6666870117188,2026-04-12T23:58:58.385Z,2026-05-12T23:58:57.455Z,55.45842742919922,2.261,,3,나쁨,심각한 악화 (나쁨-3),3,,0,0,0.507,0.1065,0.1616,48,48,computed_co2_regression,2,17.5,history,24.950599670410156,2026-04-12T23:58:58.385Z,226.0833282470703
960.3333129882812,2026-04-12T23:59:04.128Z,2026-05-12T23:59:03.209Z,55.323001861572266,2.261,,3,나쁨,심각한 악화 (나쁨-3),3,,0,0,0.462,0.0495,0.1329,48,48,computed_co2_regression,2,18,history,24.94525909423828,2026-04-12T23:59:04.128Z,226.0833282470703
954.3333129882812,2026-04-12T23:59:10.579Z,2026-05-12T23:59:09.431Z,55.28962707519531,2.261,,3,나쁨,심각한 악화 (나쁨-3),3,,0,0,0.416,0.0135,0.1073,48,48,computed_co2_regression,2,18,history,24.954605102539062,2026-04-12T23:59:10.579Z,226.0833282470703
943.6666870117188,2026-04-12T23:59:17.301Z,2026-05-12T23:59:16.359Z,55.373558044433594,2.258,,2.997,나쁨,심각한 악화 (나쁨-3),2.997,,0.006,0.006,0.316,0.0002,0.061,48,48,computed_co2_regression,2,18.33333396911621,history,24.9786376953125,2026-04-12T23:59:17.301Z,226.0833282470703
931.3333129882812,2026-04-12T23:59:23.061Z,2026-05-12T23:59:22.133Z,55.39739990234375,2.218,,2.957,나쁨,심각한 악화 (나쁨-3),2.957,,0.086,0.086,0.23,0.0181,0.0322,48,48,computed_co2_regression,2,18.16666603088379,history,24.993324279785156,2026-04-12T23:59:23.061Z,226.0833282470703
918.3333129882812,2026-04-12T23:59:29.225Z,2026-05-12T23:59:28.151Z,55.38309097290039,2.162,,2.901,나쁨,심각한 악화 (나쁨-3),2.901,,0.198,0.198,0.17,0.0555,0.018,48,48,computed_co2_regression,2,17.83333396911621,history,25.014686584472656,2026-04-12T23:59:29.225Z,226.0833282470703
908.3333129882812,2026-04-12T23:59:35.565Z,2026-05-12T23:59:34.624Z,55.365928649902344,2.092,,2.831,나쁨,심각한 악화 (나쁨-3),2.831,,0.338,0.338,0.137,0.1004,0.0119,48,48,computed_co2_regression,2,17.5,history,25.028038024902344,2026-04-12T23:59:35.565Z,226.0833282470703
901,2026-04-12T23:59:41.665Z,2026-05-12T23:59:40.738Z,55.320152282714844,2.008,,2.748,나쁨,심각한 악화 (나쁨-3),2.748,,0.504,0.504,0.102,0.1512,0.0067,48,48,computed_co2_regression,2,17.5,history,25.028038024902344,2026-04-12T23:59:41.665Z,226
892.3333129882812,2026-04-12T23:59:47.557Z,2026-05-12T23:59:46.626Z,55.30870819091797,1.924,,2.665,나쁨,중간수준 악화 (나쁨-2),2.665,,0.67,0.67,0.079,0.2016,0.0042,49,49,computed_co2_regression,2,17.83333396911621,history,25.014686584472656,2026-04-12T23:59:47.557Z,225.9166717529297
885,2026-04-12T23:59:53.499Z,2026-05-12T23:59:52.579Z,55.28582000732422,1.796,,2.539,나쁨,중간수준 악화 (나쁨-2),2.539,,0.923,0.923,0.001,0.2674,0,48,48,computed_co2_regression,2,18,history,25.026702880859375,2026-04-12T23:59:53.499Z,225.75
877.3333129882812,2026-04-13T00:00:00.955Z,2026-05-13T00:00:00.018Z,55.24481201171875,1.674,,2.418,나쁨,중간수준 악화 (나쁨-2),2.418,,1.165,1.165,0,0.3266,0.0015,48,48,computed_co2_regression,2,18.16666603088379,history,25.040054321289062,2026-04-13T00:00:00.955Z,225.6666717529297
871,2026-04-13T00:00:07.456Z,2026-05-13T00:00:06.525Z,55.20380401611328,1.548,,2.293,나쁨,중간수준 악화 (나쁨-2),2.293,,1.415,1.415,0,0.3821,0.0056,48,48,computed_co2_regression,2,18.33333396911621,history,25.042724609375,2026-04-13T00:00:07.456Z,225.5833282470703
865,2026-04-13T00:00:13.681Z,2026-05-13T00:00:12.580Z,55.131324768066406,1.419,,2.165,나쁨,중간수준 악화 (나쁨-2),2.165,,1.671,1.671,0,0.4334,0.0116,48,48,computed_co2_regression,2,18.33333396911621,history,25.070762634277344,2026-04-13T00:00:13.681Z,225.5
860.3333129882812,2026-04-13T00:00:20.233Z,2026-05-13T00:00:19.150Z,55.07124328613281,1.291,,2.037,나쁨,중간수준 악화 (나쁨-2),2.037,,1.926,1.926,0,0.4808,0.0141,48,48,computed_co2_regression,2,18,history,25.08678436279297,2026-04-13T00:00:20.233Z,225.4166717529297
857.6666870117188,2026-04-13T00:00:26.159Z,2026-05-13T00:00:25.079Z,55.01783752441406,1.166,,1.913,나쁨,중간수준 악화 (나쁨-2),1.913,,2.175,2.175,0,0.525,0.0168,48,48,computed_co2_regression,2,17.66666603088379,history,25.08544921875,2026-04-13T00:00:26.159Z,225.3333282470703
856.3333129882812,2026-04-13T00:00:32.167Z,2026-05-13T00:00:31.251Z,54.93772888183594,1.047,,1.794,나쁨,중간수준 악화 (나쁨-2),1.794,,2.412,2.412,0,0.5665,0.0117,48,48,computed_co2_regression,2,17.16666603088379,history,25.093460083007812,2026-04-13T00:00:32.167Z,225.25
856,2026-04-13T00:00:38.181Z,2026-05-13T00:00:37.222Z,54.88909149169922,0.935,,1.683,나쁨,경미한 악화 (나쁨-1),1.683,,2.634,2.634,0,0.6054,0.0059,48,48,computed_co2_regression,2,16.83333396911621,history,25.11749267578125,2026-04-13T00:00:38.181Z,225.1666717529297
855.6666870117188,2026-04-13T00:00:44.298Z,2026-05-13T00:00:43.210Z,54.856666564941406,0.829,,1.579,나쁨,경미한 악화 (나쁨-1),1.579,,2.842,2.842,0,0.6411,0.0025,48,48,computed_co2_regression,2,16.66666603088379,history,25.13885498046875,2026-04-13T00:00:44.298Z,225
855.3333129882812,2026-04-13T00:00:50.198Z,2026-05-13T00:00:49.271Z,54.80516815185547,0.785,,1.537,나쁨,경미한 악화 (나쁨-1),1.537,,2.926,2.926,0.012,0.6624,0.0001,49,49,computed_co2_regression,2,16.66666603088379,history,25.12950897216797,2026-04-13T00:00:50.198Z,224.8333282470703
855,2026-04-13T00:00:57.432Z,2026-05-13T00:00:56.343Z,54.74317932128906,0.645,,1.397,나쁨,경미한 악화 (나쁨-1),1.397,,3.206,3.206,0,0.7034,0.0004,48,48,computed_co2_regression,2,17,history,25.11749267578125,2026-04-13T00:00:57.432Z,224.75
855,2026-04-13T00:01:05.721Z,2026-05-13T00:01:04.744Z,54.69740295410156,0.565,,1.319,나쁨,경미한 악화 (나쁨-1),1.319,,3.363,3.363,0,0.7311,0.0006,48,48,computed_co2_regression,2,17.33333396911621,history,25.12683868408203,2026-04-13T00:01:05.721Z,224.6666717529297
855,2026-04-13T00:01:11.617Z,2026-05-13T00:01:10.690Z,54.65924835205078,0.494,,1.248,나쁨,경미한 악화 (나쁨-1),1.248,,3.504,3.504,0,0.7558,0.0037,48,48,computed_co2_regression,2,17.83333396911621,history,25.153541564941406,2026-04-13T00:01:11.617Z,224.5833282470703
855,2026-04-13T00:01:18.788Z,2026-05-13T00:01:17.690Z,54.617279052734375,0.43,,1.245,나쁨,경미한 악화 (나쁨-1),1.245,,3.63,3.63,0,0.778,0.0094,48,48,computed_co2_regression,2,18,history,25.154876708984375,2026-04-13T00:01:18.788Z,224.5
855,2026-04-13T00:01:24.684Z,2026-05-13T00:01:23.706Z,54.570552825927734,0.373,,1.244,나쁨,경미한 악화 (나쁨-1),1.244,,3.742,3.742,0,0.7978,0.0123,48,48,computed_co2_regression,2,18,history,25.165557861328125,2026-04-13T00:01:24.684Z,224.4166717529297
855.3333129882812,2026-04-13T00:01:30.627Z,2026-05-13T00:01:29.701Z,54.509517669677734,0.324,,1.243,나쁨,경미한 악화 (나쁨-1),1.243,,3.838,3.838,0,0.815,0.0106,48,48,computed_co2_regression,2,18,history,25.20160675048828,2026-04-13T00:01:30.627Z,224.3333282470703
855.6666870117188,2026-04-13T00:01:36.590Z,2026-05-13T00:01:35.646Z,54.509517669677734,0.283,,1.243,나쁨,경미한 악화 (나쁨-1),1.243,,3.919,3.919,0,0.8292,0.0039,48,48,computed_co2_regression,2,17.83333396911621,history,25.20160675048828,2026-04-13T00:01:36.590Z,224.25
856,2026-04-13T00:01:42.652Z,2026-05-13T00:01:41.711Z,54.468509674072266,0.251,,1.242,나쁨,경미한 악화 (나쁨-1),1.242,,3.982,3.982,0.021,0.84,0.0003,48,48,computed_co2_regression,2,17.5,history,25.19092559814453,2026-04-13T00:01:42.652Z,224.1666717529297
856,2026-04-13T00:01:49.597Z,2026-05-13T00:01:48.665Z,54.402706146240234,0.24,,1.24,나쁨,경미한 악화 (나쁨-1),1.24,,4.029,4.029,0.159,0.8482,0.0162,48,48,computed_co2_regression,2,17.16666603088379,history,25.19359588623047,2026-04-13T00:01:49.597Z,224
856.3333129882812,2026-04-13T00:01:55.561Z,2026-05-13T00:01:54.618Z,54.4027099609375,0.238,,1.238,나쁨,경미한 악화 (나쁨-1),1.238,,4.058,4.058,0.269,0.8533,0.0477,48,48,computed_co2_regression,2,17.16666603088379,history,25.21228790283203,2026-04-13T00:01:55.561Z,223.8333282470703
857,2026-04-13T00:02:01.558Z,2026-05-13T00:02:00.604Z,54.3721923828125,0.238,,1.238,나쁨,경미한 악화 (나쁨-1),1.238,,4.072,4.072,0.307,0.8557,0.0628,48,48,computed_co2_regression,2,17.5,history,25.234989166259766,2026-04-13T00:02:01.558Z,223.75
858,2026-04-13T00:02:09.876Z,2026-05-13T00:02:08.947Z,54.325462341308594,0.237,,1.237,나쁨,경미한 악화 (나쁨-1),1.237,,4.066,4.066,0.289,0.8547,0.0558,48,48,computed_co2_regression,2,17.66666603088379,history,25.25635528564453,2026-04-13T00:02:09.876Z,223.6666717529297
859,2026-04-13T00:02:16.549Z,2026-05-13T00:02:15.453Z,54.28254699707031,0.236,,1.236,나쁨,경미한 악화 (나쁨-1),1.236,,4.042,4.042,0.187,0.8506,0.0245,48,48,computed_co2_regression,2,18,history,25.261695861816406,2026-04-13T00:02:16.549Z,223.5833282470703
860,2026-04-13T00:02:22.697Z,2026-05-13T00:02:21.608Z,54.220558166503906,0.235,,1.235,나쁨,경미한 악화 (나쁨-1),1.235,,4.001,4.001,0.057,0.8434,0.0024,48,48,computed_co2_regression,2,18.16666603088379,history,25.26837158203125,2026-04-13T00:02:22.697Z,223.5
861,2026-04-13T00:02:28.532Z,2026-05-13T00:02:27.589Z,54.182411193847656,0.26,,1.234,나쁨,경미한 악화 (나쁨-1),1.234,,3.948,3.948,0,0.8335,0.0044,48,48,computed_co2_regression,2,18.16666603088379,history,25.297744750976562,2026-04-13T00:02:28.532Z,223.4166717529297
862,2026-04-13T00:02:34.571Z,2026-05-13T00:02:33.583Z,54.15093994140625,0.292,,1.233,나쁨,경미한 악화 (나쁨-1),1.233,,3.883,3.883,0,0.8208,0.0299,48,48,computed_co2_regression,2,18.33333396911621,history,25.30976104736328,2026-04-13T00:02:34.571Z,223.3333282470703
863,2026-04-13T00:02:40.698Z,2026-05-13T00:02:39.754Z,54.08513641357422,0.331,,1.233,나쁨,경미한 악화 (나쁨-1),1.233,,3.803,3.803,0,0.8053,0.0778,48,48,computed_co2_regression,2,18.33333396911621,history,25.30175018310547,2026-04-13T00:02:40.698Z,223.25
863.6666870117188,2026-04-13T00:02:46.688Z,2026-05-13T00:02:45.756Z,54.01074981689453,0.375,,1.232,나쁨,경미한 악화 (나쁨-1),1.232,,3.713,3.713,0,0.7871,0.1257,48,48,computed_co2_regression,2,18.33333396911621,history,25.31243133544922,2026-04-13T00:02:46.688Z,223.1666717529297
864.6666870117188,2026-04-13T00:02:52.742Z,2026-05-13T00:02:51.645Z,53.99835205078125,0.426,,1.23,나쁨,경미한 악화 (나쁨-1),1.23,,3.609,3.609,0,0.7658,0.1446,48,48,computed_co2_regression,2,18.16666603088379,history,25.33112335205078,2026-04-13T00:02:52.742Z,223
865.3333129882812,2026-04-13T00:02:59.193Z,2026-05-13T00:02:58.203Z,53.979278564453125,0.486,,1.258,나쁨,경미한 악화 (나쁨-1),1.258,,3.484,3.484,0,0.7407,0.1541,48,48,computed_co2_regression,2,18.16666603088379,history,25.327117919921875,2026-04-13T00:02:59.193Z,222.8333282470703
866.3333129882812,2026-04-13T00:03:06.026Z,2026-05-13T00:03:05.089Z,53.92396545410156,0.559,,1.331,나쁨,경미한 악화 (나쁨-1),1.331,,3.338,3.338,0,0.7114,0.1622,48,48,computed_co2_regression,2,18.16666603088379,history,25.33112335205078,2026-04-13T00:03:06.026Z,222.75
867.6666870117188,2026-04-13T00:03:13.637Z,2026-05-13T00:03:12.553Z,53.87628173828125,0.643,,1.417,나쁨,경미한 악화 (나쁨-1),1.417,,3.167,3.167,0,0.6774,0.1757,48,48,computed_co2_regression,2,18.33333396911621,history,25.337799072265625,2026-04-13T00:03:13.637Z,222.6666717529297
869.6666870117188,2026-04-13T00:03:20.504Z,2026-05-13T00:03:19.577Z,53.821922302246094,0.74,,1.514,나쁨,경미한 악화 (나쁨-1),1.514,,2.972,2.972,0,0.6382,0.1648,48,48,computed_co2_regression,2,18,history,25.361831665039062,2026-04-13T00:03:20.504Z,222.5833282470703
871.3333129882812,2026-04-13T00:03:26.273Z,2026-05-13T00:03:25.344Z,53.7923583984375,0.848,,1.623,나쁨,경미한 악화 (나쁨-1),1.623,,2.755,2.755,0,0.5947,0.1525,48,48,computed_co2_regression,2,18,history,25.389869689941406,2026-04-13T00:03:26.273Z,222.5
872.3333129882812,2026-04-13T00:03:32.375Z,2026-05-13T00:03:31.428Z,53.73036193847656,0.966,,1.742,나쁨,경미한 악화 (나쁨-1),1.742,,2.516,2.516,0,0.5473,0.1226,48,48,computed_co2_regression,2,17.66666603088379,history,25.38719940185547,2026-04-13T00:03:32.375Z,222.4166717529297
873,2026-04-13T00:03:38.283Z,2026-05-13T00:03:37.317Z,53.67790222167969,1.094,,1.871,나쁨,중간수준 악화 (나쁨-2),1.871,,2.259,2.259,0,0.4967,0.0944,48,48,computed_co2_regression,2,17.66666603088379,history,25.388534545898438,2026-04-13T00:03:38.283Z,222.3333282470703
873.3333129882812,2026-04-13T00:03:46.099Z,2026-05-13T00:03:45.099Z,53.649288177490234,1.23,,2.007,나쁨,중간수준 악화 (나쁨-2),2.007,,1.986,1.986,0,0.4428,0.0704,48,48,computed_co2_regression,2,18,history,25.404556274414062,2026-04-13T00:03:46.099Z,222.25
873.3333129882812,2026-04-13T00:03:52.174Z,2026-05-13T00:03:51.239Z,53.57394790649414,1.462,,2.24,나쁨,중간수준 악화 (나쁨-2),2.24,,1.52,1.52,0,0.347,0.0353,47,47,computed_co2_regression,2,18,history,25.425918579101562,2026-04-13T00:03:52.174Z,222.1666717529297
873,2026-04-13T00:03:58.031Z,2026-05-13T00:03:57.101Z,53.5071907043457,1.505,,2.284,나쁨,중간수준 악화 (나쁨-2),2.284,,1.432,1.432,0,0.3281,0.0436,48,48,computed_co2_regression,2,18.16666603088379,history,25.444610595703125,2026-04-13T00:03:58.031Z,222.0833282470703
873,2026-04-13T00:04:04.086Z,2026-05-13T00:04:03.143Z,53.47762680053711,1.641,,2.421,나쁨,중간수준 악화 (나쁨-2),2.421,,1.159,1.159,0,0.2675,0.0445,48,48,computed_co2_regression,2,18.16666603088379,history,25.452621459960938,2026-04-13T00:04:04.086Z,222
873,2026-04-13T00:04:10.390Z,2026-05-13T00:04:09.396Z,53.47762680053711,1.772,,2.552,나쁨,중간수준 악화 (나쁨-2),2.552,,0.896,0.896,0,0.2042,0.0626,48,48,computed_co2_regression,2,18.16666603088379,history,25.452621459960938,2026-04-13T00:04:10.390Z,222
873,2026-04-13T00:04:18.144Z,2026-05-13T00:04:17.218Z,53.41086959838867,1.901,,2.682,나쁨,중간수준 악화 (나쁨-2),2.682,,0.637,0.637,0,0.139,0.0769,48,48,computed_co2_regression,2,18,history,25.453956604003906,2026-04-13T00:04:18.144Z,221.9166717529297
872.6666870117188,2026-04-13T00:04:24.022Z,2026-05-13T00:04:23.071Z,53.33266830444336,2.106,,2.888,나쁨,심각한 악화 (나쁨-3),2.888,,0.224,0.224,0,0.0312,0.1217,47,47,computed_co2_regression,2,17.66666603088379,history,25.488670349121094,2026-04-13T00:04:24.022Z,221.8333282470703
872.3333129882812,2026-04-13T00:04:30.175Z,2026-05-13T00:04:29.245Z,53.27068328857422,2.199,,2.981,나쁨,심각한 악화 (나쁨-3),2.981,,0.038,0.038,0,0.0012,0.0859,47,47,computed_co2_regression,2,17.16666603088379,history,25.51537322998047,2026-04-13T00:04:30.175Z,221.75
872.3333129882812,2026-04-13T00:04:36.179Z,2026-05-13T00:04:35.071Z,53.23444366455078,2.209,,2.993,나쁨,심각한 악화 (나쁨-3),2.993,,0.015,0.015,0,0.0002,0.0334,48,48,computed_co2_regression,2,16.66666603088379,history,25.516708374023438,2026-04-13T00:04:36.179Z,221.6666717529297
872.6666870117188,2026-04-13T00:04:42.312Z,2026-05-13T00:04:41.224Z,53.225860595703125,2.216,,3,나쁨,심각한 악화 (나쁨-3),3,,0,0,0,0.0232,0.0014,48,48,computed_co2_regression,2,16.16666603088379,history,25.52471923828125,2026-04-13T00:04:42.312Z,221.5833282470703
873,2026-04-13T00:04:48.059Z,2026-05-13T00:04:47.135Z,53.22395324707031,2.215,,3,나쁨,심각한 악화 (나쁨-3),3,,0,0,0.151,0.1202,0.0112,48,48,computed_co2_regression,2,15.666666984558105,history,25.52605438232422,2026-04-13T00:04:48.059Z,221.5
873,2026-04-13T00:04:54.146Z,2026-05-13T00:04:53.209Z,53.19915771484375,2.214,,3,나쁨,심각한 악화 (나쁨-3),3,,0,0,0.328,0.2919,0.0411,48,48,computed_co2_regression,2,15.5,history,25.53673553466797,2026-04-13T00:04:54.146Z,221.4166717529297
873.6666870117188,2026-04-13T00:05:00.228Z,2026-05-13T00:04:59.268Z,53.15814971923828,2.213,,3,나쁨,심각한 악화 (나쁨-3),3,,0,0,0.498,0.507,0.0759,48,48,computed_co2_regression,2,15.333333015441895,history,25.55809783935547,2026-04-13T00:05:00.228Z,221.3333282470703
874.6666870117188,2026-04-13T00:05:06.964Z,2026-05-13T00:05:06.028Z,53.11809539794922,2.213,,3,나쁨,심각한 악화 (나쁨-3),3,,0,0,0.661,0.6919,0.1101,48,48,computed_co2_regression,2,15.166666984558105,history,25.571449279785156,2026-04-13T00:05:06.964Z,221.25
876.3333129882812,2026-04-13T00:05:12.586Z,2026-05-13T00:05:11.648Z,53.111419677734375,2.212,,3,나쁨,심각한 악화 (나쁨-3),3,,0,0,0.783,0.8187,0.1367,48,48,computed_co2_regression,2,15.333333015441895,history,25.580799102783203,2026-04-13T00:05:12.586Z,221.1666717529297
878,2026-04-13T00:05:20.893Z,2026-05-13T00:05:19.885Z,53.10951232910156,2.211,,3,나쁨,심각한 악화 (나쁨-3),3,,0,0,0.88,0.8849,0.1592,48,48,computed_co2_regression,2,15.5,history,25.587478637695312,2026-04-13T00:05:20.893Z,221.0833282470703
879.6666870117188,2026-04-13T00:05:26.697Z,2026-05-13T00:05:25.620Z,53.07422637939453,2.21,,3,나쁨,심각한 악화 (나쁨-3),3,,0,0,0.964,0.9141,0.1816,48,48,computed_co2_regression,2,15.833333015441895,history,25.61284637451172,2026-04-13T00:05:26.697Z,221
880.6666870117188,2026-04-13T00:05:32.614Z,2026-05-13T00:05:31.661Z,53.00270080566406,2.21,,3,나쁨,심각한 악화 (나쁨-3),3,,0,0,1.083,0.9284,0.2149,48,48,computed_co2_regression,2,15.666666984558105,history,25.626197814941406,2026-04-13T00:05:32.614Z,221
881,2026-04-13T00:05:39.605Z,2026-05-13T00:05:38.667Z,52.89588928222656,2.21,,3,나쁨,심각한 악화 (나쁨-3),3,,0,0,1.378,0.9398,0.3043,47,47,computed_co2_regression,2,15.5,history,25.630203247070312,2026-04-13T00:05:39.605Z,221
881,2026-04-13T00:05:45.776Z,2026-05-13T00:05:44.624Z,52.849159240722656,2.21,,3,나쁨,심각한 악화 (나쁨-3),3,,0,0,1.6,0.9447,0.3858,47,47,computed_co2_regression,2,15.5,history,25.656906127929688,2026-04-13T00:05:45.776Z,221
882,2026-04-13T00:05:51.649Z,2026-05-13T00:05:50.716Z,52.8253173828125,2.21,,3,나쁨,심각한 악화 (나쁨-3),3,,0,0,1.851,0.948,0.4753,47,47,computed_co2_regression,2,15.166666984558105,history,25.668922424316406,2026-04-13T00:05:51.649Z,221
883,2026-04-13T00:05:57.604Z,2026-05-13T00:05:56.682Z,52.76237487792969,2.21,,3,나쁨,심각한 악화 (나쁨-3),3,,0,0,1.936,0.9512,0.5055,48,48,computed_co2_regression,2,15,history,25.67426300048828,2026-04-13T00:05:57.604Z,221
884.3333129882812,2026-04-13T00:06:03.566Z,2026-05-13T00:06:02.627Z,52.691802978515625,2.21,,3,나쁨,심각한 악화 (나쁨-3),3,,0,0,2.165,0.9529,0.5744,48,48,computed_co2_regression,2,14.833333015441895,history,25.692955017089844,2026-04-13T00:06:03.566Z,221
885,2026-04-13T00:06:10.001Z,2026-05-13T00:06:09.060Z,52.63362121582031,2.21,,3,나쁨,심각한 악화 (나쁨-3),3,,0,0,2.353,0.954,0.6253,48,48,computed_co2_regression,2,14.833333015441895,history,25.70630645751953,2026-04-13T00:06:10.001Z,221
885.6666870117188,2026-04-13T00:06:16.947Z,2026-05-13T00:06:16.009Z,52.605960845947266,2.21,,3,나쁨,심각한 악화 (나쁨-3),3,,0,0,2.49,0.9546,0.6559,48,48,computed_co2_regression,2,14.833333015441895,history,25.733009338378906,2026-04-13T00:06:16.947Z,221
886.3333129882812,2026-04-13T00:06:24.333Z,2026-05-13T00:06:23.395Z,52.58402633666992,2.21,,3,나쁨,심각한 악화 (나쁨-3),3,,0,0,2.615,0.9549,0.6803,48,48,computed_co2_regression,2,14.666666984558105,history,25.758377075195312,2026-04-13T00:06:24.333Z,221
886.6666870117188,2026-04-13T00:06:30.243Z,2026-05-13T00:06:29.160Z,52.517269134521484,2.21,,3,나쁨,심각한 악화 (나쁨-3),3,,0,0,2.746,0.9549,0.7033,48,48,computed_co2_regression,2,14.5,history,25.76104736328125,2026-04-13T00:06:30.243Z,221
887,2026-04-13T00:06:36.095Z,2026-05-13T00:06:35.159Z,52.48579788208008,2.209,,3,나쁨,심각한 악화 (나쁨-3),3,,0,0,2.898,0.9548,0.7251,48,48,computed_co2_regression,2,14.166666984558105,history,25.76104736328125,2026-04-13T00:06:36.095Z,220.9166717529297
887,2026-04-13T00:06:42.199Z,2026-05-13T00:06:41.223Z,52.47244644165039,2.208,,3,나쁨,심각한 악화 (나쁨-3),3,,0,0,3.084,0.9544,0.7489,48,48,computed_co2_regression,2,13.833333015441895,history,25.767723083496094,2026-04-13T00:06:42.199Z,220.8333282470703
887.3333129882812,2026-04-13T00:06:48.271Z,2026-05-13T00:06:47.177Z,52.43143844604492,2.208,,3,나쁨,심각한 악화 (나쁨-3),3,,0,0,3.32,0.9539,0.779,48,48,computed_co2_regression,2,13.5,history,25.78107452392578,2026-04-13T00:06:48.271Z,220.75
887.6666870117188,2026-04-13T00:06:54.084Z,2026-05-13T00:06:53.151Z,52.41236877441406,2.207,,3,나쁨,심각한 악화 (나쁨-3),3,,0,0,3.587,0.9537,0.8169,48,48,computed_co2_regression,2,13.333333015441895,history,25.7930908203125,2026-04-13T00:06:54.084Z,220.6666717529297
888,2026-04-13T00:07:00.088Z,2026-05-13T00:06:59.159Z,52.373268127441406,2.206,,3,나쁨,심각한 악화 (나쁨-3),3,,0,0,3.823,0.9539,0.8548,48,48,computed_co2_regression,2,13.5,history,25.80377197265625,2026-04-13T00:07:00.088Z,220.5833282470703
887.6666870117188,2026-04-13T00:07:06.953Z,2026-05-13T00:07:06.012Z,52.33893585205078,2.205,,3,나쁨,심각한 악화 (나쁨-3),3,,0,0,3.964,0.9534,0.8805,48,48,computed_co2_regression,2,14,history,25.82513427734375,2026-04-13T00:07:06.953Z,220.5
887.3333129882812,2026-04-13T00:07:12.666Z,2026-05-13T00:07:11.734Z,52.30078887939453,2.204,,3,나쁨,심각한 악화 (나쁨-3),3,,0,0,4.006,0.9523,0.8899,48,48,computed_co2_regression,2,14.666666984558105,history,25.849166870117188,2026-04-13T00:07:12.666Z,220.4166717529297
887.3333129882812,2026-04-13T00:07:20.966Z,2026-05-13T00:07:20.031Z,52.226402282714844,2.203,,3,나쁨,심각한 악화 (나쁨-3),3,,0,0,3.954,0.9503,0.8775,48,48,computed_co2_regression,2,15.166666984558105,history,25.86652374267578,2026-04-13T00:07:20.966Z,220.3333282470703
887.6666870117188,2026-04-13T00:07:28.492Z,2026-05-13T00:07:27.420Z,52.167274475097656,2.202,,3,나쁨,심각한 악화 (나쁨-3),3,,0,0,3.844,0.9479,0.8494,48,48,computed_co2_regression,2,15.5,history,25.881210327148438,2026-04-13T00:07:28.492Z,220.25
888,2026-04-13T00:07:34.216Z,2026-05-13T00:07:33.131Z,52.139617919921875,2.202,,3,나쁨,심각한 악화 (나쁨-3),3,,0,0,3.696,0.9454,0.8077,48,48,computed_co2_regression,2,15.833333015441895,history,25.906578063964844,2026-04-13T00:07:34.216Z,220.1666717529297
888.3333129882812,2026-04-13T00:07:40.091Z,2026-05-13T00:07:39.157Z,52.10719299316406,2.201,,3,나쁨,심각한 악화 (나쁨-3),3,,0,0,3.496,0.9428,0.7491,48,48,computed_co2_regression,2,16.16666603088379,history,25.925270080566406,2026-04-13T00:07:40.091Z,220.0833282470703
888.6666870117188,2026-04-13T00:07:47.624Z,2026-05-13T00:07:45.139Z,52.03948211669922,2.2,,3,나쁨,심각한 악화 (나쁨-3),3,,0,0,3.291,0.9401,0.6892,48,48,computed_co2_regression,2,16.16666603088379,history,25.9212646484375,2026-04-13T00:07:47.624Z,220
889,2026-04-13T00:07:53.904Z,2026-05-13T00:07:52.566Z,52.025177001953125,2.2,,3,나쁨,심각한 악화 (나쁨-3),3,,0,0,3.086,0.937,0.6327,48,48,computed_co2_regression,2,16,history,25.926605224609375,2026-04-13T00:07:53.904Z,220
889,2026-04-13T00:08:00.235Z,2026-05-13T00:07:59.068Z,52.03471374511719,2.2,,3,나쁨,심각한 악화 (나쁨-3),3,,0,0,2.86,0.9332,0.5647,48,48,computed_co2_regression,2,16.33333396911621,history,25.938621520996094,2026-04-13T00:08:00.235Z,220
889,2026-04-13T00:08:07.466Z,2026-05-13T00:08:06.050Z,51.99847412109375,2.2,,3,나쁨,심각한 악화 (나쁨-3),3,,0,0,2.545,0.9243,0.4544,47,47,computed_co2_regression,2,16.83333396911621,history,25.94396209716797,2026-04-13T00:08:07.466Z,220
890,2026-04-13T00:08:13.334Z,2026-05-13T00:08:12.172Z,51.956512451171875,2.2,,3,나쁨,심각한 악화 (나쁨-3),3,,0,0,2.286,0.9255,0.3867,48,48,computed_co2_regression,2,17,history,25.949302673339844,2026-04-13T00:08:13.334Z,220
891.6666870117188,2026-04-13T00:08:20.152Z,2026-05-13T00:08:18.934Z,51.94792938232422,2.2,,3,나쁨,심각한 악화 (나쁨-3),3,,0,0,1.971,0.9245,0.3003,48,48,computed_co2_regression,2,17,history,25.97600555419922,2026-04-13T00:08:20.152Z,220
893.3333129882812,2026-04-13T00:08:27.323Z,2026-05-13T00:08:26.187Z,51.92218017578125,2.2,,3,나쁨,심각한 악화 (나쁨-3),3,,0,0,1.665,0.9248,0.2205,48,48,computed_co2_regression,2,17.16666603088379,history,25.98401641845703,2026-04-13T00:08:27.323Z,220
894.3333129882812,2026-04-13T00:08:33.795Z,2026-05-13T00:08:32.836Z,51.84397888183594,2.2,,3,나쁨,심각한 악화 (나쁨-3),3,,0,0,1.274,0.926,0.1295,47,47,computed_co2_regression,2,17.16666603088379,history,25.977340698242188,2026-04-13T00:08:33.795Z,220
895,2026-04-13T00:08:40.378Z,2026-05-13T00:08:39.293Z,51.806785583496094,2.2,,3,나쁨,심각한 악화 (나쁨-3),3,,0,0,1.034,0.9308,0.0881,47,47,computed_co2_regression,2,16.5,history,25.990692138671875,2026-04-13T00:08:40.378Z,220
896.6666870117188,2026-04-13T00:08:46.105Z,2026-05-13T00:08:45.162Z,51.811553955078125,2.2,,3,나쁨,심각한 악화 (나쁨-3),3,,0,0,0.95,0.9349,0.0793,48,48,computed_co2_regression,2,16,history,26.001373291015625,2026-04-13T00:08:46.105Z,220
898.6666870117188,2026-04-13T00:08:52.364Z,2026-05-13T00:08:51.278Z,51.773406982421875,2.2,,3,나쁨,심각한 악화 (나쁨-3),3,,0,0,0.75,0.9377,0.0524,48,48,computed_co2_regression,2,15.833333015441895,history,26.013389587402344,2026-04-13T00:08:52.364Z,220
900,2026-04-13T00:08:58.095Z,2026-05-13T00:08:57.121Z,51.722862243652344,2.2,,3,나쁨,심각한 악화 (나쁨-3),3,,0,0,0.545,0.9393,0.0293,48,48,computed_co2_regression,2,15.833333015441895,history,26.04009246826172,2026-04-13T00:08:58.095Z,220
900.3333129882812,2026-04-13T00:09:04.081Z,2026-05-13T00:09:03.124Z,51.71237564086914,2.2,,3,나쁨,심각한 악화 (나쁨-3),3,,0,0,0.317,0.9405,0.0108,48,48,computed_co2_regression,2,15.833333015441895,history,26.046768188476562,2026-04-13T00:09:04.081Z,220
900.3333129882812,2026-04-13T00:09:10.325Z,2026-05-13T00:09:09.374Z,51.71237564086914,2.2,,3,나쁨,심각한 악화 (나쁨-3),3,,0,0,0.067,0.942,0.0005,48,48,computed_co2_regression,2,16,history,26.046768188476562,2026-04-13T00:09:10.325Z,220
901,2026-04-13T00:09:17.097Z,2026-05-13T00:09:16.160Z,51.6761360168457,2.2,,3,나쁨,심각한 악화 (나쁨-3),3,,0,0,0,0.9431,0.007,48,48,computed_co2_regression,2,16.5,history,26.0494384765625,2026-04-13T00:09:17.097Z,220
902.6666870117188,2026-04-13T00:09:23.401Z,2026-05-13T00:09:22.300Z,51.66659927368164,2.2,,3,나쁨,심각한 악화 (나쁨-3),3,,0,0,0,0.9429,0.0398,48,48,computed_co2_regression,2,16.66666603088379,history,26.086822509765625,2026-04-13T00:09:23.401Z,220
905.6666870117188,2026-04-13T00:09:30.708Z,2026-05-13T00:09:29.740Z,51.67232131958008,2.2,,3,나쁨,심각한 악화 (나쁨-3),3,,0,0,0,0.9396,0.0949,48,48,computed_co2_regression,2,16.5,history,26.10284423828125,2026-04-13T00:09:30.708Z,220
909,2026-04-13T00:09:36.869Z,2026-05-13T00:09:35.793Z,51.627498626708984,2.201,,3,나쁨,심각한 악화 (나쁨-3),3,,0,0,0,0.9312,0.1544,48,48,computed_co2_regression,2,16.16666603088379,history,26.10417938232422,2026-04-13T00:09:36.869Z,220.0833282470703
912.3333129882812,2026-04-13T00:09:43.044Z,2026-05-13T00:09:41.953Z,51.56074142456055,2.202,,3,나쁨,심각한 악화 (나쁨-3),3,,0,0,0,0.9181,0.2114,48,48,computed_co2_regression,2,16.16666603088379,history,26.129547119140625,2026-04-13T00:09:43.044Z,220.1666717529297
915,2026-04-13T00:09:49.176Z,2026-05-13T00:09:48.202Z,51.45583724975586,2.202,,3,나쁨,심각한 악화 (나쁨-3),3,,0,0,0,0.8971,0.2788,47,47,computed_co2_regression,2,16.16666603088379,history,26.13622283935547,2026-04-13T00:09:49.176Z,220.25
917,2026-04-13T00:09:55.127Z,2026-05-13T00:09:54.184Z,51.41006088256836,2.203,,3,나쁨,심각한 악화 (나쁨-3),3,,0,0,0,0.8825,0.2955,47,47,computed_co2_regression,2,16,history,26.14690399169922,2026-04-13T00:09:55.127Z,220.3333282470703
918,2026-04-13T00:10:01.221Z,2026-05-13T00:10:00.280Z,51.4215087890625,2.204,,3,나쁨,심각한 악화 (나쁨-3),3,,0,0,0,0.8718,0.3104,47,47,computed_co2_regression,2,16.16666603088379,history,26.16693115234375,2026-04-13T00:10:01.221Z,220.4166717529297
918.3333129882812,2026-04-13T00:10:07.928Z,2026-05-13T00:10:06.980Z,51.376686096191406,2.205,,3,나쁨,심각한 악화 (나쁨-3),3,,0,0,0,0.8658,0.3273,47,47,computed_co2_regression,2,16.5,history,26.172271728515625,2026-04-13T00:10:07.928Z,220.5
919,2026-04-13T00:10:13.695Z,2026-05-13T00:10:12.749Z,51.30420684814453,2.206,,3,나쁨,심각한 악화 (나쁨-3),3,,0,0,0,0.8631,0.3577,47,47,computed_co2_regression,2,16.83333396911621,history,26.173606872558594,2026-04-13T00:10:13.695Z,220.5833282470703
919.6666870117188,2026-04-13T00:10:20.421Z,2026-05-13T00:10:19.482Z,51.26605987548828,2.207,,3,나쁨,심각한 악화 (나쁨-3),3,,0,0,0,0.8687,0.3751,48,48,computed_co2_regression,2,16.83333396911621,history,26.18695831298828,2026-04-13T00:10:20.421Z,220.6666717529297
919.6666870117188,2026-04-13T00:10:26.314Z,2026-05-13T00:10:25.386Z,51.22028350830078,2.208,,3,나쁨,심각한 악화 (나쁨-3),3,,0,0,0,0.8707,0.4089,48,48,computed_co2_regression,2,16.83333396911621,history,26.213661193847656,2026-04-13T00:10:26.314Z,220.75
919,2026-04-13T00:10:33.280Z,2026-05-13T00:10:32.347Z,51.185951232910156,2.208,,3,나쁨,심각한 악화 (나쁨-3),3,,0,0,0,0.8759,0.4609,48,48,computed_co2_regression,2,17,history,26.22968292236328,2026-04-13T00:10:33.280Z,220.8333282470703
918,2026-04-13T00:10:39.187Z,2026-05-13T00:10:38.243Z,51.173553466796875,2.209,,3,나쁨,심각한 악화 (나쁨-3),3,,0,0,0,0.882,0.5082,48,48,computed_co2_regression,2,17.16666603088379,history,26.22968292236328,2026-04-13T00:10:39.187Z,220.9166717529297
917,2026-04-13T00:10:45.529Z,2026-05-13T00:10:44.593Z,51.109657287597656,2.21,,3,나쁨,심각한 악화 (나쁨-3),3,,0,0,0,0.8868,0.5493,48,48,computed_co2_regression,2,17.33333396911621,history,26.233688354492188,2026-04-13T00:10:45.529Z,221
916.3333129882812,2026-04-13T00:10:51.662Z,2026-05-13T00:10:50.702Z,51.06101989746094,2.21,,3,나쁨,심각한 악화 (나쁨-3),3,,0,0,0,0.8892,0.5912,48,48,computed_co2_regression,2,17.5,history,26.239028930664062,2026-04-13T00:10:51.662Z,221
915.6666870117188,2026-04-13T00:10:57.765Z,2026-05-13T00:10:56.678Z,51.03813171386719,2.21,,3,나쁨,심각한 악화 (나쁨-3),3,,0,0,0,0.8908,0.6144,48,48,computed_co2_regression,2,17.33333396911621,history,26.247039794921875,2026-04-13T00:10:57.765Z,221
915.3333129882812,2026-04-13T00:11:03.693Z,2026-05-13T00:11:02.719Z,50.97900390625,2.21,,3,나쁨,심각한 악화 (나쁨-3),3,,0,0,0,0.8915,0.6178,48,48,computed_co2_regression,2,16.83333396911621,history,26.256385803222656,2026-04-13T00:11:03.693Z,221
915,2026-04-13T00:11:09.833Z,2026-05-13T00:11:08.910Z,50.97900390625,2.21,,3,나쁨,심각한 악화 (나쁨-3),3,,0,0,0,0.892,0.6029,48,48,computed_co2_regression,2,16.5,history,26.256385803222656,2026-04-13T00:11:09.833Z,221
914.6666870117188,2026-04-13T00:11:17.170Z,2026-05-13T00:11:16.246Z,50.926551818847656,2.21,,3,나쁨,심각한 악화 (나쁨-3),3,,0,0,0,0.8906,0.5726,48,48,computed_co2_regression,2,16.16666603088379,history,26.26974105834961,2026-04-13T00:11:17.170Z,221
913.6666870117188,2026-04-13T00:11:23.752Z,2026-05-13T00:11:22.732Z,50.89794158935547,2.21,,3,나쁨,심각한 악화 (나쁨-3),3,,0,0,0,0.8858,0.5176,48,48,computed_co2_regression,2,15.666666984558105,history,26.29511260986328,2026-04-13T00:11:23.752Z,221
912.3333129882812,2026-04-13T00:11:29.647Z,2026-05-13T00:11:28.708Z,50.88554382324219,2.21,,3,나쁨,심각한 악화 (나쁨-3),3,,0,0,0,0.8763,0.4133,48,48,computed_co2_regression,2,14.833333015441895,history,26.303123474121094,2026-04-13T00:11:29.647Z,221
911.3333129882812,2026-04-13T00:11:36.692Z,2026-05-13T00:11:35.749Z,50.842628479003906,2.21,,3,나쁨,심각한 악화 (나쁨-3),3,,0,0,0,0.8618,0.2887,48,48,computed_co2_regression,2,14.333333015441895,history,26.313804626464844,2026-04-13T00:11:36.692Z,221
910.6666870117188,2026-04-13T00:11:43.116Z,2026-05-13T00:11:42.019Z,50.79017639160156,2.21,,3,나쁨,심각한 악화 (나쁨-3),3,,0,0,0,0.8433,0.1601,48,48,computed_co2_regression,2,13.833333015441895,history,26.33783721923828,2026-04-13T00:11:43.116Z,221
910.3333129882812,2026-04-13T00:11:49.756Z,2026-05-13T00:11:48.657Z,50.77491760253906,2.21,,3,나쁨,심각한 악화 (나쁨-3),3,,0,0,0,0.8153,0.025,47,47,computed_co2_regression,2,13.166666984558105,history,26.36053466796875,2026-04-13T00:11:49.756Z,221
910,2026-04-13T00:11:55.615Z,2026-05-13T00:11:54.676Z,50.731048583984375,2.21,,3,나쁨,심각한 악화 (나쁨-3),3,,0,0,0.189,0.7879,0.0037,47,47,computed_co2_regression,2,12.5,history,26.37255096435547,2026-04-13T00:11:55.615Z,221
910.3333129882812,2026-04-13T00:12:01.654Z,2026-05-13T00:12:00.720Z,50.695762634277344,2.21,,3,나쁨,심각한 악화 (나쁨-3),3,,0,0,0.864,0.7597,0.0652,47,47,computed_co2_regression,2,12.166666984558105,history,26.376556396484375,2026-04-13T00:12:01.654Z,221
910.6666870117188,2026-04-13T00:12:08.444Z,2026-05-13T00:12:07.514Z,50.682411193847656,2.21,,3,나쁨,심각한 악화 (나쁨-3),3,,0,0,1.436,0.7291,0.1585,47,47,computed_co2_regression,2,12.5,history,26.384567260742188,2026-04-13T00:12:08.444Z,221
911,2026-04-13T00:12:14.784Z,2026-05-13T00:12:13.697Z,50.64903259277344,2.21,,3,나쁨,심각한 악화 (나쁨-3),3,,0,0,1.911,0.6966,0.2482,47,47,computed_co2_regression,2,12.666666984558105,history,26.385902404785156,2026-04-13T00:12:14.784Z,221
910.6666870117188,2026-04-13T00:12:21.166Z,2026-05-13T00:12:20.229Z,50.644264221191406,2.21,,3,나쁨,심각한 악화 (나쁨-3),3,,0,0,2.043,0.6784,0.2818,48,48,computed_co2_regression,2,13.333333015441895,history,26.377891540527344,2026-04-13T00:12:21.166Z,221
910.6666870117188,2026-04-13T00:12:27.563Z,2026-05-13T00:12:26.629Z,50.61279296875,2.21,,3,나쁨,심각한 악화 (나쁨-3),3,,0,0,2.297,0.6418,0.3431,48,48,computed_co2_regression,2,13.833333015441895,history,26.389907836914062,2026-04-13T00:12:27.563Z,221
910.6666870117188,2026-04-13T00:12:33.602Z,2026-05-13T00:12:32.666Z,50.56892395019531,2.21,,3,나쁨,심각한 악화 (나쁨-3),3,,0,0,2.443,0.6032,0.382,48,48,computed_co2_regression,2,14.5,history,26.408599853515625,2026-04-13T00:12:33.602Z,221
911,2026-04-13T00:12:41.010Z,2026-05-13T00:12:40.012Z,50.567970275878906,2.21,,3,나쁨,심각한 악화 (나쁨-3),3,,0,0,2.502,0.5632,0.3988,48,48,computed_co2_regression,2,15,history,26.400588989257812,2026-04-13T00:12:41.010Z,221
911.3333129882812,2026-04-13T00:12:46.999Z,2026-05-13T00:12:46.074Z,50.566062927246094,2.21,,3,나쁨,심각한 악화 (나쁨-3),3,,0,0,2.527,0.5224,0.4055,48,48,computed_co2_regression,2,15,history,26.416610717773438,2026-04-13T00:12:46.999Z,221
911.6666870117188,2026-04-13T00:12:53.108Z,2026-05-13T00:12:52.176Z,50.53172302246094,2.21,,3,나쁨,심각한 악화 (나쁨-3),3,,0,0,2.563,0.4811,0.415,48,48,computed_co2_regression,2,14.833333015441895,history,26.448654174804688,2026-04-13T00:12:53.108Z,221
912.3333129882812,2026-04-13T00:12:59.076Z,2026-05-13T00:12:58.113Z,50.478309631347656,2.21,,3,나쁨,심각한 악화 (나쁨-3),3,,0,0,2.609,0.4404,0.4278,48,48,computed_co2_regression,2,14.833333015441895,history,26.463340759277344,2026-04-13T00:12:59.076Z,221
913,2026-04-13T00:13:05.875Z,2026-05-13T00:13:04.935Z,50.4496955871582,2.21,,3,나쁨,심각한 악화 (나쁨-3),3,,0,0,2.587,0.3998,0.4215,48,48,computed_co2_regression,2,15.166666984558105,history,26.47669219970703,2026-04-13T00:13:05.875Z,221
914,2026-04-13T00:13:11.586Z,2026-05-13T00:13:10.644Z,50.42299270629883,2.21,,3,나쁨,심각한 악화 (나쁨-3),3,,0,0,2.53,0.3613,0.4071,48,48,computed_co2_regression,2,15,history,26.474021911621094,2026-04-13T00:13:11.586Z,221
915,2026-04-13T00:13:18.603Z,2026-05-13T00:13:17.681Z,50.43252944946289,2.21,,3,나쁨,심각한 악화 (나쁨-3),3,,0,0,2.467,0.3249,0.3921,48,48,computed_co2_regression,2,14.833333015441895,history,26.486038208007812,2026-04-13T00:13:18.603Z,221
915.6666870117188,2026-04-13T00:13:26.177Z,2026-05-13T00:13:25.099Z,50.413455963134766,2.21,,3,나쁨,심각한 악화 (나쁨-3),3,,0,0,2.41,0.2904,0.3793,48,48,computed_co2_regression,2,14.666666984558105,history,26.496719360351562,2026-04-13T00:13:26.177Z,221
916,2026-04-13T00:13:32.185Z,2026-05-13T00:13:31.255Z,50.36386489868164,2.21,,3,나쁨,심각한 악화 (나쁨-3),3,,0,0,2.328,0.257,0.3616,48,48,computed_co2_regression,2,14.666666984558105,history,26.503395080566406,2026-04-13T00:13:32.185Z,221
916.6666870117188,2026-04-13T00:13:38.060Z,2026-05-13T00:13:37.106Z,50.362911224365234,2.21,,3,나쁨,심각한 악화 (나쁨-3),3,,0,0,2.271,0.2253,0.3501,48,48,computed_co2_regression,2,14.333333015441895,history,26.52208709716797,2026-04-13T00:13:38.060Z,221
917.3333129882812,2026-04-13T00:13:45.368Z,2026-05-13T00:13:44.440Z,50.35146713256836,2.211,,3,나쁨,심각한 악화 (나쁨-3),3,,0,0,2.33,0.1949,0.3627,48,48,computed_co2_regression,2,13.666666984558105,history,26.53276824951172,2026-04-13T00:13:45.368Z,221.0833282470703
918.6666870117188,2026-04-13T00:13:51.269Z,2026-05-13T00:13:50.340Z,50.32094955444336,2.212,,3,나쁨,심각한 악화 (나쁨-3),3,,0,0,2.479,0.1697,0.3929,48,48,computed_co2_regression,2,13.166666984558105,history,26.548789978027344,2026-04-13T00:13:51.269Z,221.1666717529297
919.3333129882812,2026-04-13T00:13:57.572Z,2026-05-13T00:13:56.629Z,50.30569076538086,2.213,,3,나쁨,심각한 악화 (나쁨-3),3,,0,0,2.688,0.1484,0.4318,48,48,computed_co2_regression,2,12.666666984558105,history,26.576828002929688,2026-04-13T00:13:57.572Z,221.25
920.3333129882812,2026-04-13T00:14:03.672Z,2026-05-13T00:14:02.740Z,50.26754379272461,2.213,,3,나쁨,심각한 악화 (나쁨-3),3,,0,0,2.922,0.1312,0.4716,48,48,computed_co2_regression,2,12.333333015441895,history,26.559471130371094,2026-04-13T00:14:03.672Z,221.3333282470703
921,2026-04-13T00:14:10.469Z,2026-05-13T00:14:09.459Z,50.207462310791016,2.214,,3,나쁨,심각한 악화 (나쁨-3),3,,0,0,3.161,0.1146,0.5103,48,48,computed_co2_regression,2,12.166666984558105,history,26.539443969726562,2026-04-13T00:14:10.469Z,221.4166717529297
921.6666870117188,2026-04-13T00:14:17.386Z,2026-05-13T00:14:16.449Z,50.157875061035156,2.215,,3,나쁨,심각한 악화 (나쁨-3),3,,0,0,3.347,0.0978,0.5413,48,48,computed_co2_regression,2,12.333333015441895,history,26.582172393798828,2026-04-13T00:14:17.386Z,221.5
922.3333129882812,2026-04-13T00:14:23.174Z,2026-05-13T00:14:22.242Z,50.12449645996094,2.216,,3,나쁨,심각한 악화 (나쁨-3),3,,0,0,3.433,0.0825,0.5553,48,48,computed_co2_regression,2,12.666666984558105,history,26.588848114013672,2026-04-13T00:14:23.174Z,221.5833282470703
922.6666870117188,2026-04-13T00:14:29.079Z,2026-05-13T00:14:28.136Z,50.10828399658203,2.217,,3,나쁨,심각한 악화 (나쁨-3),3,,0,0,3.47,0.0699,0.5614,48,48,computed_co2_regression,2,12.833333015441895,history,26.599529266357422,2026-04-13T00:14:29.079Z,221.6666717529297
923.3333129882812,2026-04-13T00:14:35.581Z,2026-05-13T00:14:34.634Z,50.09111785888672,2.218,,3,나쁨,심각한 악화 (나쁨-3),3,,0,0,3.484,0.066,0.5643,48,48,computed_co2_regression,2,13,history,26.61154556274414,2026-04-13T00:14:35.581Z,221.75
924,2026-04-13T00:14:41.623Z,2026-05-13T00:14:40.683Z,50.06346130371094,2.218,,3,나쁨,심각한 악화 (나쁨-3),3,,0,0,3.498,0.0729,0.5672,48,48,computed_co2_regression,2,13.166666984558105,history,26.603534698486328,2026-04-13T00:14:41.623Z,221.8333282470703
924.6666870117188,2026-04-13T00:14:48.868Z,2026-05-13T00:14:47.928Z,50.01673126220703,2.219,,3,나쁨,심각한 악화 (나쁨-3),3,,0,0,3.497,0.0939,0.5675,48,48,computed_co2_regression,2,13.166666984558105,history,26.622230529785156,2026-04-13T00:14:48.868Z,221.9166717529297
925,2026-04-13T00:14:54.639Z,2026-05-13T00:14:53.686Z,49.96427917480469,2.22,,3,나쁨,심각한 악화 (나쁨-3),3,,0,0,3.54,0.1287,0.5752,48,48,computed_co2_regression,2,12.666666984558105,history,26.63825225830078,2026-04-13T00:14:54.639Z,222
925.3333129882812,2026-04-13T00:15:00.769Z,2026-05-13T00:14:59.685Z,49.93376159667969,2.22,,3,나쁨,심각한 악화 (나쁨-3),3,,0,0,3.624,0.1782,0.5888,48,48,computed_co2_regression,2,12.333333015441895,history,26.64893341064453,2026-04-13T00:15:00.769Z,222
925.6666870117188,2026-04-13T00:15:07.473Z,2026-05-13T00:15:06.544Z,49.94902038574219,2.22,,3,나쁨,심각한 악화 (나쁨-3),3,,0,0,3.676,0.2388,0.5971,48,48,computed_co2_regression,2,12.333333015441895,history,26.652938842773438,2026-04-13T00:15:07.473Z,222
926,2026-04-13T00:15:13.771Z,2026-05-13T00:15:12.675Z,49.94043731689453,2.22,,3,나쁨,심각한 악화 (나쁨-3),3,,0,0,3.681,0.3054,0.598,48,48,computed_co2_regression,2,12.333333015441895,history,26.652938842773438,2026-04-13T00:15:13.771Z,222
926,2026-04-13T00:15:20.358Z,2026-05-13T00:15:19.408Z,49.91087341308594,2.221,,3,나쁨,심각한 악화 (나쁨-3),3,,0,0,3.62,0.3805,0.5895,48,48,computed_co2_regression,2,12.5,history,26.636917114257812,2026-04-13T00:15:20.358Z,222.0833282470703
926,2026-04-13T00:15:26.242Z,2026-05-13T00:15:25.287Z,49.9051513671875,2.222,,3,나쁨,심각한 악화 (나쁨-3),3,,0,0,3.522,0.4644,0.5751,48,48,computed_co2_regression,2,12.666666984558105,history,26.63825225830078,2026-04-13T00:15:26.242Z,222.1666717529297
926.3333129882812,2026-04-13T00:15:32.308Z,2026-05-13T00:15:31.383Z,49.91564178466797,2.223,,3,나쁨,심각한 악화 (나쁨-3),3,,0,0,3.371,0.5512,0.5502,48,48,computed_co2_regression,2,13,history,26.67029571533203,2026-04-13T00:15:32.308Z,222.25
926.6666870117188,2026-04-13T00:15:38.253Z,2026-05-13T00:15:37.317Z,49.888938903808594,2.223,,3,나쁨,심각한 악화 (나쁨-3),3,,0,0,3.19,0.631,0.5214,48,48,computed_co2_regression,2,13,history,26.701004028320312,2026-04-13T00:15:38.253Z,222.3333282470703
927.3333129882812,2026-04-13T00:15:44.294Z,2026-05-13T00:15:43.316Z,49.827903747558594,2.224,,3,나쁨,심각한 악화 (나쁨-3),3,,0,0,2.996,0.6998,0.4934,48,48,computed_co2_regression,2,12.833333015441895,history,26.709014892578125,2026-04-13T00:15:44.294Z,222.4166717529297
927.6666870117188,2026-04-13T00:15:51.406Z,2026-05-13T00:15:50.480Z,49.82122802734375,2.225,,3,나쁨,심각한 악화 (나쁨-3),3,,0,0,2.807,0.7564,0.4705,48,48,computed_co2_regression,2,12.5,history,26.719696044921875,2026-04-13T00:15:51.406Z,222.5
928.3333129882812,2026-04-13T00:15:57.085Z,2026-05-13T00:15:56.153Z,49.81932067871094,2.226,,3,나쁨,심각한 악화 (나쁨-3),3,,0,0,2.641,0.8049,0.4564,48,48,computed_co2_regression,2,12,history,26.738388061523438,2026-04-13T00:15:57.085Z,222.5833282470703
928.3333129882812,2026-04-13T00:16:03.179Z,2026-05-13T00:16:02.199Z,49.756378173828125,2.227,,3,나쁨,심각한 악화 (나쁨-3),3,,0,0,2.528,0.8451,0.4496,48,48,computed_co2_regression,2,11.5,history,26.742393493652344,2026-04-13T00:16:03.179Z,222.6666717529297
928.6666870117188,2026-04-13T00:16:10.462Z,2026-05-13T00:16:09.530Z,49.68962097167969,2.228,,3,나쁨,심각한 악화 (나쁨-3),3,,0,0,2.496,0.8808,0.4477,48,48,computed_co2_regression,2,11,history,26.751739501953125,2026-04-13T00:16:10.462Z,222.75
929,2026-04-13T00:16:17.157Z,2026-05-13T00:16:16.225Z,49.65052032470703,2.228,,3,나쁨,심각한 악화 (나쁨-3),3,,0,0,2.491,0.912,0.4469,48,48,computed_co2_regression,2,10.833333015441895,history,26.742393493652344,2026-04-13T00:16:17.157Z,222.8333282470703
929.6666870117188,2026-04-13T00:16:23.207Z,2026-05-13T00:16:22.267Z,49.62858581542969,2.229,,3,나쁨,심각한 악화 (나쁨-3),3,,0,0,2.536,0.9387,0.4481,48,48,computed_co2_regression,2,10.5,history,26.73438262939453,2026-04-13T00:16:23.207Z,222.9166717529297
930.3333129882812,2026-04-13T00:16:29.094Z,2026-05-13T00:16:28.100Z,49.596160888671875,2.23,,3,나쁨,심각한 악화 (나쁨-3),3,,0,0,2.602,0.9576,0.4517,48,48,computed_co2_regression,2,10.5,history,26.765090942382812,2026-04-13T00:16:29.094Z,223
930.6666870117188,2026-04-13T00:16:35.531Z,2026-05-13T00:16:34.600Z,49.56468963623047,2.23,,3,나쁨,심각한 악화 (나쁨-3),3,,0,0,2.681,0.9682,0.4614,48,48,computed_co2_regression,2,10.833333015441895,history,26.7784423828125,2026-04-13T00:16:35.531Z,223
931,2026-04-13T00:16:41.676Z,2026-05-13T00:16:40.741Z,49.54943084716797,2.23,,3,나쁨,심각한 악화 (나쁨-3),3,,0,0,2.728,0.9736,0.4697,48,48,computed_co2_regression,2,11.333333015441895,history,26.77977752685547,2026-04-13T00:16:41.676Z,223
931,2026-04-13T00:16:49.111Z,2026-05-13T00:16:48.158Z,49.539894104003906,2.23,,3,나쁨,심각한 악화 (나쁨-3),3,,0,0,2.75,0.9754,0.475,48,48,computed_co2_regression,2,11.833333015441895,history,26.795799255371094,2026-04-13T00:16:49.111Z,223
931.3333129882812,2026-04-13T00:16:56.389Z,2026-05-13T00:16:55.423Z,49.57041549682617,2.231,,3,나쁨,심각한 악화 (나쁨-3),3,,0,0,2.795,0.9754,0.4884,48,48,computed_co2_regression,2,12.166666984558105,history,26.795799255371094,2026-04-13T00:16:56.389Z,223.0833282470703
931.6666870117188,2026-04-13T00:17:02.332Z,2026-05-13T00:17:01.239Z,49.58280944824219,2.232,,3,나쁨,심각한 악화 (나쁨-3),3,,0,0,2.877,0.9742,0.5173,48,48,computed_co2_regression,2,12.5,history,26.80915069580078,2026-04-13T00:17:02.332Z,223.1666717529297
932.3333129882812,2026-04-13T00:17:08.877Z,2026-05-13T00:17:07.919Z,49.532264709472656,2.233,,3,나쁨,심각한 악화 (나쁨-3),3,,0,0,2.961,0.9732,0.5517,48,48,computed_co2_regression,2,12.833333015441895,history,26.825172424316406,2026-04-13T00:17:08.877Z,223.25
932.6666870117188,2026-04-13T00:17:14.586Z,2026-05-13T00:17:13.637Z,49.506507873535156,2.233,,3,나쁨,심각한 악화 (나쁨-3),3,,0,0,3.008,0.972,0.5702,48,48,computed_co2_regression,2,12.833333015441895,history,26.826507568359375,2026-04-13T00:17:14.586Z,223.3333282470703
933.3333129882812,2026-04-13T00:17:20.686Z,2026-05-13T00:17:19.674Z,49.54179763793945,2.234,,3,나쁨,심각한 악화 (나쁨-3),3,,0,0,3.019,0.971,0.5744,48,48,computed_co2_regression,2,13,history,26.829177856445312,2026-04-13T00:17:20.686Z,223.4166717529297
934.3333129882812,2026-04-13T00:17:26.557Z,2026-05-13T00:17:25.626Z,49.55610275268555,2.235,,3,나쁨,심각한 악화 (나쁨-3),3,,0,0,2.973,0.9704,0.5582,48,48,computed_co2_regression,2,12.833333015441895,history,26.845199584960938,2026-04-13T00:17:26.557Z,223.5
936,2026-04-13T00:17:32.579Z,2026-05-13T00:17:31.645Z,49.51890563964844,2.236,,3,나쁨,심각한 악화 (나쁨-3),3,,0,0,2.87,0.9704,0.5259,48,48,computed_co2_regression,2,12.833333015441895,history,26.85454559326172,2026-04-13T00:17:32.579Z,223.5833282470703
938,2026-04-13T00:17:38.532Z,2026-05-13T00:17:37.588Z,49.47980499267578,2.237,,3,나쁨,심각한 악화 (나쁨-3),3,,0,0,2.674,0.9699,0.4713,48,48,computed_co2_regression,2,13,history,26.859886169433594,2026-04-13T00:17:38.532Z,223.6666717529297
939.6666870117188,2026-04-13T00:17:44.614Z,2026-05-13T00:17:43.656Z,49.41019058227539,2.238,,3,나쁨,심각한 악화 (나쁨-3),3,,0,0,2.419,0.9681,0.4088,48,48,computed_co2_regression,2,13,history,26.869232177734375,2026-04-13T00:17:44.614Z,223.75
940.6666870117188,2026-04-13T00:17:50.603Z,2026-05-13T00:17:49.637Z,49.35392379760742,2.238,,3,나쁨,심각한 악화 (나쁨-3),3,,0,0,2.138,0.9659,0.3394,48,48,computed_co2_regression,2,13.166666984558105,history,26.882583618164062,2026-04-13T00:17:50.603Z,223.8333282470703
941.6666870117188,2026-04-13T00:17:57.864Z,2026-05-13T00:17:56.932Z,49.34152603149414,2.239,,3,나쁨,심각한 악화 (나쁨-3),3,,0,0,1.88,0.9636,0.279,48,48,computed_co2_regression,2,13,history,26.87457275390625,2026-04-13T00:17:57.864Z,223.9166717529297
942,2026-04-13T00:18:03.778Z,2026-05-13T00:18:02.804Z,49.307193756103516,2.24,,3,나쁨,심각한 악화 (나쁨-3),3,,0,0,1.597,0.9618,0.2145,48,48,computed_co2_regression,2,13.166666984558105,history,26.869232177734375,2026-04-13T00:18:03.778Z,224
942.3333129882812,2026-04-13T00:18:10.340Z,2026-05-13T00:18:09.401Z,49.30910110473633,2.24,,3,나쁨,심각한 악화 (나쁨-3),3,,0,0,1.308,0.9607,0.159,48,48,computed_co2_regression,2,12.833333015441895,history,26.899940490722656,2026-04-13T00:18:10.340Z,224
942.3333129882812,2026-04-13T00:18:17.134Z,2026-05-13T00:18:16.195Z,49.283355712890625,2.24,,3,나쁨,심각한 악화 (나쁨-3),3,,0,0,1.081,0.9601,0.1202,48,48,computed_co2_regression,2,12.333333015441895,history,26.9066162109375,2026-04-13T00:18:17.134Z,224
942.6666870117188,2026-04-13T00:18:23.185Z,2026-05-13T00:18:22.245Z,49.210872650146484,2.241,,3,나쁨,심각한 악화 (나쁨-3),3,,0,0,0.961,0.9596,0.1024,48,48,computed_co2_regression,2,11.5,history,26.902610778808594,2026-04-13T00:18:23.185Z,224.0833282470703
943,2026-04-13T00:18:29.062Z,2026-05-13T00:18:28.127Z,49.1727294921875,2.242,,3,나쁨,심각한 악화 (나쁨-3),3,,0,0,0.975,0.9593,0.104,48,48,computed_co2_regression,2,10.5,history,26.923973083496094,2026-04-13T00:18:29.062Z,224.1666717529297
943.3333129882812,2026-04-13T00:18:35.030Z,2026-05-13T00:18:34.094Z,49.158424377441406,2.242,,3,나쁨,심각한 악화 (나쁨-3),3,,0,0,1.063,0.9591,0.1129,48,48,computed_co2_regression,2,9.833333015441895,history,26.9493408203125,2026-04-13T00:18:35.030Z,224.25
943.6666870117188,2026-04-13T00:18:41.202Z,2026-05-13T00:18:40.281Z,49.12504577636719,2.243,,3,나쁨,심각한 악화 (나쁨-3),3,,0,0,1.262,0.9591,0.131,48,48,computed_co2_regression,2,9.166666984558105,history,26.957351684570312,2026-04-13T00:18:41.202Z,224.3333282470703
944,2026-04-13T00:18:47.578Z,2026-05-13T00:18:46.647Z,49.07926940917969,2.244,,3,나쁨,심각한 악화 (나쁨-3),3,,0,0,1.561,0.9591,0.1594,48,48,computed_co2_regression,2,8.833333015441895,history,26.953346252441406,2026-04-13T00:18:47.578Z,224.4166717529297
944.3333129882812,2026-04-13T00:18:53.803Z,2026-05-13T00:18:52.830Z,49.072593688964844,2.245,,3,나쁨,심각한 악화 (나쁨-3),3,,0,0,1.863,0.9592,0.1924,48,48,computed_co2_regression,2,9,history,26.966697692871094,2026-04-13T00:18:53.803Z,224.5
945,2026-04-13T00:19:00.881Z,2026-05-13T00:18:59.956Z,49.036354064941406,2.246,,3,나쁨,심각한 악화 (나쁨-3),3,,0,0,2.073,0.9594,0.2227,48,48,computed_co2_regression,2,9.833333015441895,history,26.98004913330078,2026-04-13T00:19:00.881Z,224.5833282470703
945.6666870117188,2026-04-13T00:19:07.693Z,2026-05-13T00:19:06.613Z,48.974365234375,2.247,,3,나쁨,심각한 악화 (나쁨-3),3,,0,0,2.167,0.9601,0.2399,48,48,computed_co2_regression,2,10.833333015441895,history,26.98004913330078,2026-04-13T00:19:07.693Z,224.6666717529297
946.6666870117188,2026-04-13T00:19:13.657Z,2026-05-13T00:19:12.732Z,48.952430725097656,2.248,,3,나쁨,심각한 악화 (나쁨-3),3,,0,0,2.207,0.9609,0.248,48,48,computed_co2_regression,2,11.333333015441895,history,27.00141143798828,2026-04-13T00:19:13.657Z,224.75
947.6666870117188,2026-04-13T00:19:20.512Z,2026-05-13T00:19:19.489Z,48.947662353515625,2.248,,3,나쁨,심각한 악화 (나쁨-3),3,,0,0,2.138,0.9619,0.2334,48,48,computed_co2_regression,2,12,history,27.010757446289062,2026-04-13T00:19:20.512Z,224.8333282470703
949,2026-04-13T00:19:26.245Z,2026-05-13T00:19:25.305Z,48.917144775390625,2.249,,3,나쁨,심각한 악화 (나쁨-3),3,,0,0,1.949,0.9629,0.1939,48,48,computed_co2_regression,2,12.666666984558105,history,27.008087158203125,2026-04-13T00:19:26.245Z,224.9166717529297
950,2026-04-13T00:19:32.368Z,2026-05-13T00:19:31.429Z,48.913330078125,2.25,,3,나쁨,심각한 악화 (나쁨-3),3,,0,0,1.684,0.9637,0.1436,48,48,computed_co2_regression,2,13.166666984558105,history,27.016098022460938,2026-04-13T00:19:32.368Z,225
950.3333129882812,2026-04-13T00:19:38.355Z,2026-05-13T00:19:37.343Z,48.85801696777344,2.25,,3,나쁨,심각한 악화 (나쁨-3),3,,0,0,1.348,0.9654,0.0902,48,48,computed_co2_regression,2,13.666666984558105,history,27.030784606933594,2026-04-13T00:19:38.355Z,225
951,2026-04-13T00:19:44.232Z,2026-05-13T00:19:43.301Z,48.791259765625,2.25,,3,나쁨,심각한 악화 (나쁨-3),3,,0,0,0.978,0.9676,0.0464,48,48,computed_co2_regression,2,13.833333015441895,history,27.03612518310547,2026-04-13T00:19:44.232Z,225
951.3333129882812,2026-04-13T00:19:50.260Z,2026-05-13T00:19:49.307Z,48.80461120605469,2.25,,3,나쁨,심각한 악화 (나쁨-3),3,,0,0,0.578,0.9704,0.0156,48,48,computed_co2_regression,2,14.166666984558105,history,27.042800903320312,2026-04-13T00:19:50.260Z,225
952.3333129882812,2026-04-13T00:19:56.242Z,2026-05-13T00:19:55.310Z,48.77886199951172,2.25,,3,나쁨,심각한 악화 (나쁨-3),3,,0,0,0.223,0.973,0.0022,48,48,computed_co2_regression,2,14.333333015441895,history,27.074844360351562,2026-04-13T00:19:56.242Z,225
952.6666870117188,2026-04-13T00:20:03.488Z,2026-05-13T00:20:02.543Z,48.749298095703125,2.25,,3,나쁨,심각한 악화 (나쁨-3),3,,0,0,0,0.9758,0.0004,48,48,computed_co2_regression,2,14.5,history,27.085525512695312,2026-04-13T00:20:03.488Z,225
953.6666870117188,2026-04-13T00:20:09.889Z,2026-05-13T00:20:08.823Z,48.749298095703125,2.25,,3,나쁨,심각한 악화 (나쁨-3),3,,0,0,0,0.9782,0.0065,48,48,computed_co2_regression,2,14.333333015441895,history,27.085525512695312,2026-04-13T00:20:09.889Z,225
954.3333129882812,2026-04-13T00:20:16.600Z,2026-05-13T00:20:15.667Z,48.73976135253906,2.25,,3,나쁨,심각한 악화 (나쁨-3),3,,0,0,0,0.9806,0.0154,48,48,computed_co2_regression,2,13.666666984558105,history,27.080184936523438,2026-04-13T00:20:16.600Z,225
955.3333129882812,2026-04-13T00:20:22.660Z,2026-05-13T00:20:21.730Z,48.70733642578125,2.25,,3,나쁨,심각한 악화 (나쁨-3),3,,0,0,0,0.9822,0.0264,48,48,computed_co2_regression,2,13.333333015441895,history,27.09754180908203,2026-04-13T00:20:22.660Z,225
955.6666870117188,2026-04-13T00:20:28.587Z,2026-05-13T00:20:27.619Z,48.66728210449219,2.25,,3,나쁨,심각한 악화 (나쁨-3),3,,0,0,0,0.9834,0.0403,48,48,computed_co2_regression,2,13.166666984558105,history,27.114898681640625,2026-04-13T00:20:28.587Z,225
956,2026-04-13T00:20:34.653Z,2026-05-13T00:20:33.727Z,48.64916229248047,2.25,,3,나쁨,심각한 악화 (나쁨-3),3,,0,0,0,0.9844,0.0607,48,48,computed_co2_regression,2,13.166666984558105,history,27.11890411376953,2026-04-13T00:20:34.653Z,225
956.3333129882812,2026-04-13T00:20:40.640Z,2026-05-13T00:20:39.706Z,48.627227783203125,2.25,,3,나쁨,심각한 악화 (나쁨-3),3,,0,0,0,0.9851,0.0833,48,48,computed_co2_regression,2,13,history,27.11890411376953,2026-04-13T00:20:40.640Z,225
957.3333129882812,2026-04-13T00:20:46.629Z,2026-05-13T00:20:45.680Z,48.57190704345703,2.25,,3,나쁨,심각한 악화 (나쁨-3),3,,0,0,0,0.9861,0.1068,48,48,computed_co2_regression,2,13,history,27.1202392578125,2026-04-13T00:20:46.629Z,225
958.6666870117188,2026-04-13T00:20:52.771Z,2026-05-13T00:20:51.836Z,48.53089141845703,2.25,,3,나쁨,심각한 악화 (나쁨-3),3,,0,0,0,0.9868,0.1246,48,48,computed_co2_regression,2,12.833333015441895,history,27.1416015625,2026-04-13T00:20:52.771Z,225
959.6666870117188,2026-04-13T00:20:58.643Z,2026-05-13T00:20:57.708Z,48.528987884521484,2.25,,3,나쁨,심각한 악화 (나쁨-3),3,,0,0,0,0.9876,0.1317,48,48,computed_co2_regression,2,12.666666984558105,history,27.14026641845703,2026-04-13T00:20:58.643Z,225