co2,createdAt,expireAt,humidity,iaqi.e_score,iaqi.i_score,iaqi.m_score,iaqi.primary_grade,iaqi.sub_level,iaqiScore,k,kCo2,kEffective,kPm25,kR2Co2,kR2Pm25,kSampleCountCo2,kSampleCountPm25,kSource,nox,pm25,source_collection,temp,timestamp,tvoc,timestamp_kst,rCo2,rPm25,rVoc,rK,rTh,m_orig,m_no_k,m_no_k_th
617.3333129882812,2026-04-12T22:27:06.568Z,2026-05-12T22:27:05.634Z,41.16656494140625,2.0,,3.0,나쁨,심각한 악화 (나쁨-3),3.0,,0.0,0.0,0.153,0.8915,0.0127,48,48,computed_co2_regression,3.0,17.83333396911621,history,24.767677307128903,2026-04-12 22:27:06.568000+00:00,21.0,2026-04-13 07:27:06.568000+09:00,0.04333328247070312,0.08095239911760603,0.0,3.0,0.883343505859375,3.0,0.08095239911760603,0.883343505859375
617.0,2026-04-12T22:27:14.929Z,2026-05-12T22:27:13.855Z,41.22950744628906,2.0,,3.0,나쁨,심각한 악화 (나쁨-3),3.0,,0.0,0.0,0.379,0.884,0.0672,47,47,computed_co2_regression,3.0,17.66666603088379,history,24.79571533203125,2026-04-12 22:27:14.929000+00:00,21.0,2026-04-13 07:27:14.929000+09:00,0.0425,0.07619045802525111,0.0,3.0,0.8770492553710938,3.0,0.07619045802525111,0.8770492553710938
617.3333129882812,2026-04-12T22:27:20.773Z,2026-05-12T22:27:19.651Z,41.216156005859375,2.0,,3.0,나쁨,심각한 악화 (나쁨-3),3.0,,0.0,0.0,0.604,0.8757,0.1563,47,47,computed_co2_regression,3.0,17.5,history,24.79705047607422,2026-04-12 22:27:20.773000+00:00,21.0,2026-04-13 07:27:20.773000+09:00,0.04333328247070312,0.07142857142857142,0.0,3.0,0.8783843994140625,3.0,0.07142857142857142,0.8783843994140625
617.6666870117188,2026-04-12T22:27:26.643Z,2026-05-12T22:27:25.702Z,41.19422149658203,2.0,,3.0,나쁨,심각한 악화 (나쁨-3),3.0,,0.0,0.0,0.84,0.8672,0.2835,47,47,computed_co2_regression,3.0,17.5,history,24.78770446777344,2026-04-12 22:27:26.643000+00:00,21.0,2026-04-13 07:27:26.643000+09:00,0.04416671752929688,0.07142857142857142,0.0,3.0,0.8805778503417969,3.0,0.07142857142857142,0.8805778503417969
618.6666870117188,2026-04-12T22:27:32.575Z,2026-05-12T22:27:31.636Z,41.28577423095703,2.0,,3.0,나쁨,심각한 악화 (나쁨-3),3.0,,0.0,0.0,1.031,0.862,0.4003,47,47,computed_co2_regression,3.0,17.66666603088379,history,24.7850341796875,2026-04-12 22:27:32.575000+00:00,21.0,2026-04-13 07:27:32.575000+09:00,0.046666717529296874,0.07619045802525111,0.0,3.0,0.8714225769042969,3.0,0.07619045802525111,0.8714225769042969
619.6666870117188,2026-04-12T22:27:40.742Z,2026-05-12T22:27:39.637Z,41.28577423095703,2.0,,3.0,나쁨,심각한 악화 (나쁨-3),3.0,,0.0,0.0,1.149,0.8591,0.4749,47,47,computed_co2_regression,3.0,18.0,history,24.781028747558597,2026-04-12 22:27:40.742000+00:00,21.08333396911621,2026-04-13 07:27:40.742000+09:00,0.049166717529296876,0.08571428571428572,0.0,3.0,0.8714225769042969,3.0,0.08571428571428572,0.8714225769042969
621.0,2026-04-12T22:27:46.609Z,2026-05-12T22:27:45.651Z,41.18182373046875,2.0,,3.0,나쁨,심각한 악화 (나쁨-3),3.0,,0.0,0.0,1.235,0.8588,0.5324,47,47,computed_co2_regression,3.0,18.16666603088379,history,24.778358459472656,2026-04-12 22:27:46.609000+00:00,21.16666603088379,2026-04-13 07:27:46.609000+09:00,0.0525,0.0904761723109654,0.0,3.0,0.881817626953125,3.0,0.0904761723109654,0.881817626953125
622.0,2026-04-12T22:27:52.539Z,2026-05-12T22:27:51.603Z,41.193267822265625,2.0,,3.0,나쁨,심각한 악화 (나쁨-3),3.0,,0.0,0.0,1.265,0.8592,0.5529,47,47,computed_co2_regression,3.0,18.5,history,24.7850341796875,2026-04-12 22:27:52.539000+00:00,21.25,2026-04-13 07:27:52.539000+09:00,0.055,0.1,0.0,3.0,0.8806732177734375,3.0,0.1,0.8806732177734375
622.6666870117188,2026-04-12T22:27:58.684Z,2026-05-12T22:27:57.754Z,41.144630432128906,2.0,,3.0,나쁨,심각한 악화 (나쁨-3),3.0,,0.0,0.0,1.212,0.8595,0.5177,47,47,computed_co2_regression,3.0,19.0,history,24.798385620117188,2026-04-12 22:27:58.684000+00:00,21.33333396911621,2026-04-13 07:27:58.684000+09:00,0.056666717529296876,0.11428571428571428,0.0,3.0,0.8855369567871094,3.0,0.11428571428571428,0.8855369567871094
623.0,2026-04-12T22:28:05.488Z,2026-05-12T22:28:04.520Z,41.06070709228516,2.0,,3.0,나쁨,심각한 악화 (나쁨-3),3.0,,0.0,0.0,1.116,0.8595,0.4463,47,47,computed_co2_regression,3.0,19.5,history,24.79571533203125,2026-04-12 22:28:05.488000+00:00,21.41666603088379,2026-04-13 07:28:05.488000+09:00,0.0575,0.12857142857142856,0.0,3.0,0.8939292907714836,3.0,0.12857142857142856,0.8939292907714836
623.0,2026-04-12T22:28:11.858Z,2026-05-12T22:28:10.911Z,40.994903564453125,2.0,,3.0,나쁨,심각한 악화 (나쁨-3),3.0,,0.0,0.0,0.979,0.8673,0.3555,48,48,computed_co2_regression,3.0,20.0,history,24.79037475585937,2026-04-12 22:28:11.858000+00:00,21.5,2026-04-13 07:28:11.858000+09:00,0.0575,0.14285714285714285,0.0,3.0,0.9005096435546875,3.0,0.14285714285714285,0.9005096435546875
623.0,2026-04-12T22:28:18.961Z,2026-05-12T22:28:18.035Z,41.0216064453125,2.0,,3.0,나쁨,심각한 악화 (나쁨-3),3.0,,0.0,0.0,0.86,0.8586,0.2643,47,47,computed_co2_regression,3.0,19.83333396911621,history,24.798385620117188,2026-04-12 22:28:18.961000+00:00,21.58333396911621,2026-04-13 07:28:18.961000+09:00,0.0575,0.13809525626046318,0.0,3.0,0.89783935546875,3.0,0.13809525626046318,0.89783935546875
623.3333129882812,2026-04-12T22:28:25.145Z,2026-05-12T22:28:24.060Z,41.05498504638672,2.0,,3.0,나쁨,심각한 악화 (나쁨-3),3.0,,0.0,0.0,0.74,0.8592,0.1994,47,47,computed_co2_regression,3.0,19.66666603088379,history,24.80506134033203,2026-04-12 22:28:25.145000+00:00,21.66666603088379,2026-04-13 07:28:25.145000+09:00,0.05833328247070312,0.13333331516810826,0.0,3.0,0.8945014953613282,3.0,0.13333331516810826,0.8945014953613282
623.6666870117188,2026-04-12T22:28:33.685Z,2026-05-12T22:28:32.678Z,41.083595275878906,2.0,,3.0,나쁨,심각한 악화 (나쁨-3),3.0,,0.0,0.0,0.656,0.8619,0.1581,47,47,computed_co2_regression,3.0,19.5,history,24.80773162841797,2026-04-12 22:28:33.685000+00:00,21.75,2026-04-13 07:28:33.685000+09:00,0.05916671752929688,0.12857142857142856,0.0,3.0,0.8916404724121094,3.0,0.12857142857142856,0.8916404724121094
624.0,2026-04-12T22:28:39.541Z,2026-05-12T22:28:38.606Z,41.13032531738281,2.0,,3.0,나쁨,심각한 악화 (나쁨-3),3.0,,0.0,0.0,0.598,0.8646,0.1315,47,47,computed_co2_regression,3.0,19.5,history,24.81574249267578,2026-04-12 22:28:39.541000+00:00,21.83333396911621,2026-04-13 07:28:39.541000+09:00,0.06,0.12857142857142856,0.0,3.0,0.8869674682617188,3.0,0.12857142857142856,0.8869674682617188
624.0,2026-04-12T22:28:45.529Z,2026-05-12T22:28:44.586Z,41.13032531738281,2.0,,3.0,나쁨,심각한 악화 (나쁨-3),3.0,,0.0,0.0,0.555,0.8682,0.1133,47,47,computed_co2_regression,3.0,19.33333396911621,history,24.819747924804688,2026-04-12 22:28:45.529000+00:00,21.91666603088379,2026-04-13 07:28:45.529000+09:00,0.06,0.12380954197474889,0.0,3.0,0.8869674682617188,3.0,0.12380954197474889,0.8869674682617188
624.0,2026-04-12T22:28:51.520Z,2026-05-12T22:28:50.572Z,41.15321350097656,2.0,,3.0,나쁨,심각한 악화 (나쁨-3),3.0,,0.0,0.0,0.551,0.8732,0.112,47,47,computed_co2_regression,3.0,19.16666603088379,history,24.819747924804688,2026-04-12 22:28:51.520000+00:00,22.0,2026-04-13 07:28:51.520000+09:00,0.06,0.11904760088239397,0.0,3.0,0.8846786499023438,3.0,0.11904760088239397,0.8846786499023438
624.0,2026-04-12T22:28:57.644Z,2026-05-12T22:28:56.689Z,41.150352478027344,2.0,,3.0,나쁨,심각한 악화 (나쁨-3),3.0,,0.0,0.0,0.536,0.8825,0.1059,47,47,computed_co2_regression,3.0,19.5,history,24.80773162841797,2026-04-12 22:28:57.644000+00:00,22.0,2026-04-13 07:28:57.644000+09:00,0.06,0.12857142857142856,0.0,3.0,0.8849647521972657,3.0,0.12857142857142856,0.8849647521972657
624.0,2026-04-12T22:29:05.273Z,2026-05-12T22:29:04.327Z,41.13127899169922,2.0,,3.0,나쁨,심각한 악화 (나쁨-3),3.0,,0.0,0.0,0.497,0.8969,0.0902,47,47,computed_co2_regression,3.0,19.66666603088379,history,24.802391052246094,2026-04-12 22:29:05.273000+00:00,22.0,2026-04-13 07:29:05.273000+09:00,0.06,0.13333331516810826,0.0,3.0,0.8868721008300782,3.0,0.13333331516810826,0.8868721008300782
624.0,2026-04-12T22:29:11.923Z,2026-05-12T22:29:10.957Z,41.137001037597656,2.0,,3.0,나쁨,심각한 악화 (나쁨-3),3.0,,0.0,0.0,0.395,0.9103,0.0568,47,47,computed_co2_regression,3.0,19.83333396911621,history,24.80773162841797,2026-04-12 22:29:11.923000+00:00,22.0,2026-04-13 07:29:11.923000+09:00,0.06,0.13809525626046318,0.0,3.0,0.8862998962402344,3.0,0.13809525626046318,0.8862998962402344
624.0,2026-04-12T22:29:19.355Z,2026-05-12T22:29:18.419Z,41.04830932617188,2.0,,3.0,나쁨,심각한 악화 (나쁨-3),3.0,,0.0,0.0,0.281,0.916,0.0294,47,47,computed_co2_regression,3.0,19.66666603088379,history,24.80506134033203,2026-04-12 22:29:19.355000+00:00,22.0,2026-04-13 07:29:19.355000+09:00,0.06,0.13333331516810826,0.0,3.0,0.8951690673828118,3.0,0.13333331516810826,0.8951690673828118
624.0,2026-04-12T22:29:25.168Z,2026-05-12T22:29:24.193Z,41.04830932617188,2.0,,3.0,나쁨,심각한 악화 (나쁨-3),3.0,,0.0,0.0,0.155,0.9146,0.0092,47,47,computed_co2_regression,3.0,19.66666603088379,history,24.806396484375,2026-04-12 22:29:25.168000+00:00,22.0,2026-04-13 07:29:25.168000+09:00,0.06,0.13333331516810826,0.0,3.0,0.8951690673828118,3.0,0.13333331516810826,0.8951690673828118
624.0,2026-04-12T22:29:31.094Z,2026-05-12T22:29:30.155Z,41.13795471191406,2.0,,3.0,나쁨,심각한 악화 (나쁨-3),3.0,,0.0,0.0,0.028,0.9125,0.0003,47,47,computed_co2_regression,3.0,19.5,history,24.80506134033203,2026-04-12 22:29:31.094000+00:00,22.0,2026-04-13 07:29:31.094000+09:00,0.06,0.12857142857142856,0.0,3.0,0.8862045288085938,3.0,0.12857142857142856,0.8862045288085938
623.6666870117188,2026-04-12T22:29:37.179Z,2026-05-12T22:29:36.249Z,41.025421142578125,2.0,,3.0,나쁨,심각한 악화 (나쁨-3),3.0,,0.0,0.0,0.0,0.909,0.0018,47,47,computed_co2_regression,3.0,19.0,history,24.79571533203125,2026-04-12 22:29:37.179000+00:00,22.0,2026-04-13 07:29:37.179000+09:00,0.05916671752929688,0.11428571428571428,0.0,3.0,0.8974578857421875,3.0,0.11428571428571428,0.8974578857421875
623.0,2026-04-12T22:29:43.134Z,2026-05-12T22:29:42.200Z,40.89095306396485,2.0,,3.0,나쁨,심각한 악화 (나쁨-3),3.0,,0.0,0.0,0.0,0.9001,0.0068,47,47,computed_co2_regression,3.0,18.83333396911621,history,24.81707763671875,2026-04-12 22:29:43.134000+00:00,22.0,2026-04-13 07:29:43.134000+09:00,0.0575,0.1095238276890346,0.0,3.0,0.9109046936035149,3.0,0.1095238276890346,0.9109046936035149
621.6666870117188,2026-04-12T22:29:49.190Z,2026-05-12T22:29:48.242Z,40.93482208251953,2.0,,3.0,나쁨,심각한 악화 (나쁨-3),3.0,,0.0,0.0,0.0,0.8762,0.0136,47,47,computed_co2_regression,3.0,19.0,history,24.845115661621094,2026-04-12 22:29:49.190000+00:00,22.0,2026-04-13 07:29:49.190000+09:00,0.05416671752929687,0.11428571428571428,0.0,3.0,0.9065177917480469,3.0,0.11428571428571428,0.9065177917480469
620.6666870117188,2026-04-12T22:29:55.317Z,2026-05-12T22:29:54.267Z,41.03400421142578,2.0,,3.0,나쁨,심각한 악화 (나쁨-3),3.0,,0.0,0.0,0.0,0.8382,0.0228,47,47,computed_co2_regression,3.0,19.33333396911621,history,24.83710479736328,2026-04-12 22:29:55.317000+00:00,22.0,2026-04-13 07:29:55.317000+09:00,0.05166671752929688,0.12380954197474889,0.0,3.0,0.8965995788574219,3.0,0.12380954197474889,0.8965995788574219
620.0,2026-04-12T22:30:03.756Z,2026-05-12T22:30:02.799Z,41.04258728027344,2.0,,3.0,나쁨,심각한 악화 (나쁨-3),3.0,,0.0,0.0,0.0,0.7866,0.0341,47,47,computed_co2_regression,3.0,19.5,history,24.835769653320312,2026-04-12 22:30:03.756000+00:00,22.0,2026-04-13 07:30:03.756000+09:00,0.05,0.12857142857142856,0.0,3.0,0.8957412719726563,3.0,0.12857142857142856,0.8957412719726563
620.0,2026-04-12T22:30:09.552Z,2026-05-12T22:30:08.605Z,41.05117034912109,2.0,,3.0,나쁨,심각한 악화 (나쁨-3),3.0,,0.0,0.0,0.0,0.7332,0.0511,47,47,computed_co2_regression,3.0,19.5,history,24.843780517578125,2026-04-12 22:30:09.552000+00:00,22.0,2026-04-13 07:30:09.552000+09:00,0.05,0.12857142857142856,0.0,3.0,0.8948829650878913,3.0,0.12857142857142856,0.8948829650878913
620.3333129882812,2026-04-12T22:30:15.981Z,2026-05-12T22:30:15.035Z,41.037818908691406,2.0,,3.0,나쁨,심각한 악화 (나쁨-3),3.0,,0.0,0.0,0.0,0.682,0.0789,47,47,computed_co2_regression,3.0,19.83333396911621,history,24.843780517578125,2026-04-12 22:30:15.981000+00:00,22.0,2026-04-13 07:30:15.981000+09:00,0.05083328247070312,0.13809525626046318,0.0,3.0,0.8962181091308594,3.0,0.13809525626046318,0.8962181091308594
620.6666870117188,2026-04-12T22:30:23.387Z,2026-05-12T22:30:22.412Z,40.95484924316406,2.0,,3.0,나쁨,심각한 악화 (나쁨-3),3.0,,0.0,0.0,0.0,0.6322,0.1054,47,47,computed_co2_regression,3.0,19.83333396911621,history,24.846450805664062,2026-04-12 22:30:23.387000+00:00,22.0,2026-04-13 07:30:23.387000+09:00,0.05166671752929688,0.13809525626046318,0.0,3.0,0.9045150756835938,3.0,0.13809525626046318,0.9045150756835938
621.0,2026-04-12T22:30:29.141Z,2026-05-12T22:30:28.204Z,40.845176696777344,2.0,,3.0,나쁨,심각한 악화 (나쁨-3),3.0,,0.0,0.0,0.0,0.586,0.1185,47,47,computed_co2_regression,3.0,19.5,history,24.84912109375,2026-04-12 22:30:29.141000+00:00,22.0,2026-04-13 07:30:29.141000+09:00,0.0525,0.12857142857142856,0.0,3.0,0.9154823303222657,3.0,0.12857142857142856,0.9154823303222657
621.0,2026-04-12T22:30:35.262Z,2026-05-12T22:30:34.167Z,40.74885559082031,2.0,,3.0,나쁨,심각한 악화 (나쁨-3),3.0,,0.0,0.0,0.0,0.5372,0.1098,47,47,computed_co2_regression,3.0,19.0,history,24.84778594970703,2026-04-12 22:30:35.262000+00:00,22.0,2026-04-13 07:30:35.262000+09:00,0.0525,0.11428571428571428,0.0,3.0,0.9251144409179688,3.0,0.11428571428571428,0.9251144409179688
621.3333129882812,2026-04-12T22:30:41.177Z,2026-05-12T22:30:40.184Z,40.6859130859375,2.0,,3.0,나쁨,심각한 악화 (나쁨-3),3.0,,0.0,0.0,0.0,0.4926,0.0958,47,47,computed_co2_regression,3.0,18.83333396911621,history,24.853126525878903,2026-04-12 22:30:41.177000+00:00,22.0,2026-04-13 07:30:41.177000+09:00,0.053333282470703125,0.1095238276890346,0.0,3.0,0.93140869140625,3.0,0.1095238276890346,0.93140869140625
621.6666870117188,2026-04-12T22:30:47.828Z,2026-05-12T22:30:46.743Z,40.831825256347656,2.0,,3.0,나쁨,심각한 악화 (나쁨-3),3.0,,0.0,0.0,0.0,0.4524,0.0776,47,47,computed_co2_regression,3.0,18.66666603088379,history,24.86113739013672,2026-04-12 22:30:47.828000+00:00,22.0,2026-04-13 07:30:47.828000+09:00,0.05416671752929687,0.10476188659667969,0.0,3.0,0.9168174743652344,3.0,0.10476188659667969,0.9168174743652344
622.0,2026-04-12T22:30:55.043Z,2026-05-12T22:30:54.100Z,41.05307769775391,2.0,,3.0,나쁨,심각한 악화 (나쁨-3),3.0,,0.0,0.0,0.0,0.4183,0.0658,47,47,computed_co2_regression,3.0,18.66666603088379,history,24.86781311035156,2026-04-12 22:30:55.043000+00:00,22.0,2026-04-13 07:30:55.043000+09:00,0.055,0.10476188659667969,0.0,3.0,0.8946922302246086,3.0,0.10476188659667969,0.8946922302246086
621.6666870117188,2026-04-12T22:31:01.835Z,2026-05-12T22:31:00.901Z,41.14653778076172,2.0,,3.0,나쁨,심각한 악화 (나쁨-3),3.0,,0.0,0.0,0.0,0.3536,0.0873,46,46,computed_co2_regression,3.0,19.0,history,24.862472534179688,2026-04-12 22:31:01.835000+00:00,22.0,2026-04-13 07:31:01.835000+09:00,0.05416671752929687,0.11428571428571428,0.0,3.0,0.8853462219238282,3.0,0.11428571428571428,0.8853462219238282
621.0,2026-04-12T22:31:07.709Z,2026-05-12T22:31:06.752Z,41.23713684082031,2.0,,3.0,나쁨,심각한 악화 (나쁨-3),3.0,,0.0,0.0,0.0,0.3326,0.0859,47,47,computed_co2_regression,3.0,19.16666603088379,history,24.85846710205078,2026-04-12 22:31:07.709000+00:00,22.0,2026-04-13 07:31:07.709000+09:00,0.0525,0.11904760088239397,0.0,3.0,0.8762863159179688,3.0,0.11904760088239397,0.8762863159179688
620.0,2026-04-12T22:31:14.526Z,2026-05-12T22:31:13.603Z,41.280052185058594,2.0,,3.0,나쁨,심각한 악화 (나쁨-3),3.0,,0.0,0.0,0.0,0.2716,0.1177,47,47,computed_co2_regression,3.0,19.33333396911621,history,24.866477966308597,2026-04-12 22:31:14.526000+00:00,22.0,2026-04-13 07:31:14.526000+09:00,0.05,0.12380954197474889,0.0,3.0,0.8719947814941407,3.0,0.12380954197474889,0.8719947814941407
619.3333129882812,2026-04-12T22:31:20.498Z,2026-05-12T22:31:19.554Z,41.26002502441406,2.0,,3.0,나쁨,심각한 악화 (나쁨-3),3.0,,0.0,0.0,0.0,0.203,0.1751,47,47,computed_co2_regression,3.0,19.66666603088379,history,24.85045623779297,2026-04-12 22:31:20.498000+00:00,22.0,2026-04-13 07:31:20.498000+09:00,0.04833328247070313,0.13333331516810826,0.0,3.0,0.8739974975585938,3.0,0.13333331516810826,0.8739974975585938
619.0,2026-04-12T22:31:27.993Z,2026-05-12T22:31:27.041Z,41.25525665283203,2.0,,3.0,나쁨,심각한 악화 (나쁨-3),3.0,,0.0,0.0,0.0,0.1369,0.2497,47,47,computed_co2_regression,3.0,20.16666603088379,history,24.84778594970703,2026-04-12 22:31:27.993000+00:00,22.0,2026-04-13 07:31:27.993000+09:00,0.0475,0.14761902945382255,0.0,3.0,0.8744743347167969,3.0,0.14761902945382255,0.8744743347167969
619.0,2026-04-12T22:31:34.023Z,2026-05-12T22:31:33.092Z,41.26383972167969,2.0,,3.0,나쁨,심각한 악화 (나쁨-3),3.0,,0.0,0.0,0.0,0.0821,0.3218,47,47,computed_co2_regression,3.0,20.16666603088379,history,24.865142822265625,2026-04-12 22:31:34.023000+00:00,22.0,2026-04-13 07:31:34.023000+09:00,0.0475,0.14761902945382255,0.0,3.0,0.8736160278320313,3.0,0.14761902945382255,0.8736160278320313
619.3333129882812,2026-04-12T22:31:40.057Z,2026-05-12T22:31:39.097Z,41.22283172607422,2.0,,3.0,나쁨,심각한 악화 (나쁨-3),3.0,,0.0,0.0,0.0,0.0442,0.3711,47,47,computed_co2_regression,3.0,20.0,history,24.874488830566406,2026-04-12 22:31:40.057000+00:00,22.0,2026-04-13 07:31:40.057000+09:00,0.04833328247070313,0.14285714285714285,0.0,3.0,0.8777168273925782,3.0,0.14285714285714285,0.8777168273925782
619.6666870117188,2026-04-12T22:31:46.136Z,2026-05-12T22:31:45.191Z,41.07215118408203,2.0,,3.0,나쁨,심각한 악화 (나쁨-3),3.0,,0.0,0.0,0.0,0.0187,0.4047,47,47,computed_co2_regression,3.0,19.83333396911621,history,24.86781311035156,2026-04-12 22:31:46.136000+00:00,22.0,2026-04-13 07:31:46.136000+09:00,0.049166717529296876,0.13809525626046318,0.0,3.0,0.8927848815917969,3.0,0.13809525626046318,0.8927848815917969
620.3333129882812,2026-04-12T22:31:52.177Z,2026-05-12T22:31:51.181Z,41.03018951416016,2.0,,3.0,나쁨,심각한 악화 (나쁨-3),3.0,,0.0,0.0,0.0,0.0049,0.4161,47,47,computed_co2_regression,3.0,20.0,history,24.865142822265625,2026-04-12 22:31:52.177000+00:00,22.0,2026-04-13 07:31:52.177000+09:00,0.05083328247070312,0.14285714285714285,0.0,3.0,0.8969810485839836,3.0,0.14285714285714285,0.8969810485839836
621.0,2026-04-12T22:31:58.190Z,2026-05-12T22:31:57.257Z,41.09503936767578,2.0,,3.0,나쁨,심각한 악화 (나쁨-3),3.0,,0.0,0.0,0.0,0.0001,0.3934,47,47,computed_co2_regression,3.0,19.66666603088379,history,24.88249969482422,2026-04-12 22:31:58.190000+00:00,22.0,2026-04-13 07:31:58.190000+09:00,0.0525,0.13333331516810826,0.0,3.0,0.8904960632324219,3.0,0.13333331516810826,0.8904960632324219
621.3333129882812,2026-04-12T22:32:04.878Z,2026-05-12T22:32:03.926Z,41.096946716308594,1.989,,2.989,나쁨,중간수준 악화 (나쁨-2),2.989,,0.023,0.023,0.0,0.0031,0.3473,47,47,computed_co2_regression,3.0,19.33333396911621,history,24.88249969482422,2026-04-12 22:32:04.878000+00:00,22.0,2026-04-13 07:32:04.878000+09:00,0.053333282470703125,0.12380954197474889,0.0,2.9885,0.8903053283691407,2.9885,0.12380954197474889,0.8903053283691407
621.6666870117188,2026-04-12T22:32:10.711Z,2026-05-12T22:32:09.612Z,41.08740997314453,1.974,,2.974,나쁨,중간수준 악화 (나쁨-2),2.974,,0.052,0.052,0.0,0.0172,0.2904,47,47,computed_co2_regression,3.0,19.16666603088379,history,24.878494262695312,2026-04-12 22:32:10.711000+00:00,22.0,2026-04-13 07:32:10.711000+09:00,0.05416671752929687,0.11904760088239397,0.0,2.974,0.8912590026855469,2.974,0.11904760088239397,0.8912590026855469
621.6666870117188,2026-04-12T22:32:16.890Z,2026-05-12T22:32:15.876Z,41.01969909667969,1.958,,2.958,나쁨,중간수준 악화 (나쁨-2),2.958,,0.085,0.085,0.0,0.0512,0.2112,47,47,computed_co2_regression,3.0,18.83333396911621,history,24.886505126953125,2026-04-12 22:32:16.890000+00:00,22.0,2026-04-13 07:32:16.890000+09:00,0.05416671752929687,0.1095238276890346,0.0,2.9575,0.8980300903320313,2.9575,0.1095238276890346,0.8980300903320313
622.3333129882812,2026-04-12T22:32:22.730Z,2026-05-12T22:32:21.636Z,40.95675659179688,1.944,,2.944,나쁨,중간수준 악화 (나쁨-2),2.944,,0.112,0.112,0.0,0.1001,0.1411,47,47,computed_co2_regression,3.0,19.0,history,24.87582397460937,2026-04-12 22:32:22.730000+00:00,22.0,2026-04-13 07:32:22.730000+09:00,0.05583328247070313,0.11428571428571428,0.0,2.944,0.9043243408203118,2.944,0.11428571428571428,0.9043243408203118
623.0,2026-04-12T22:32:30.108Z,2026-05-12T22:32:29.014Z,40.99013519287109,1.933,,2.933,나쁨,중간수준 악화 (나쁨-2),2.933,,0.134,0.134,0.0,0.1585,0.0619,47,47,computed_co2_regression,3.0,18.66666603088379,history,24.86781311035156,2026-04-12 22:32:30.108000+00:00,22.0,2026-04-13 07:32:30.108000+09:00,0.0575,0.10476188659667969,0.0,2.933,0.9009864807128913,2.933,0.10476188659667969,0.9009864807128913
623.6666870117188,2026-04-12T22:32:35.969Z,2026-05-12T22:32:35.026Z,41.09217834472656,1.928,,2.928,나쁨,중간수준 악화 (나쁨-2),2.928,,0.145,0.145,0.0,0.195,0.0078,47,47,computed_co2_regression,3.0,18.5,history,24.894519805908203,2026-04-12 22:32:35.969000+00:00,22.0,2026-04-13 07:32:35.969000+09:00,0.05916671752929688,0.1,0.0,2.9275,0.8907821655273438,2.9275,0.1,0.8907821655273438
624.3333129882812,2026-04-12T22:32:42.197Z,2026-05-12T22:32:41.091Z,41.10743713378906,1.928,,2.928,나쁨,중간수준 악화 (나쁨-2),2.928,,0.144,0.144,0.076,0.1925,0.0053,47,47,computed_co2_regression,3.0,18.5,history,24.91455078125,2026-04-12 22:32:42.197000+00:00,22.0,2026-04-13 07:32:42.197000+09:00,0.060833282470703125,0.1,0.0,2.928,0.8892562866210938,2.928,0.1,0.8892562866210938
624.6666870117188,2026-04-12T22:32:49.368Z,2026-05-12T22:32:48.388Z,41.05021667480469,1.934,,2.934,나쁨,중간수준 악화 (나쁨-2),2.934,,0.133,0.133,0.237,0.1544,0.055,47,47,computed_co2_regression,3.0,18.5,history,24.89852523803711,2026-04-12 22:32:49.368000+00:00,22.0,2026-04-13 07:32:49.368000+09:00,0.06166671752929687,0.1,0.0,2.9335,0.8949783325195313,2.9335,0.1,0.8949783325195313
625.0,2026-04-12T22:32:55.593Z,2026-05-12T22:32:54.645Z,41.11506652832031,1.944,,2.944,나쁨,중간수준 악화 (나쁨-2),2.944,,0.112,0.112,0.371,0.1028,0.1351,47,47,computed_co2_regression,3.0,18.5,history,24.88784408569336,2026-04-12 22:32:55.593000+00:00,22.0,2026-04-13 07:32:55.593000+09:00,0.0625,0.1,0.0,2.944,0.8884933471679688,2.944,0.1,0.8884933471679688
625.0,2026-04-12T22:33:02.599Z,2026-05-12T22:33:01.506Z,41.157981872558594,1.957,,2.957,나쁨,중간수준 악화 (나쁨-2),2.957,,0.087,0.087,0.465,0.0583,0.1996,47,47,computed_co2_regression,3.0,18.5,history,24.899864196777344,2026-04-12 22:33:02.599000+00:00,22.0,2026-04-13 07:33:02.599000+09:00,0.0625,0.1,0.0,2.9565,0.8842018127441407,2.9565,0.1,0.8842018127441407
625.0,2026-04-12T22:33:08.838Z,2026-05-12T22:33:07.748Z,41.09217834472656,1.971,,2.971,나쁨,중간수준 악화 (나쁨-2),2.971,,0.059,0.059,0.489,0.0261,0.2168,47,47,computed_co2_regression,3.0,18.83333396911621,history,24.89719009399414,2026-04-12 22:33:08.838000+00:00,22.0,2026-04-13 07:33:08.838000+09:00,0.0625,0.1095238276890346,0.0,2.9705,0.8907821655273438,2.9705,0.1095238276890346,0.8907821655273438
625.3333129882812,2026-04-12T22:33:15.556Z,2026-05-12T22:33:14.602Z,41.086456298828125,1.985,,2.985,나쁨,중간수준 악화 (나쁨-2),2.985,,0.03,0.03,0.445,0.0064,0.1869,47,47,computed_co2_regression,3.0,19.16666603088379,history,24.89051055908203,2026-04-12 22:33:15.556000+00:00,22.0,2026-04-13 07:33:15.556000+09:00,0.06333328247070312,0.11904760088239397,0.0,2.985,0.8913543701171875,2.985,0.11904760088239397,0.8913543701171875
625.3333129882812,2026-04-12T22:33:21.292Z,2026-05-12T22:33:20.333Z,41.1274642944336,1.999,,2.999,나쁨,중간수준 악화 (나쁨-2),2.999,,0.002,0.002,0.424,0.0,0.1731,47,47,computed_co2_regression,3.0,19.0,history,24.88249969482422,2026-04-12 22:33:21.292000+00:00,22.0,2026-04-13 07:33:21.292000+09:00,0.06333328247070312,0.11428571428571428,0.0,2.999,0.8872535705566399,2.999,0.11428571428571428,0.8872535705566399
625.3333129882812,2026-04-12T22:33:27.199Z,2026-05-12T22:33:26.261Z,41.094085693359375,2.0,,3.0,나쁨,심각한 악화 (나쁨-3),3.0,,0.0,0.0,0.414,0.0049,0.166,47,47,computed_co2_regression,3.0,19.0,history,24.88784408569336,2026-04-12 22:33:27.199000+00:00,22.0,2026-04-13 07:33:27.199000+09:00,0.06333328247070312,0.11428571428571428,0.0,3.0,0.8905914306640625,3.0,0.11428571428571428,0.8905914306640625
625.0,2026-04-12T22:33:34.386Z,2026-05-12T22:33:33.437Z,40.95771026611328,2.0,,3.0,나쁨,심각한 악화 (나쁨-3),3.0,,0.0,0.0,0.383,0.0131,0.1513,48,48,computed_co2_regression,3.0,19.33333396911621,history,24.90386962890625,2026-04-12 22:33:34.386000+00:00,22.0,2026-04-13 07:33:34.386000+09:00,0.0625,0.12380954197474889,0.0,3.0,0.9042289733886719,3.0,0.12380954197474889,0.9042289733886719
625.0,2026-04-12T22:33:40.260Z,2026-05-12T22:33:39.150Z,40.91956329345703,2.0,,3.0,나쁨,심각한 악화 (나쁨-3),3.0,,0.0,0.0,0.347,0.0331,0.124,48,48,computed_co2_regression,3.0,19.5,history,24.902530670166016,2026-04-12 22:33:40.260000+00:00,22.0,2026-04-13 07:33:40.260000+09:00,0.0625,0.12857142857142856,0.0,3.0,0.9080436706542969,3.0,0.12857142857142856,0.9080436706542969
624.6666870117188,2026-04-12T22:33:46.129Z,2026-05-12T22:33:45.155Z,40.99585723876953,2.0,,3.0,나쁨,심각한 악화 (나쁨-3),3.0,,0.0,0.0,0.299,0.062,0.0909,48,48,computed_co2_regression,3.0,19.66666603088379,history,24.89852523803711,2026-04-12 22:33:46.129000+00:00,22.0,2026-04-13 07:33:46.129000+09:00,0.06166671752929687,0.13333331516810826,0.0,3.0,0.9004142761230469,3.0,0.13333331516810826,0.9004142761230469
624.3333129882812,2026-04-12T22:33:52.085Z,2026-05-12T22:33:51.139Z,40.99585723876953,2.0,,3.0,나쁨,심각한 악화 (나쁨-3),3.0,,0.0,0.0,0.252,0.0961,0.0628,48,48,computed_co2_regression,3.0,19.83333396911621,history,24.90253448486328,2026-04-12 22:33:52.085000+00:00,22.0,2026-04-13 07:33:52.085000+09:00,0.060833282470703125,0.13809525626046318,0.0,3.0,0.9004142761230469,3.0,0.13809525626046318,0.9004142761230469
624.0,2026-04-12T22:33:58.239Z,2026-05-12T22:33:57.303Z,40.93959045410156,2.0,,3.0,나쁨,심각한 악화 (나쁨-3),3.0,,0.0,0.0,0.185,0.134,0.0307,48,48,computed_co2_regression,3.0,20.33333396911621,history,24.89986038208008,2026-04-12 22:33:58.239000+00:00,22.0,2026-04-13 07:33:58.239000+09:00,0.06,0.15238097054617747,0.0,3.0,0.9060409545898438,3.0,0.15238097054617747,0.9060409545898438
623.6666870117188,2026-04-12T22:34:04.976Z,2026-05-12T22:34:04.002Z,40.89572143554688,2.0,,3.0,나쁨,심각한 악화 (나쁨-3),3.0,,0.0,0.0,0.082,0.1743,0.0055,48,48,computed_co2_regression,3.0,20.5,history,24.901195526123047,2026-04-12 22:34:04.976000+00:00,22.0,2026-04-13 07:34:04.976000+09:00,0.05916671752929688,0.15714285714285714,0.0,3.0,0.9104278564453118,3.0,0.15714285714285714,0.9104278564453118
623.3333129882812,2026-04-12T22:34:10.821Z,2026-05-12T22:34:09.701Z,40.86043548583984,2.0,,3.0,나쁨,심각한 악화 (나쁨-3),3.0,,0.0,0.0,0.0,0.2154,0.0012,48,48,computed_co2_regression,3.0,20.66666603088379,history,24.917221069335938,2026-04-12 22:34:10.821000+00:00,22.0,2026-04-13 07:34:10.821000+09:00,0.05833328247070312,0.16190474373953684,0.0,3.0,0.9139564514160163,3.0,0.16190474373953684,0.9139564514160163
622.6666870117188,2026-04-12T22:34:16.587Z,2026-05-12T22:34:15.656Z,40.86043548583984,2.0,,3.0,나쁨,심각한 악화 (나쁨-3),3.0,,0.0,0.0,0.0,0.251,0.0202,48,48,computed_co2_regression,3.0,20.66666603088379,history,24.939918518066406,2026-04-12 22:34:16.587000+00:00,22.0,2026-04-13 07:34:16.587000+09:00,0.056666717529296876,0.16190474373953684,0.0,3.0,0.9139564514160163,3.0,0.16190474373953684,0.9139564514160163
622.3333129882812,2026-04-12T22:34:22.573Z,2026-05-12T22:34:21.632Z,40.82991790771485,2.0,,3.0,나쁨,심각한 악화 (나쁨-3),3.0,,0.0,0.0,0.0,0.2846,0.0488,48,48,computed_co2_regression,3.0,20.5,history,24.942588806152344,2026-04-12 22:34:22.573000+00:00,22.0,2026-04-13 07:34:22.573000+09:00,0.05583328247070313,0.15714285714285714,0.0,3.0,0.9170082092285149,3.0,0.15714285714285714,0.9170082092285149
622.3333129882812,2026-04-12T22:34:28.780Z,2026-05-12T22:34:27.771Z,40.76983642578125,2.0,,3.0,나쁨,심각한 악화 (나쁨-3),3.0,,0.0,0.0,0.0,0.3227,0.0745,48,48,computed_co2_regression,3.0,20.0,history,24.910541534423828,2026-04-12 22:34:28.780000+00:00,22.0,2026-04-13 07:34:28.780000+09:00,0.05583328247070313,0.14285714285714285,0.0,3.0,0.923016357421875,3.0,0.14285714285714285,0.923016357421875
622.3333129882812,2026-04-12T22:34:35.908Z,2026-05-12T22:34:34.972Z,40.79558563232422,2.0,,3.0,나쁨,심각한 악화 (나쁨-3),3.0,,0.0,0.0,0.0,0.3657,0.0882,48,48,computed_co2_regression,3.0,19.66666603088379,history,24.90787124633789,2026-04-12 22:34:35.908000+00:00,22.0,2026-04-13 07:34:35.908000+09:00,0.05583328247070313,0.13333331516810826,0.0,3.0,0.9204414367675782,3.0,0.13333331516810826,0.9204414367675782
622.3333129882812,2026-04-12T22:34:41.611Z,2026-05-12T22:34:40.672Z,40.770790100097656,2.0,,3.0,나쁨,심각한 악화 (나쁨-3),3.0,,0.0,0.0,0.0,0.4041,0.0847,48,48,computed_co2_regression,3.0,19.66666603088379,history,24.929237365722656,2026-04-12 22:34:41.611000+00:00,22.0,2026-04-13 07:34:41.611000+09:00,0.05583328247070313,0.13333331516810826,0.0,3.0,0.9229209899902344,3.0,0.13333331516810826,0.9229209899902344
622.0,2026-04-12T22:34:47.786Z,2026-05-12T22:34:46.845Z,40.763160705566406,2.0,,3.0,나쁨,심각한 악화 (나쁨-3),3.0,,0.0,0.0,0.0,0.4182,0.0653,48,48,computed_co2_regression,3.0,19.33333396911621,history,24.92523193359375,2026-04-12 22:34:47.786000+00:00,22.0,2026-04-13 07:34:47.786000+09:00,0.055,0.12380954197474889,0.0,3.0,0.9236839294433594,3.0,0.12380954197474889,0.9236839294433594
622.0,2026-04-12T22:34:53.702Z,2026-05-12T22:34:52.710Z,40.76792907714844,2.0,,3.0,나쁨,심각한 악화 (나쁨-3),3.0,,0.0,0.0,0.0,0.4,0.0519,48,48,computed_co2_regression,3.0,19.33333396911621,history,24.919891357421875,2026-04-12 22:34:53.702000+00:00,21.91666603088379,2026-04-13 07:34:53.702000+09:00,0.055,0.12380954197474889,0.0,3.0,0.9232070922851563,3.0,0.12380954197474889,0.9232070922851563
622.0,2026-04-12T22:34:59.694Z,2026-05-12T22:34:58.769Z,40.727874755859375,2.0,,3.0,나쁨,심각한 악화 (나쁨-3),3.0,,0.0,0.0,0.0,0.3625,0.0436,48,48,computed_co2_regression,3.0,19.16666603088379,history,24.901195526123047,2026-04-12 22:34:59.694000+00:00,21.83333396911621,2026-04-13 07:34:59.694000+09:00,0.055,0.11904760088239397,0.0,3.0,0.9272125244140625,3.0,0.11904760088239397,0.9272125244140625
622.0,2026-04-12T22:35:06.312Z,2026-05-12T22:35:05.380Z,40.77365112304688,2.0,,3.0,나쁨,심각한 악화 (나쁨-3),3.0,,0.0,0.0,0.0,0.3152,0.0484,48,48,computed_co2_regression,3.0,19.5,history,24.894519805908203,2026-04-12 22:35:06.312000+00:00,21.75,2026-04-13 07:35:06.312000+09:00,0.055,0.12857142857142856,0.0,3.0,0.9226348876953118,3.0,0.12857142857142856,0.9226348876953118
622.0,2026-04-12T22:35:13.260Z,2026-05-12T22:35:12.255Z,40.8232421875,2.0,,3.0,나쁨,심각한 악화 (나쁨-3),3.0,,0.0,0.0,0.0,0.2682,0.0578,48,48,computed_co2_regression,3.0,19.66666603088379,history,24.910545349121094,2026-04-12 22:35:13.260000+00:00,21.66666603088379,2026-04-13 07:35:13.260000+09:00,0.055,0.13333331516810826,0.0,3.0,0.91767578125,3.0,0.13333331516810826,0.91767578125
621.6666870117188,2026-04-12T22:35:19.279Z,2026-05-12T22:35:18.181Z,40.80607604980469,2.0,,3.0,나쁨,심각한 악화 (나쁨-3),3.0,,0.0,0.0,0.0,0.2203,0.0796,48,48,computed_co2_regression,3.0,19.66666603088379,history,24.92256164550781,2026-04-12 22:35:19.279000+00:00,21.58333396911621,2026-04-13 07:35:19.279000+09:00,0.05416671752929687,0.13333331516810826,0.0,3.0,0.9193923950195313,3.0,0.13333331516810826,0.9193923950195313
621.0,2026-04-12T22:35:25.506Z,2026-05-12T22:35:24.427Z,40.837547302246094,2.0,,3.0,나쁨,심각한 악화 (나쁨-3),3.0,,0.0,0.0,0.0,0.1673,0.1108,48,48,computed_co2_regression,3.0,19.83333396911621,history,24.92523193359375,2026-04-12 22:35:25.506000+00:00,21.5,2026-04-13 07:35:25.506000+09:00,0.0525,0.13809525626046318,0.0,3.0,0.9162452697753907,3.0,0.13809525626046318,0.9162452697753907
620.3333129882812,2026-04-12T22:35:31.349Z,2026-05-12T22:35:30.422Z,40.91956329345703,2.0,,3.0,나쁨,심각한 악화 (나쁨-3),3.0,,0.0,0.0,0.0,0.1144,0.1308,48,48,computed_co2_regression,3.0,19.83333396911621,history,24.9359130859375,2026-04-12 22:35:31.349000+00:00,21.41666603088379,2026-04-13 07:35:31.349000+09:00,0.05083328247070312,0.13809525626046318,0.0,3.0,0.9080436706542969,3.0,0.13809525626046318,0.9080436706542969
620.0,2026-04-12T22:35:38.499Z,2026-05-12T22:35:37.533Z,40.914794921875,2.0,,3.0,나쁨,심각한 악화 (나쁨-3),3.0,,0.0,0.0,0.0,0.0681,0.1357,48,48,computed_co2_regression,3.0,20.0,history,24.930572509765625,2026-04-12 22:35:38.499000+00:00,21.33333396911621,2026-04-13 07:35:38.499000+09:00,0.05,0.14285714285714285,0.0,3.0,0.9085205078125,3.0,0.14285714285714285,0.9085205078125
620.0,2026-04-12T22:35:44.101Z,2026-05-12T22:35:43.172Z,40.84613037109375,2.0,,3.0,나쁨,심각한 악화 (나쁨-3),3.0,,0.0,0.0,0.0,0.0372,0.1271,48,48,computed_co2_regression,3.0,19.83333396911621,history,24.91588592529297,2026-04-12 22:35:44.101000+00:00,21.25,2026-04-13 07:35:44.101000+09:00,0.05,0.13809525626046318,0.0,3.0,0.915386962890625,3.0,0.13809525626046318,0.915386962890625
620.0,2026-04-12T22:35:50.256Z,2026-05-12T22:35:49.184Z,40.79558563232422,2.0,,3.0,나쁨,심각한 악화 (나쁨-3),3.0,,0.0,0.0,0.0,0.0179,0.1059,48,48,computed_co2_regression,3.0,19.66666603088379,history,24.927902221679688,2026-04-12 22:35:50.256000+00:00,21.16666603088379,2026-04-13 07:35:50.256000+09:00,0.05,0.13333331516810826,0.0,3.0,0.9204414367675782,3.0,0.13333331516810826,0.9204414367675782
620.0,2026-04-12T22:35:56.165Z,2026-05-12T22:35:55.200Z,40.67542266845703,2.0,,3.0,나쁨,심각한 악화 (나쁨-3),3.0,,0.0,0.0,0.0,0.0071,0.0791,48,48,computed_co2_regression,3.0,19.5,history,24.929237365722656,2026-04-12 22:35:56.165000+00:00,21.08333396911621,2026-04-13 07:35:56.165000+09:00,0.05,0.12857142857142856,0.0,3.0,0.9324577331542969,3.0,0.12857142857142856,0.9324577331542969
619.6666870117188,2026-04-12T22:36:03.071Z,2026-05-12T22:36:02.130Z,40.60198974609375,2.0,,3.0,나쁨,심각한 악화 (나쁨-3),3.0,,0.0,0.0,0.0,0.0006,0.0582,48,48,computed_co2_regression,3.0,19.33333396911621,history,24.93724822998047,2026-04-12 22:36:03.071000+00:00,21.0,2026-04-13 07:36:03.071000+09:00,0.049166717529296876,0.12380954197474889,0.0,3.0,0.939801025390625,3.0,0.12380954197474889,0.939801025390625
619.3333129882812,2026-04-12T22:36:08.786Z,2026-05-12T22:36:07.853Z,40.58482360839844,1.99,,2.99,나쁨,중간수준 악화 (나쁨-2),2.99,,0.02,0.02,0.0,0.0024,0.0354,48,48,computed_co2_regression,3.0,19.0,history,24.943923950195312,2026-04-12 22:36:08.786000+00:00,21.0,2026-04-13 07:36:08.786000+09:00,0.04833328247070313,0.11428571428571428,0.0,2.99,0.9415176391601563,2.99,0.11428571428571428,0.9415176391601563
618.6666870117188,2026-04-12T22:36:15.611Z,2026-05-12T22:36:14.676Z,40.56098175048828,1.969,,2.969,나쁨,중간수준 악화 (나쁨-2),2.969,,0.063,0.063,0.0,0.0223,0.0182,48,48,computed_co2_regression,3.0,18.83333396911621,history,24.9359130859375,2026-04-12 22:36:15.611000+00:00,21.0,2026-04-13 07:36:15.611000+09:00,0.046666717529296874,0.1095238276890346,0.0,2.9685,0.9439018249511719,2.9685,0.1095238276890346,0.9439018249511719
618.3333129882812,2026-04-12T22:36:21.489Z,2026-05-12T22:36:20.555Z,40.61438751220703,1.944,,2.944,나쁨,중간수준 악화 (나쁨-2),2.944,,0.112,0.112,0.0,0.0691,0.0159,48,48,computed_co2_regression,3.0,19.16666603088379,history,24.942588806152344,2026-04-12 22:36:21.489000+00:00,21.0,2026-04-13 07:36:21.489000+09:00,0.045833282470703125,0.11904760088239397,0.0,2.944,0.9385612487792969,2.944,0.11904760088239397,0.9385612487792969
618.0,2026-04-12T22:36:27.589Z,2026-05-12T22:36:26.668Z,40.56479644775391,1.933,,2.933,나쁨,중간수준 악화 (나쁨-2),2.933,,0.135,0.135,0.0,0.0976,0.0153,49,49,computed_co2_regression,3.0,19.5,history,24.939918518066406,2026-04-12 22:36:27.589000+00:00,21.0,2026-04-13 07:36:27.589000+09:00,0.045,0.12857142857142856,0.0,2.9325,0.9435203552246086,2.9325,0.12857142857142856,0.9435203552246086
618.0,2026-04-12T22:36:33.570Z,2026-05-12T22:36:32.632Z,40.49040985107422,1.907,,2.907,나쁨,중간수준 악화 (나쁨-2),2.907,,0.186,0.186,0.0,0.1792,0.032,49,49,computed_co2_regression,3.0,19.66666603088379,history,24.929237365722656,2026-04-12 22:36:33.570000+00:00,21.0,2026-04-13 07:36:33.570000+09:00,0.045,0.13333331516810826,0.0,2.907,0.9509590148925782,2.907,0.13333331516810826,0.9509590148925782
618.0,2026-04-12T22:36:41.081Z,2026-05-12T22:36:40.124Z,40.54477310180664,1.864,,2.864,나쁨,중간수준 악화 (나쁨-2),2.864,,0.272,0.272,0.0,0.3615,0.0847,48,48,computed_co2_regression,3.0,19.83333396911621,history,24.93724822998047,2026-04-12 22:36:41.081000+00:00,21.0,2026-04-13 07:36:41.081000+09:00,0.045,0.13809525626046318,0.0,2.864,0.945522689819336,2.864,0.13809525626046318,0.945522689819336
617.6666870117188,2026-04-12T22:36:47.189Z,2026-05-12T22:36:46.258Z,40.58959579467773,1.839,,2.839,나쁨,중간수준 악화 (나쁨-2),2.839,,0.322,0.322,0.0,0.4804,0.1313,48,48,computed_co2_regression,3.0,20.33333396911621,history,24.929237365722656,2026-04-12 22:36:47.189000+00:00,21.0,2026-04-13 07:36:47.189000+09:00,0.04416671752929688,0.15238097054617747,0.0,2.839,0.9410404205322273,2.839,0.15238097054617747,0.9410404205322273
617.3333129882812,2026-04-12T22:36:53.052Z,2026-05-12T22:36:52.125Z,40.61343383789063,1.832,,2.832,나쁨,중간수준 악화 (나쁨-2),2.832,,0.336,0.336,0.0,0.5098,0.168,49,49,computed_co2_regression,3.0,20.83333396911621,history,24.930572509765625,2026-04-12 22:36:53.052000+00:00,21.0,2026-04-13 07:36:53.052000+09:00,0.04333328247070312,0.16666668483189173,0.0,2.832,0.9386566162109368,2.832,0.16666668483189173,0.9386566162109368
617.0,2026-04-12T22:37:00.211Z,2026-05-12T22:36:59.272Z,40.56002807617188,1.793,,2.793,나쁨,중간수준 악화 (나쁨-2),2.793,,0.414,0.414,0.0,0.673,0.2774,48,48,computed_co2_regression,3.0,21.16666603088379,history,24.951934814453125,2026-04-12 22:37:00.211000+00:00,21.0,2026-04-13 07:37:00.211000+09:00,0.0425,0.17619045802525113,0.0,2.793,0.9439971923828118,2.793,0.17619045802525113,0.9439971923828118
617.0,2026-04-12T22:37:06.981Z,2026-05-12T22:37:05.968Z,40.52855682373047,1.773,,2.773,나쁨,중간수준 악화 (나쁨-2),2.773,,0.454,0.454,0.0,0.7487,0.3256,48,48,computed_co2_regression,3.0,21.16666603088379,history,24.954605102539062,2026-04-12 22:37:06.981000+00:00,21.0,2026-04-13 07:37:06.981000+09:00,0.0425,0.17619045802525113,0.0,2.773,0.9471443176269532,2.773,0.17619045802525113,0.9471443176269532
617.0,2026-04-12T22:37:13.824Z,2026-05-12T22:37:12.747Z,40.54763412475586,1.755,,2.755,나쁨,중간수준 악화 (나쁨-2),2.755,,0.49,0.49,0.0,0.8135,0.3649,48,48,computed_co2_regression,3.0,21.33333396911621,history,24.94792938232422,2026-04-12 22:37:13.824000+00:00,21.0,2026-04-13 07:37:13.824000+09:00,0.0425,0.18095239911760602,0.0,2.755,0.9452365875244141,2.755,0.18095239911760602,0.9452365875244141
617.0,2026-04-12T22:37:19.656Z,2026-05-12T22:37:18.722Z,40.54095458984375,1.737,,2.738,나쁨,중간수준 악화 (나쁨-2),2.738,,0.525,0.525,0.0,0.8758,0.3884,48,48,computed_co2_regression,3.0,21.5,history,24.931907653808597,2026-04-12 22:37:19.656000+00:00,21.0,2026-04-13 07:37:19.656000+09:00,0.0425,0.18571428571428572,0.0,2.7375,0.945904541015625,2.7375,0.18571428571428572,0.945904541015625
616.6666870117188,2026-04-12T22:37:25.463Z,2026-05-12T22:37:24.533Z,40.60008239746094,1.722,,2.722,나쁨,중간수준 악화 (나쁨-2),2.722,,0.556,0.556,0.0,0.921,0.4141,48,48,computed_co2_regression,3.0,21.33333396911621,history,24.919891357421875,2026-04-12 22:37:25.463000+00:00,21.0,2026-04-13 07:37:25.463000+09:00,0.041666717529296876,0.18095239911760602,0.0,2.722,0.9399917602539063,2.722,0.18095239911760602,0.9399917602539063
616.3333129882812,2026-04-12T22:37:31.581Z,2026-05-12T22:37:30.571Z,40.65158081054688,1.709,,2.709,나쁨,중간수준 악화 (나쁨-2),2.709,,0.583,0.583,0.0,0.9508,0.4189,48,48,computed_co2_regression,3.0,21.0,history,24.92256164550781,2026-04-12 22:37:31.581000+00:00,21.0,2026-04-13 07:37:31.581000+09:00,0.04083328247070313,0.17142857142857143,0.0,2.7085,0.9348419189453118,2.7085,0.17142857142857143,0.9348419189453118
616.0,2026-04-12T22:37:37.644Z,2026-05-12T22:37:36.714Z,40.701171875,1.697,,2.698,나쁨,중간수준 악화 (나쁨-2),2.698,,0.605,0.605,0.0,0.9691,0.412,48,48,computed_co2_regression,3.0,20.83333396911621,history,24.92256164550781,2026-04-12 22:37:37.644000+00:00,21.0,2026-04-13 07:37:37.644000+09:00,0.04,0.16666668483189173,0.0,2.6975,0.9298828125,2.6975,0.16666668483189173,0.9298828125
616.3333129882812,2026-04-12T22:37:45.078Z,2026-05-12T22:37:43.981Z,40.88427734375,1.692,,2.692,나쁨,중간수준 악화 (나쁨-2),2.692,,0.616,0.616,0.0,0.9783,0.407,48,48,computed_co2_regression,3.0,21.0,history,24.917221069335938,2026-04-12 22:37:45.078000+00:00,21.0,2026-04-13 07:37:45.078000+09:00,0.04083328247070313,0.17142857142857143,0.0,2.692,0.911572265625,2.692,0.17142857142857143,0.911572265625
617.0,2026-04-12T22:37:52.007Z,2026-05-12T22:37:51.074Z,41.09980773925781,1.692,,2.692,나쁨,중간수준 악화 (나쁨-2),2.692,,0.617,0.617,0.0,0.9796,0.4073,48,48,computed_co2_regression,3.0,21.33333396911621,history,24.942588806152344,2026-04-12 22:37:52.007000+00:00,21.0,2026-04-13 07:37:52.007000+09:00,0.0425,0.18095239911760602,0.0,2.6915,0.8900192260742188,2.6915,0.18095239911760602,0.8900192260742188
618.6666870117188,2026-04-12T22:37:58.253Z,2026-05-12T22:37:57.183Z,41.16275024414063,1.7,,2.7,나쁨,중간수준 악화 (나쁨-2),2.7,,0.601,0.601,0.0,0.9592,0.4083,48,48,computed_co2_regression,3.0,21.5,history,24.954605102539062,2026-04-12 22:37:58.253000+00:00,21.0,2026-04-13 07:37:58.253000+09:00,0.046666717529296874,0.18571428571428572,0.0,2.6995,0.8837249755859368,2.6995,0.18571428571428572,0.8837249755859368
620.6666870117188,2026-04-12T22:38:04.977Z,2026-05-12T22:38:04.021Z,41.11411285400391,1.716,,2.716,나쁨,중간수준 악화 (나쁨-2),2.716,,0.568,0.568,0.0,0.8972,0.412,48,48,computed_co2_regression,3.0,21.83333396911621,history,24.93724822998047,2026-04-12 22:38:04.977000+00:00,21.0,2026-04-13 07:38:04.977000+09:00,0.05166671752929688,0.1952381134033203,0.0,2.716,0.8885887145996086,2.716,0.1952381134033203,0.8885887145996086
623.3333129882812,2026-04-12T22:38:10.702Z,2026-05-12T22:38:09.742Z,40.88999938964844,1.743,,2.743,나쁨,중간수준 악화 (나쁨-2),2.743,,0.514,0.514,0.0,0.7591,0.4224,48,48,computed_co2_regression,3.0,22.0,history,24.92656707763672,2026-04-12 22:38:10.702000+00:00,21.0,2026-04-13 07:38:10.702000+09:00,0.05833328247070312,0.2,0.0,2.743,0.9110000610351563,2.743,0.2,0.9110000610351563
625.3333129882812,2026-04-12T22:38:26.961Z,2026-05-12T22:38:26.031Z,40.75648498535156,1.785,,2.786,나쁨,중간수준 악화 (나쁨-2),2.786,,0.429,0.429,0.0,0.5319,0.4236,47,47,computed_co2_regression,3.0,22.16666603088379,history,24.92523193359375,2026-04-12 22:38:26.961000+00:00,21.0,2026-04-13 07:38:26.961000+09:00,0.06333328247070312,0.20476188659667968,0.0,2.7855,0.9243515014648438,2.7855,0.20476188659667968,0.9243515014648438
628.3333129882812,2026-04-12T22:38:33.311Z,2026-05-12T22:38:32.225Z,40.93482208251953,1.837,,2.837,나쁨,중간수준 악화 (나쁨-2),2.837,,0.326,0.326,0.0,0.2829,0.4355,47,47,computed_co2_regression,3.0,22.0,history,24.9359130859375,2026-04-12 22:38:33.311000+00:00,21.08333396911621,2026-04-13 07:38:33.311000+09:00,0.07083328247070313,0.2,0.0,2.837,0.9065177917480469,2.837,0.2,0.9065177917480469
630.3333129882812,2026-04-12T22:38:39.201Z,2026-05-12T22:38:38.129Z,41.0673828125,1.893,,2.893,나쁨,중간수준 악화 (나쁨-2),2.893,,0.214,0.214,0.0,0.1046,0.4433,47,47,computed_co2_regression,3.0,21.5,history,24.931907653808597,2026-04-12 22:38:39.201000+00:00,21.16666603088379,2026-04-13 07:38:39.201000+09:00,0.07583328247070313,0.18571428571428572,0.0,2.893,0.89326171875,2.893,0.18571428571428572,0.89326171875
632.0,2026-04-12T22:38:46.314Z,2026-05-12T22:38:45.372Z,40.97392272949219,1.954,,2.954,나쁨,중간수준 악화 (나쁨-2),2.954,,0.093,0.093,0.0,0.0163,0.4432,47,47,computed_co2_regression,3.0,21.16666603088379,history,24.929237365722656,2026-04-12 22:38:46.314000+00:00,21.25,2026-04-13 07:38:46.314000+09:00,0.08,0.17619045802525113,0.0,2.9535,0.9026077270507813,2.9535,0.17619045802525113,0.9026077270507813
632.0,2026-04-12T22:38:52.228Z,2026-05-12T22:38:51.144Z,41.0826416015625,2.0,,3.0,나쁨,심각한 악화 (나쁨-3),3.0,,0.0,0.0,0.0,0.0007,0.4406,47,47,computed_co2_regression,3.0,21.0,history,24.93457794189453,2026-04-12 22:38:52.228000+00:00,21.33333396911621,2026-04-13 07:38:52.228000+09:00,0.08,0.17142857142857143,0.0,3.0,0.89173583984375,3.0,0.17142857142857143,0.89173583984375
632.0,2026-04-12T22:38:58.349Z,2026-05-12T22:38:57.272Z,41.12651062011719,2.0,,3.0,나쁨,심각한 악화 (나쁨-3),3.0,,0.0,0.0,0.0,0.0237,0.4427,47,47,computed_co2_regression,3.0,21.0,history,24.93457794189453,2026-04-12 22:38:58.349000+00:00,21.41666603088379,2026-04-13 07:38:58.349000+09:00,0.08,0.17142857142857143,0.0,3.0,0.8873489379882813,3.0,0.17142857142857143,0.8873489379882813
632.0,2026-04-12T22:39:06.552Z,2026-05-12T22:39:05.615Z,40.95294189453125,2.0,,3.0,나쁨,심각한 악화 (나쁨-3),3.0,,0.0,0.0,0.0,0.0836,0.4779,46,46,computed_co2_regression,3.0,20.5,history,24.931907653808597,2026-04-12 22:39:06.552000+00:00,21.5,2026-04-13 07:39:06.552000+09:00,0.08,0.15714285714285714,0.0,3.0,0.904705810546875,3.0,0.15714285714285714,0.904705810546875
632.0,2026-04-12T22:39:13.478Z,2026-05-12T22:39:12.502Z,41.02446746826172,2.0,,3.0,나쁨,심각한 악화 (나쁨-3),3.0,,0.0,0.0,0.0,0.1413,0.4883,46,46,computed_co2_regression,3.0,20.33333396911621,history,24.92256164550781,2026-04-12 22:39:13.478000+00:00,21.58333396911621,2026-04-13 07:39:13.478000+09:00,0.08,0.15238097054617747,0.0,3.0,0.8975532531738282,3.0,0.15238097054617747,0.8975532531738282
631.6666870117188,2026-04-12T22:39:19.667Z,2026-05-12T22:39:18.735Z,41.01397705078125,2.0,,3.0,나쁨,심각한 악화 (나쁨-3),3.0,,0.0,0.0,0.0,0.1985,0.5002,46,46,computed_co2_regression,3.0,20.33333396911621,history,24.917221069335938,2026-04-12 22:39:19.667000+00:00,21.66666603088379,2026-04-13 07:39:19.667000+09:00,0.07916671752929688,0.15238097054617747,0.0,3.0,0.898602294921875,3.0,0.15238097054617747,0.898602294921875
631.3333129882812,2026-04-12T22:39:25.745Z,2026-05-12T22:39:24.661Z,41.045448303222656,2.0,,3.0,나쁨,심각한 악화 (나쁨-3),3.0,,0.0,0.0,0.0,0.2535,0.4927,46,46,computed_co2_regression,3.0,20.16666603088379,history,24.92523193359375,2026-04-12 22:39:25.745000+00:00,21.75,2026-04-13 07:39:25.745000+09:00,0.07833328247070312,0.14761902945382255,0.0,3.0,0.8954551696777344,3.0,0.14761902945382255,0.8954551696777344
630.6666870117188,2026-04-12T22:39:31.570Z,2026-05-12T22:39:30.620Z,41.39640426635742,2.0,,3.0,나쁨,심각한 악화 (나쁨-3),3.0,,0.0,0.0,0.0,0.3063,0.449,46,46,computed_co2_regression,3.0,20.0,history,24.92389678955078,2026-04-12 22:39:31.570000+00:00,21.91666603088379,2026-04-13 07:39:31.570000+09:00,0.07666671752929688,0.14285714285714285,0.0,3.0,0.8603595733642578,3.0,0.14285714285714285,0.8603595733642578
630.3333129882812,2026-04-12T22:39:37.672Z,2026-05-12T22:39:36.707Z,41.69872283935547,2.0,,3.0,나쁨,심각한 악화 (나쁨-3),3.0,,0.0,0.0,0.0,0.3571,0.3615,46,46,computed_co2_regression,3.0,19.5,history,24.918556213378903,2026-04-12 22:39:37.672000+00:00,22.08333396911621,2026-04-13 07:39:37.672000+09:00,0.07583328247070313,0.12857142857142856,0.0,3.0,0.8301277160644531,3.0,0.12857142857142856,0.8301277160644531
630.0,2026-04-12T22:39:43.532Z,2026-05-12T22:39:42.605Z,41.78074264526367,2.0,,3.0,나쁨,심각한 악화 (나쁨-3),3.0,,0.0,0.0,0.0,0.4057,0.2651,46,46,computed_co2_regression,3.0,19.16666603088379,history,24.927902221679688,2026-04-12 22:39:43.532000+00:00,22.25,2026-04-13 07:39:43.532000+09:00,0.075,0.11904760088239397,0.0,3.0,0.8219257354736328,3.0,0.11904760088239397,0.8219257354736328
629.6666870117188,2026-04-12T22:39:50.976Z,2026-05-12T22:39:50.035Z,41.7950439453125,2.0,,3.0,나쁨,심각한 악화 (나쁨-3),3.0,,0.0,0.0,0.0,0.4491,0.1692,46,46,computed_co2_regression,3.0,19.0,history,24.930572509765625,2026-04-12 22:39:50.976000+00:00,22.33333396911621,2026-04-13 07:39:50.976000+09:00,0.07416671752929688,0.11428571428571428,0.0,3.0,0.82049560546875,3.0,0.11428571428571428,0.82049560546875
629.3333129882812,2026-04-12T22:39:57.132Z,2026-05-12T22:39:56.190Z,41.829376220703125,2.0,,3.0,나쁨,심각한 악화 (나쁨-3),3.0,,0.0,0.0,0.0,0.4895,0.0914,46,46,computed_co2_regression,3.0,18.83333396911621,history,24.911880493164062,2026-04-12 22:39:57.132000+00:00,22.41666603088379,2026-04-13 07:39:57.132000+09:00,0.07333328247070313,0.1095238276890346,0.0,3.0,0.8170623779296875,3.0,0.1095238276890346,0.8170623779296875
628.6666870117188,2026-04-12T22:40:03.970Z,2026-05-12T22:40:03.025Z,41.91520690917969,2.0,,3.0,나쁨,심각한 악화 (나쁨-3),3.0,,0.0,0.0,0.0,0.5253,0.0369,46,46,computed_co2_regression,3.0,18.83333396911621,history,24.90386962890625,2026-04-12 22:40:03.970000+00:00,22.5,2026-04-13 07:40:03.970000+09:00,0.07166671752929688,0.1095238276890346,0.0,3.0,0.8084793090820312,3.0,0.1095238276890346,0.8084793090820312
628.0,2026-04-12T22:40:11.238Z,2026-05-12T22:40:10.144Z,41.94858551025391,2.0,,3.0,나쁨,심각한 악화 (나쁨-3),3.0,,0.0,0.0,0.0,0.5556,0.0069,46,46,computed_co2_regression,3.0,18.5,history,24.90520477294922,2026-04-12 22:40:11.238000+00:00,22.66666603088379,2026-04-13 07:40:11.238000+09:00,0.07,0.1,0.0,3.0,0.8051414489746087,3.0,0.1,0.8051414489746087
627.0,2026-04-12T22:40:16.968Z,2026-05-12T22:40:16.028Z,41.76833724975586,2.0,,3.0,나쁨,심각한 악화 (나쁨-3),3.0,,0.0,0.0,0.021,0.578,0.0001,46,46,computed_co2_regression,3.0,18.5,history,24.893184661865234,2026-04-12 22:40:16.968000+00:00,22.83333396911621,2026-04-13 07:40:16.968000+09:00,0.0675,0.1,0.0,3.0,0.8231662750244141,3.0,0.1,0.8231662750244141
625.6666870117188,2026-04-12T22:40:23.729Z,2026-05-12T22:40:22.637Z,41.73018646240234,2.0,,3.0,나쁨,심각한 악화 (나쁨-3),3.0,,0.0,0.0,0.188,0.5867,0.0081,46,46,computed_co2_regression,3.0,18.66666603088379,history,24.89719009399414,2026-04-12 22:40:23.729000+00:00,23.08333396911621,2026-04-13 07:40:23.729000+09:00,0.06416671752929687,0.10476188659667969,0.0,3.0,0.8269813537597663,3.0,0.10476188659667969,0.8269813537597663
624.6666870117188,2026-04-12T22:40:30.502Z,2026-05-12T22:40:29.570Z,41.81411361694336,2.0,,3.0,나쁨,심각한 악화 (나쁨-3),3.0,,0.0,0.0,0.337,0.5803,0.0252,46,46,computed_co2_regression,3.0,18.66666603088379,history,24.902530670166016,2026-04-12 22:40:30.502000+00:00,23.33333396911621,2026-04-13 07:40:30.502000+09:00,0.06166671752929687,0.10476188659667969,0.0,3.0,0.8185886383056641,3.0,0.10476188659667969,0.8185886383056641
623.0,2026-04-12T22:40:36.574Z,2026-05-12T22:40:35.650Z,42.0229721069336,2.0,,3.0,나쁨,심각한 악화 (나쁨-3),3.0,,0.0,0.0,0.482,0.5531,0.0493,46,46,computed_co2_regression,3.0,18.66666603088379,history,24.89051055908203,2026-04-12 22:40:36.574000+00:00,23.58333396911621,2026-04-13 07:40:36.574000+09:00,0.0575,0.10476188659667969,0.0,3.0,0.79770278930664,3.0,0.10476188659667969,0.79770278930664
621.6666870117188,2026-04-12T22:40:42.572Z,2026-05-12T22:40:41.578Z,42.18128204345703,2.0,,3.0,나쁨,심각한 악화 (나쁨-3),3.0,,0.0,0.0,0.622,0.5103,0.078,46,46,computed_co2_regression,3.0,18.5,history,24.88516998291016,2026-04-12 22:40:42.572000+00:00,23.91666603088379,2026-04-13 07:40:42.572000+09:00,0.05416671752929687,0.1,0.0,3.0,0.7818717956542969,3.0,0.1,0.7818717956542969
619.3333129882812,2026-04-12T22:40:48.637Z,2026-05-12T22:40:47.707Z,42.233734130859375,2.0,,3.0,나쁨,심각한 악화 (나쁨-3),3.0,,0.0,0.0,0.757,0.4453,0.1112,46,46,computed_co2_regression,3.0,18.66666603088379,history,24.88116455078125,2026-04-12 22:40:48.637000+00:00,24.16666603088379,2026-04-13 07:40:48.637000+09:00,0.04833328247070313,0.10476188659667969,0.0,3.0,0.7766265869140625,3.0,0.10476188659667969,0.7766265869140625
617.3333129882812,2026-04-12T22:40:55.877Z,2026-05-12T22:40:54.962Z,42.22515106201172,2.0,,3.0,나쁨,심각한 악화 (나쁨-3),3.0,,0.0,0.0,0.888,0.3645,0.1493,46,46,computed_co2_regression,3.0,18.83333396911621,history,24.87582397460937,2026-04-12 22:40:55.877000+00:00,24.5,2026-04-13 07:40:55.877000+09:00,0.04333328247070312,0.1095238276890346,0.0,3.0,0.7774848937988281,3.0,0.1095238276890346,0.7774848937988281
615.3333129882812,2026-04-12T22:41:02.577Z,2026-05-12T22:41:01.493Z,41.98291778564453,2.0,,3.0,나쁨,심각한 악화 (나쁨-3),3.0,,0.0,0.0,1.017,0.2756,0.193,46,46,computed_co2_regression,3.0,19.0,history,24.87582397460937,2026-04-12 22:41:02.577000+00:00,24.83333396911621,2026-04-13 07:41:02.577000+09:00,0.038333282470703126,0.11428571428571428,0.0,3.0,0.8017082214355469,3.0,0.11428571428571428,0.8017082214355469
613.6666870117188,2026-04-12T22:41:08.709Z,2026-05-12T22:41:07.700Z,41.72542190551758,2.0,,3.0,나쁨,심각한 악화 (나쁨-3),3.0,,0.0,0.0,1.157,0.1886,0.2471,46,46,computed_co2_regression,3.0,19.0,history,24.87315368652344,2026-04-12 22:41:08.709000+00:00,25.25,2026-04-13 07:41:08.709000+09:00,0.034166717529296876,0.11428571428571428,0.0,3.0,0.8274578094482422,3.0,0.11428571428571428,0.8274578094482422
612.3333129882812,2026-04-12T22:41:15.471Z,2026-05-12T22:41:14.538Z,41.56233978271485,2.0,,3.0,나쁨,심각한 악화 (나쁨-3),3.0,,0.0,0.0,1.324,0.1136,0.3231,46,46,computed_co2_regression,3.0,19.0,history,24.85980224609375,2026-04-12 22:41:15.471000+00:00,25.66666603088379,2026-04-13 07:41:15.471000+09:00,0.030833282470703126,0.11428571428571428,0.0,3.0,0.8437660217285149,3.0,0.11428571428571428,0.8437660217285149
611.0,2026-04-12T22:41:21.238Z,2026-05-12T22:41:20.156Z,42.01152801513672,2.0,,3.0,나쁨,심각한 악화 (나쁨-3),3.0,,0.0,0.0,1.479,0.055,0.4102,46,46,computed_co2_regression,3.0,19.33333396911621,history,24.853126525878903,2026-04-12 22:41:21.238000+00:00,26.08333396911621,2026-04-13 07:41:21.238000+09:00,0.0275,0.12380954197474889,0.0,3.0,0.7988471984863281,3.0,0.12380954197474889,0.7988471984863281
610.3333129882812,2026-04-12T22:41:27.563Z,2026-05-12T22:41:26.588Z,42.53987121582031,2.0,,3.0,나쁨,심각한 악화 (나쁨-3),3.0,,0.0,0.0,1.587,0.0181,0.4767,46,46,computed_co2_regression,3.0,19.66666603088379,history,24.84778594970703,2026-04-12 22:41:27.563000+00:00,26.5,2026-04-13 07:41:27.563000+09:00,0.025833282470703125,0.13333331516810826,0.0,3.0,0.7460128784179687,3.0,0.13333331516810826,0.7460128784179687
609.6666870117188,2026-04-12T22:41:33.567Z,2026-05-12T22:41:32.635Z,42.39204788208008,2.0,,3.0,나쁨,심각한 악화 (나쁨-3),3.0,,0.0,0.0,1.647,0.0014,0.5155,46,46,computed_co2_regression,3.0,20.0,history,24.84778594970703,2026-04-12 22:41:33.567000+00:00,26.91666603088379,2026-04-13 07:41:33.567000+09:00,0.024166717529296874,0.14285714285714285,0.0,3.0,0.7607952117919922,3.0,0.14285714285714285,0.7607952117919922
609.3333129882812,2026-04-12T22:41:39.768Z,2026-05-12T22:41:38.685Z,41.82937240600586,1.962,,2.962,나쁨,중간수준 악화 (나쁨-2),2.962,,0.076,0.076,1.699,0.0028,0.5477,46,46,computed_co2_regression,3.0,20.0,history,24.846450805664062,2026-04-12 22:41:39.768000+00:00,27.33333396911621,2026-04-13 07:41:39.768000+09:00,0.023333282470703126,0.14285714285714285,0.0,2.962,0.8170627593994141,2.962,0.14285714285714285,0.8170627593994141
609.0,2026-04-12T22:41:45.683Z,2026-05-12T22:41:44.604Z,41.56233978271485,1.898,,2.898,나쁨,중간수준 악화 (나쁨-2),2.898,,0.204,0.204,1.726,0.0189,0.564,46,46,computed_co2_regression,3.0,20.16666603088379,history,24.83843994140625,2026-04-12 22:41:45.683000+00:00,27.75,2026-04-13 07:41:45.683000+09:00,0.0225,0.14761902945382255,0.0,2.898,0.8437660217285149,2.898,0.14761902945382255,0.8437660217285149
608.6666870117188,2026-04-12T22:41:51.664Z,2026-05-12T22:41:50.692Z,41.92760467529297,1.832,,2.832,나쁨,중간수준 악화 (나쁨-2),2.832,,0.336,0.336,1.717,0.0476,0.5558,46,46,computed_co2_regression,3.0,20.16666603088379,history,24.845115661621094,2026-04-12 22:41:51.664000+00:00,28.25,2026-04-13 07:41:51.664000+09:00,0.021666717529296876,0.14761902945382255,0.0,2.832,0.8072395324707031,2.832,0.14761902945382255,0.8072395324707031
608.0,2026-04-12T22:41:59.017Z,2026-05-12T22:41:58.082Z,42.22515487670898,1.764,,2.764,나쁨,중간수준 악화 (나쁨-2),2.764,,0.473,0.473,1.693,0.0885,0.5415,46,46,computed_co2_regression,3.0,19.83333396911621,history,24.831764221191406,2026-04-12 22:41:59.017000+00:00,28.66666603088379,2026-04-13 07:41:59.017000+09:00,0.02,0.13809525626046318,0.0,2.7635,0.7774845123291023,2.7635,0.13809525626046318,0.7774845123291023
607.0,2026-04-12T22:42:05.500Z,2026-05-12T22:42:04.570Z,42.042999267578125,1.691,,2.691,나쁨,중간수준 악화 (나쁨-2),2.691,,0.619,0.619,1.677,0.1409,0.5336,46,46,computed_co2_regression,3.0,19.33333396911621,history,24.834434509277344,2026-04-12 22:42:05.500000+00:00,29.16666603088379,2026-04-13 07:42:05.500000+09:00,0.0175,0.12380954197474889,0.0,2.6905,0.7957000732421875,2.6905,0.12380954197474889,0.7957000732421875
606.0,2026-04-12T22:42:12.270Z,2026-05-12T22:42:11.343Z,42.08782196044922,1.615,,2.615,나쁨,중간수준 악화 (나쁨-2),2.615,,0.771,0.771,1.707,0.2023,0.5424,46,46,computed_co2_regression,3.0,18.66666603088379,history,24.83977508544922,2026-04-12 22:42:12.270000+00:00,29.58333396911621,2026-04-13 07:42:12.270000+09:00,0.015,0.10476188659667969,0.0,2.6145,0.7912178039550781,2.6145,0.10476188659667969,0.7912178039550781
605.3333129882812,2026-04-12T22:42:18.183Z,2026-05-12T22:42:17.227Z,42.21370697021485,1.538,,2.538,나쁨,중간수준 악화 (나쁨-2),2.538,,0.925,0.925,1.73,0.2698,0.5479,46,46,computed_co2_regression,3.0,18.5,history,24.8277587890625,2026-04-12 22:42:18.183000+00:00,30.0,2026-04-13 07:42:18.183000+09:00,0.013333282470703124,0.1,0.0,2.5375,0.778629302978515,2.5375,0.1,0.778629302978515
605.0,2026-04-12T22:42:24.245Z,2026-05-12T22:42:23.156Z,42.22705841064453,1.46,,2.46,나쁨,중간수준 악화 (나쁨-2),2.46,,1.081,1.081,1.758,0.3416,0.553,46,46,computed_co2_regression,3.0,18.16666603088379,history,24.83710479736328,2026-04-12 22:42:24.245000+00:00,30.41666603088379,2026-04-13 07:42:24.245000+09:00,0.0125,0.0904761723109654,0.0,2.4595000000000002,0.7772941589355469,2.4595000000000002,0.0904761723109654,0.7772941589355469
605.0,2026-04-12T22:42:30.350Z,2026-05-12T22:42:29.269Z,42.37773895263672,1.381,,2.381,나쁨,중간수준 악화 (나쁨-2),2.381,,1.238,1.238,1.803,0.4182,0.5616,46,46,computed_co2_regression,3.0,18.0,history,24.8277587890625,2026-04-12 22:42:30.350000+00:00,30.83333396911621,2026-04-13 07:42:30.350000+09:00,0.0125,0.08571428571428572,0.0,2.3810000000000002,0.7622261047363281,2.3810000000000002,0.08571428571428572,0.7622261047363281
605.0,2026-04-12T22:42:36.043Z,2026-05-12T22:42:35.104Z,42.11929321289063,1.301,,2.302,나쁨,중간수준 악화 (나쁨-2),2.302,,1.397,1.397,1.864,0.4993,0.5761,46,46,computed_co2_regression,3.0,18.0,history,24.822418212890625,2026-04-12 22:42:36.043000+00:00,31.25,2026-04-13 07:42:36.043000+09:00,0.0125,0.08571428571428572,0.0,2.3015,0.7880706787109368,2.3015,0.08571428571428572,0.7880706787109368
605.0,2026-04-12T22:42:42.168Z,2026-05-12T22:42:41.169Z,42.01725006103516,1.221,,2.221,나쁨,중간수준 악화 (나쁨-2),2.221,,1.558,1.558,1.93,0.5849,0.5927,46,46,computed_co2_regression,3.0,18.0,history,24.81841278076172,2026-04-12 22:42:42.168000+00:00,31.66666603088379,2026-04-13 07:42:42.168000+09:00,0.0125,0.08571428571428572,0.0,2.221,0.7982749938964837,2.221,0.08571428571428572,0.7982749938964837
604.3333129882812,2026-04-12T22:42:48.700Z,2026-05-12T22:42:47.780Z,42.12787628173828,1.14,,2.14,나쁨,중간수준 악화 (나쁨-2),2.14,,1.72,1.72,1.946,0.6702,0.5953,46,46,computed_co2_regression,3.0,18.33333396911621,history,24.79438018798828,2026-04-12 22:42:48.700000+00:00,32.08333206176758,2026-04-13 07:42:48.700000+09:00,0.010833282470703125,0.09523811340332031,0.0,2.14,0.7872123718261719,2.14,0.09523811340332031,0.7872123718261719
603.6666870117188,2026-04-12T22:42:54.710Z,2026-05-12T22:42:53.631Z,41.84272384643555,1.06,,2.06,나쁨,중간수준 악화 (나쁨-2),2.06,,1.88,1.88,1.912,0.7516,0.583,46,46,computed_co2_regression,3.0,18.5,history,24.78236389160156,2026-04-12 22:42:54.710000+00:00,32.5,2026-04-13 07:42:54.710000+09:00,0.009166717529296875,0.1,0.0,2.06,0.8157276153564453,2.06,0.1,0.8157276153564453
602.3333129882812,2026-04-12T22:43:03.424Z,2026-05-12T22:43:02.338Z,41.54517364501953,0.984,,1.984,나쁨,경미한 악화 (나쁨-1),1.984,,2.033,2.033,1.838,0.8224,0.559,46,46,computed_co2_regression,3.0,18.66666603088379,history,24.793045043945312,2026-04-12 22:43:03.424000+00:00,32.91666793823242,2026-04-13 07:43:03.424000+09:00,0.005833282470703125,0.10476188659667969,0.0,1.9835,0.8454826354980469,1.9835,0.10476188659667969,0.8454826354980469
601.3333129882812,2026-04-12T22:43:09.274Z,2026-05-12T22:43:08.265Z,41.29530715942383,0.913,,1.913,나쁨,경미한 악화 (나쁨-1),1.913,,2.175,2.175,1.699,0.8793,0.5149,46,46,computed_co2_regression,3.0,19.0,history,24.7850341796875,2026-04-12 22:43:09.274000+00:00,33.25,2026-04-13 07:43:09.274000+09:00,0.003333282470703125,0.11428571428571428,0.0,1.9125,0.8704692840576171,1.9125,0.11428571428571428,0.8704692840576171
600.0,2026-04-12T22:43:15.956Z,2026-05-12T22:43:15.025Z,41.27528381347656,0.849,,1.849,나쁨,경미한 악화 (나쁨-1),1.849,,2.302,2.302,1.522,0.9206,0.458,46,46,computed_co2_regression,3.0,19.16666603088379,history,24.779693603515625,2026-04-12 22:43:15.956000+00:00,33.58333206176758,2026-04-13 07:43:15.956000+09:00,0.0,0.11904760088239397,0.0,1.849,0.8724716186523438,1.849,0.11904760088239397,0.8724716186523438
598.6666870117188,2026-04-12T22:43:22.038Z,2026-05-12T22:43:21.099Z,41.50607681274414,0.845,,1.845,나쁨,경미한 악화 (나쁨-1),1.845,,2.31,2.31,1.418,0.9255,0.4241,47,47,computed_co2_regression,3.0,19.5,history,24.779693603515625,2026-04-12 22:43:22.038000+00:00,33.83333206176758,2026-04-13 07:43:22.038000+09:00,0.0,0.12857142857142856,0.0,1.845,0.849392318725586,1.845,0.12857142857142856,0.849392318725586
596.6666870117188,2026-04-12T22:43:28.176Z,2026-05-12T22:43:27.232Z,41.56997680664063,0.793,,1.793,나쁨,경미한 악화 (나쁨-1),1.793,,2.414,2.414,1.2,0.9491,0.3533,47,47,computed_co2_regression,3.0,19.5,history,24.78369903564453,2026-04-12 22:43:28.176000+00:00,34.08333206176758,2026-04-13 07:43:28.176000+09:00,0.0,0.12857142857142856,0.0,1.793,0.8430023193359368,1.793,0.12857142857142856,0.8430023193359368
594.6666870117188,2026-04-12T22:43:34.269Z,2026-05-12T22:43:33.184Z,41.418338775634766,0.782,,1.782,나쁨,경미한 악화 (나쁨-1),1.782,,2.437,2.437,1.127,0.9516,0.3319,48,48,computed_co2_regression,3.0,19.33333396911621,history,24.791709899902344,2026-04-12 22:43:34.269000+00:00,34.33333206176758,2026-04-13 07:43:34.269000+09:00,0.0,0.12380954197474889,0.0,1.7815,0.8581661224365235,1.7815,0.12380954197474889,0.8581661224365235
593.3333129882812,2026-04-12T22:43:40.170Z,2026-05-12T22:43:39.234Z,41.31343460083008,0.71,,1.71,나쁨,경미한 악화 (나쁨-1),1.71,,2.58,2.58,0.824,0.9684,0.225,47,47,computed_co2_regression,3.0,19.33333396911621,history,24.778358459472656,2026-04-12 22:43:40.170000+00:00,34.5,2026-04-13 07:43:40.170000+09:00,0.0,0.12380954197474889,0.0,1.71,0.8686565399169922,1.71,0.12380954197474889,0.8686565399169922
592.6666870117188,2026-04-12T22:43:46.226Z,2026-05-12T22:43:45.121Z,41.688232421875,0.7,,1.701,나쁨,경미한 악화 (나쁨-1),1.701,,2.599,2.599,0.767,0.9699,0.2075,48,48,computed_co2_regression,3.0,19.33333396911621,history,24.763671875,2026-04-12 22:43:46.226000+00:00,34.66666793823242,2026-04-13 07:43:46.226000+09:00,0.0,0.12380954197474889,0.0,1.7005,0.8311767578125,1.7005,0.12380954197474889,0.8311767578125
592.3333129882812,2026-04-12T22:43:52.065Z,2026-05-12T22:43:51.128Z,41.837005615234375,0.676,,1.676,나쁨,경미한 악화 (나쁨-1),1.676,,2.648,2.648,0.605,0.9734,0.1449,48,48,computed_co2_regression,3.0,19.5,history,24.758331298828125,2026-04-12 22:43:52.065000+00:00,34.83333206176758,2026-04-13 07:43:52.065000+09:00,0.0,0.12857142857142856,0.0,1.676,0.8162994384765625,1.676,0.12857142857142856,0.8162994384765625
592.0,2026-04-12T22:43:58.195Z,2026-05-12T22:43:57.264Z,41.65961837768555,0.656,,1.656,나쁨,경미한 악화 (나쁨-1),1.656,,2.689,2.689,0.437,0.9764,0.0841,48,48,computed_co2_regression,3.0,19.66666603088379,history,24.76500701904297,2026-04-12 22:43:58.195000+00:00,34.91666793823242,2026-04-13 07:43:58.195000+09:00,0.0,0.13333331516810826,0.0,1.6555,0.8340381622314453,1.6555,0.13333331516810826,0.8340381622314453
591.6666870117188,2026-04-12T22:44:06.285Z,2026-05-12T22:44:05.356Z,42.00676345825195,0.641,,1.641,나쁨,경미한 악화 (나쁨-1),1.641,,2.719,2.719,0.239,0.9787,0.0279,48,48,computed_co2_regression,3.0,20.0,history,24.76500701904297,2026-04-12 22:44:06.285000+00:00,35.0,2026-04-13 07:44:06.285000+09:00,0.0,0.14285714285714285,0.0,1.6405,0.7993236541748047,1.6405,0.14285714285714285,0.7993236541748047
591.3333129882812,2026-04-12T22:44:13.067Z,2026-05-12T22:44:11.986Z,41.8608512878418,0.632,,1.632,나쁨,경미한 악화 (나쁨-1),1.632,,2.736,2.736,0.052,0.9799,0.0013,48,48,computed_co2_regression,3.0,20.33333396911621,history,24.74364471435547,2026-04-12 22:44:13.067000+00:00,35.0,2026-04-13 07:44:13.067000+09:00,0.0,0.15238097054617747,0.0,1.632,0.8139148712158203,1.632,0.15238097054617747,0.8139148712158203
591.0,2026-04-12T22:44:19.198Z,2026-05-12T22:44:18.256Z,41.52801513671875,0.63,,1.63,나쁨,경미한 악화 (나쁨-1),1.63,,2.741,2.741,0.0,0.9803,0.0104,48,48,computed_co2_regression,3.0,20.66666603088379,history,24.73296356201172,2026-04-12 22:44:19.198000+00:00,35.0,2026-04-13 07:44:19.198000+09:00,0.0,0.16190474373953684,0.0,1.6295,0.847198486328125,1.6295,0.16190474373953684,0.847198486328125
591.0,2026-04-12T22:44:25.007Z,2026-05-12T22:44:24.065Z,41.615753173828125,0.632,,1.632,나쁨,경미한 악화 (나쁨-1),1.632,,2.737,2.737,0.0,0.9801,0.0551,48,48,computed_co2_regression,3.0,20.66666603088379,history,24.723617553710938,2026-04-12 22:44:25.007000+00:00,35.0,2026-04-13 07:44:25.007000+09:00,0.0,0.16190474373953684,0.0,1.6315,0.8384246826171875,1.6315,0.16190474373953684,0.8384246826171875
591.0,2026-04-12T22:44:31.166Z,2026-05-12T22:44:30.245Z,41.8608512878418,0.639,,1.639,나쁨,경미한 악화 (나쁨-1),1.639,,2.723,2.723,0.0,0.979,0.1237,48,48,computed_co2_regression,3.0,20.66666603088379,history,24.71961212158203,2026-04-12 22:44:31.166000+00:00,35.0,2026-04-13 07:44:31.166000+09:00,0.0,0.16190474373953684,0.0,1.6385,0.8139148712158203,1.6385,0.16190474373953684,0.8139148712158203
590.6666870117188,2026-04-12T22:44:37.253Z,2026-05-12T22:44:36.240Z,42.3596305847168,0.648,,1.648,나쁨,경미한 악화 (나쁨-1),1.648,,2.704,2.704,0.0,0.9775,0.2044,48,48,computed_co2_regression,3.0,20.66666603088379,history,24.726287841796875,2026-04-12 22:44:37.253000+00:00,35.0,2026-04-13 07:44:37.253000+09:00,0.0,0.16190474373953684,0.0,1.648,0.7640369415283204,1.648,0.16190474373953684,0.7640369415283204
590.6666870117188,2026-04-12T22:44:43.551Z,2026-05-12T22:44:42.613Z,42.26521301269531,0.663,,1.663,나쁨,경미한 악화 (나쁨-1),1.663,,2.675,2.675,0.0,0.9753,0.2645,48,48,computed_co2_regression,3.0,20.5,history,24.720947265625,2026-04-12 22:44:43.551000+00:00,35.0,2026-04-13 07:44:43.551000+09:00,0.0,0.15714285714285714,0.0,1.6625,0.7734786987304687,1.6625,0.15714285714285714,0.7734786987304687
590.6666870117188,2026-04-12T22:44:49.668Z,2026-05-12T22:44:48.737Z,41.79981231689453,0.682,,1.682,나쁨,경미한 악화 (나쁨-1),1.682,,2.636,2.636,0.0,0.9722,0.3046,48,48,computed_co2_regression,3.0,20.33333396911621,history,24.71427154541016,2026-04-12 22:44:49.668000+00:00,35.0,2026-04-13 07:44:49.668000+09:00,0.0,0.15238097054617747,0.0,1.682,0.8200187683105469,1.682,0.15238097054617747,0.8200187683105469
591.3333129882812,2026-04-12T22:44:57.072Z,2026-05-12T22:44:56.137Z,41.748313903808594,0.71,,1.711,나쁨,경미한 악화 (나쁨-1),1.711,,2.579,2.579,0.0,0.9673,0.3192,48,48,computed_co2_regression,3.0,19.83333396911621,history,24.682228088378903,2026-04-12 22:44:57.072000+00:00,35.0,2026-04-13 07:44:57.072000+09:00,0.0,0.13809525626046318,0.0,1.7105,0.8251686096191406,1.7105,0.13809525626046318,0.8251686096191406
592.0,2026-04-12T22:45:03.976Z,2026-05-12T22:45:02.959Z,41.70825958251953,0.748,,1.748,나쁨,경미한 악화 (나쁨-1),1.748,,2.505,2.505,0.0,0.9603,0.3176,48,48,computed_co2_regression,3.0,19.66666603088379,history,24.680892944335938,2026-04-12 22:45:03.976000+00:00,35.0,2026-04-13 07:45:03.976000+09:00,0.0,0.13333331516810826,0.0,1.7475,0.8291740417480469,1.7475,0.13333331516810826,0.8291740417480469
593.0,2026-04-12T22:45:11.549Z,2026-05-12T22:45:10.617Z,41.46697235107422,0.793,,1.793,나쁨,경미한 악화 (나쁨-1),1.793,,2.414,2.414,0.0,0.9499,0.3069,48,48,computed_co2_regression,3.0,19.5,history,24.720947265625,2026-04-12 22:45:11.549000+00:00,35.0,2026-04-13 07:45:11.549000+09:00,0.0,0.12857142857142856,0.0,1.793,0.8533027648925782,1.793,0.12857142857142856,0.8533027648925782
593.6666870117188,2026-04-12T22:45:17.366Z,2026-05-12T22:45:16.296Z,41.1541633605957,0.845,,1.845,나쁨,경미한 악화 (나쁨-1),1.845,,2.311,2.311,0.0,0.9375,0.2741,48,48,computed_co2_regression,3.0,19.33333396911621,history,24.707595825195312,2026-04-12 22:45:17.366000+00:00,35.0,2026-04-13 07:45:17.366000+09:00,0.0,0.12380954197474889,0.0,1.8445,0.8845836639404296,1.8445,0.12380954197474889,0.8845836639404296
594.0,2026-04-12T22:45:23.233Z,2026-05-12T22:45:22.315Z,40.722145080566406,0.899,,1.899,나쁨,경미한 악화 (나쁨-1),1.899,,2.202,2.202,0.0,0.9233,0.225,48,48,computed_co2_regression,3.0,19.0,history,24.683563232421875,2026-04-12 22:45:23.233000+00:00,35.0,2026-04-13 07:45:23.233000+09:00,0.0,0.11428571428571428,0.0,1.899,0.9277854919433594,1.899,0.11428571428571428,0.9277854919433594
593.6666870117188,2026-04-12T22:45:29.355Z,2026-05-12T22:45:28.430Z,40.6754150390625,0.952,,1.953,나쁨,경미한 악화 (나쁨-1),1.953,,2.095,2.095,0.0,0.9097,0.169,48,48,computed_co2_regression,3.0,18.66666603088379,history,24.664871215820312,2026-04-12 22:45:29.355000+00:00,35.0,2026-04-13 07:45:29.355000+09:00,0.0,0.10476188659667969,0.0,1.9525,0.93245849609375,1.9525,0.10476188659667969,0.93245849609375
593.3333129882812,2026-04-12T22:45:35.215Z,2026-05-12T22:45:34.282Z,41.07309722900391,1.006,,2.006,나쁨,중간수준 악화 (나쁨-2),2.006,,1.988,1.988,0.0,0.8974,0.1277,48,48,computed_co2_regression,3.0,18.83333396911621,history,24.65819549560547,2026-04-12 22:45:35.215000+00:00,35.0,2026-04-13 07:45:35.215000+09:00,0.0,0.1095238276890346,0.0,2.0060000000000002,0.8926902770996087,2.0060000000000002,0.1095238276890346,0.8926902770996087
593.0,2026-04-12T22:45:41.241Z,2026-05-12T22:45:40.301Z,41.363014221191406,1.056,,2.057,나쁨,중간수준 악화 (나쁨-2),2.057,,1.887,1.887,0.0,0.8852,0.0917,48,48,computed_co2_regression,3.0,18.83333396911621,history,24.66887664794922,2026-04-12 22:45:41.241000+00:00,35.0,2026-04-13 07:45:41.241000+09:00,0.0,0.1095238276890346,0.0,2.0564999999999998,0.8636985778808594,2.0564999999999998,0.1095238276890346,0.8636985778808594
593.0,2026-04-12T22:45:47.602Z,2026-05-12T22:45:46.605Z,41.45838165283203,1.107,,2.107,나쁨,중간수준 악화 (나쁨-2),2.107,,1.787,1.787,0.0,0.8723,0.0535,48,48,computed_co2_regression,3.0,18.66666603088379,history,24.64484405517578,2026-04-12 22:45:47.602000+00:00,35.0,2026-04-13 07:45:47.602000+09:00,0.0,0.10476188659667969,0.0,2.1065,0.8541618347167969,2.1065,0.10476188659667969,0.8541618347167969
592.6666870117188,2026-04-12T22:45:53.458Z,2026-05-12T22:45:52.542Z,41.43740081787109,1.152,,2.152,나쁨,중간수준 악화 (나쁨-2),2.152,,1.697,1.697,0.0,0.8582,0.0194,48,48,computed_co2_regression,3.0,18.16666603088379,history,24.64350891113281,2026-04-12 22:45:53.458000+00:00,35.0,2026-04-13 07:45:53.458000+09:00,0.0,0.0904761723109654,0.0,2.1515,0.8562599182128914,2.1515,0.0904761723109654,0.8562599182128914
592.0,2026-04-12T22:45:59.613Z,2026-05-12T22:45:58.682Z,41.22282028198242,1.191,,2.191,나쁨,중간수준 악화 (나쁨-2),2.191,,1.619,1.619,0.0,0.8451,0.0036,48,48,computed_co2_regression,3.0,18.16666603088379,history,24.648849487304688,2026-04-12 22:45:59.613000+00:00,35.0,2026-04-13 07:45:59.613000+09:00,0.0,0.0904761723109654,0.0,2.1905,0.8777179718017578,2.1905,0.0904761723109654,0.8777179718017578
591.0,2026-04-12T22:46:06.490Z,2026-05-12T22:46:05.552Z,41.419281005859375,1.222,,2.222,나쁨,중간수준 악화 (나쁨-2),2.222,,1.556,1.556,0.013,0.834,0.0001,48,48,computed_co2_regression,3.0,18.16666603088379,history,24.652854919433597,2026-04-12 22:46:06.490000+00:00,35.0,2026-04-13 07:46:06.490000+09:00,0.0,0.0904761723109654,0.0,2.222,0.8580718994140625,2.222,0.0904761723109654,0.8580718994140625
590.6666870117188,2026-04-12T22:46:15.245Z,2026-05-12T22:46:14.330Z,41.65293502807617,1.25,,2.25,나쁨,중간수준 악화 (나쁨-2),2.25,,1.499,1.499,0.122,0.8222,0.0051,48,48,computed_co2_regression,3.0,18.16666603088379,history,24.652854919433597,2026-04-12 22:46:15.245000+00:00,35.0,2026-04-13 07:46:15.245000+09:00,0.0,0.0904761723109654,0.0,2.2504999999999997,0.8347064971923828,2.2504999999999997,0.0904761723109654,0.8347064971923828
590.3333129882812,2026-04-12T22:46:21.699Z,2026-05-12T22:46:20.616Z,41.41260528564453,1.277,,2.277,나쁨,중간수준 악화 (나쁨-2),2.277,,1.447,1.447,0.228,0.8106,0.0172,48,48,computed_co2_regression,3.0,18.16666603088379,history,24.64751434326172,2026-04-12 22:46:21.699000+00:00,35.0,2026-04-13 07:46:21.699000+09:00,0.0,0.0904761723109654,0.0,2.2765,0.8587394714355469,2.2765,0.0904761723109654,0.8587394714355469
590.0,2026-04-12T22:46:27.609Z,2026-05-12T22:46:26.524Z,41.31437301635742,1.299,,2.299,나쁨,중간수준 악화 (나쁨-2),2.299,,1.402,1.402,0.279,0.7993,0.0253,48,48,computed_co2_regression,3.0,18.5,history,24.631492614746094,2026-04-12 22:46:27.609000+00:00,35.0,2026-04-13 07:46:27.609000+09:00,0.0,0.1,0.0,2.299,0.8685626983642578,2.299,0.1,0.8685626983642578
589.3333129882812,2026-04-12T22:46:33.577Z,2026-05-12T22:46:32.589Z,41.19229888916016,1.32,,2.32,나쁨,중간수준 악화 (나쁨-2),2.32,,1.36,1.36,0.25,0.7896,0.0205,48,48,computed_co2_regression,3.0,19.16666603088379,history,24.6141357421875,2026-04-12 22:46:33.577000+00:00,35.0,2026-04-13 07:46:33.577000+09:00,0.0,0.11904760088239397,0.0,2.32,0.8807701110839836,2.32,0.11904760088239397,0.8807701110839836
588.6666870117188,2026-04-12T22:46:39.759Z,2026-05-12T22:46:38.688Z,41.03684997558594,1.338,,2.339,나쁨,중간수준 악화 (나쁨-2),2.339,,1.323,1.323,0.169,0.7814,0.0095,48,48,computed_co2_regression,3.0,19.5,history,24.642173767089844,2026-04-12 22:46:39.759000+00:00,35.0,2026-04-13 07:46:39.759000+09:00,0.0,0.12857142857142856,0.0,2.3385,0.8963150024414063,2.3385,0.12857142857142856,0.8963150024414063
588.3333129882812,2026-04-12T22:46:45.528Z,2026-05-12T22:46:44.611Z,41.632904052734375,1.358,,2.358,나쁨,중간수준 악화 (나쁨-2),2.358,,1.285,1.285,0.075,0.7735,0.0019,48,48,computed_co2_regression,3.0,19.66666603088379,history,24.632827758789062,2026-04-12 22:46:45.528000+00:00,35.0,2026-04-13 07:46:45.528000+09:00,0.0,0.13333331516810826,0.0,2.3575,0.8367095947265625,2.3575,0.13333331516810826,0.8367095947265625
587.6666870117188,2026-04-12T22:46:51.567Z,2026-05-12T22:46:50.643Z,42.57514953613281,1.375,,2.375,나쁨,중간수준 악화 (나쁨-2),2.375,,1.249,1.249,0.0,0.767,0.0004,48,48,computed_co2_regression,3.0,19.66666603088379,history,24.61146545410156,2026-04-12 22:46:51.567000+00:00,35.0,2026-04-13 07:46:51.567000+09:00,0.0,0.13333331516810826,0.0,2.3754999999999997,0.7424850463867188,2.3754999999999997,0.13333331516810826,0.7424850463867188
587.6666870117188,2026-04-12T22:46:57.609Z,2026-05-12T22:46:56.616Z,42.50171661376953,1.396,,2.396,나쁨,중간수준 악화 (나쁨-2),2.396,,1.208,1.208,0.0,0.7599,0.0072,48,48,computed_co2_regression,3.0,19.66666603088379,history,24.618141174316406,2026-04-12 22:46:57.609000+00:00,35.0,2026-04-13 07:46:57.609000+09:00,0.0,0.13333331516810826,0.0,2.396,0.7498283386230469,2.396,0.13333331516810826,0.7498283386230469
587.6666870117188,2026-04-12T22:47:04.431Z,2026-05-12T22:47:03.497Z,41.74162292480469,1.418,,2.418,나쁨,중간수준 악화 (나쁨-2),2.418,,1.164,1.164,0.0,0.7522,0.0205,48,48,computed_co2_regression,3.0,19.83333396911621,history,24.599449157714844,2026-04-12 22:47:04.431000+00:00,35.0,2026-04-13 07:47:04.431000+09:00,0.0,0.13809525626046318,0.0,2.418,0.8258377075195312,2.418,0.13809525626046318,0.8258377075195312
588.0,2026-04-12T22:47:10.335Z,2026-05-12T22:47:09.248Z,41.426902770996094,1.441,,2.441,나쁨,중간수준 악화 (나쁨-2),2.441,,1.119,1.119,0.0,0.7421,0.0315,48,48,computed_co2_regression,3.0,19.83333396911621,history,24.598114013671875,2026-04-12 22:47:10.335000+00:00,34.91666793823242,2026-04-13 07:47:10.335000+09:00,0.0,0.13809525626046318,0.0,2.4405,0.8573097229003906,2.4405,0.13809525626046318,0.8573097229003906
588.0,2026-04-12T22:47:17.761Z,2026-05-12T22:47:16.779Z,41.69012451171875,1.463,,2.463,나쁨,중간수준 악화 (나쁨-2),2.463,,1.075,1.075,0.0,0.7307,0.0303,48,48,computed_co2_regression,3.0,19.66666603088379,history,24.6141357421875,2026-04-12 22:47:17.761000+00:00,34.83333206176758,2026-04-13 07:47:17.761000+09:00,0.0,0.13333331516810826,0.0,2.4625,0.830987548828125,2.4625,0.13333331516810826,0.830987548828125
588.3333129882812,2026-04-12T22:47:23.852Z,2026-05-12T22:47:22.772Z,42.17650604248047,1.487,,2.487,나쁨,중간수준 악화 (나쁨-2),2.487,,1.027,1.027,0.0,0.7164,0.0261,48,48,computed_co2_regression,3.0,19.66666603088379,history,24.61146545410156,2026-04-12 22:47:23.852000+00:00,34.75,2026-04-13 07:47:23.852000+09:00,0.0,0.13333331516810826,0.0,2.4865,0.7823493957519532,2.4865,0.13333331516810826,0.7823493957519532
588.6666870117188,2026-04-12T22:47:29.597Z,2026-05-12T22:47:28.654Z,41.86083221435547,1.513,,2.513,나쁨,중간수준 악화 (나쁨-2),2.513,,0.974,0.974,0.0,0.6991,0.0173,48,48,computed_co2_regression,3.0,19.66666603088379,history,24.60345458984375,2026-04-12 22:47:29.597000+00:00,34.66666793823242,2026-04-13 07:47:29.597000+09:00,0.0,0.13333331516810826,0.0,2.513,0.8139167785644531,2.513,0.13333331516810826,0.8139167785644531
589.0,2026-04-12T22:47:35.521Z,2026-05-12T22:47:34.594Z,41.13984680175781,1.544,,2.544,나쁨,중간수준 악화 (나쁨-2),2.544,,0.912,0.912,0.0,0.6792,0.0095,48,48,computed_co2_regression,3.0,19.83333396911621,history,24.606124877929688,2026-04-12 22:47:35.521000+00:00,34.58333206176758,2026-04-13 07:47:35.521000+09:00,0.0,0.13809525626046318,0.0,2.544,0.8860153198242188,2.544,0.13809525626046318,0.8860153198242188
589.0,2026-04-12T22:47:42.610Z,2026-05-12T22:47:41.614Z,41.00919342041016,1.578,,2.578,나쁨,중간수준 악화 (나쁨-2),2.578,,0.844,0.844,0.0,0.6595,0.0025,48,48,computed_co2_regression,3.0,19.66666603088379,history,24.599449157714844,2026-04-12 22:47:42.610000+00:00,34.5,2026-04-13 07:47:42.610000+09:00,0.0,0.13333331516810826,0.0,2.578,0.8990806579589836,2.578,0.13333331516810826,0.8990806579589836
589.0,2026-04-12T22:47:48.662Z,2026-05-12T22:47:47.729Z,41.050201416015625,1.615,,2.615,나쁨,중간수준 악화 (나쁨-2),2.615,,0.771,0.771,0.032,0.6422,0.0005,48,48,computed_co2_regression,3.0,19.33333396911621,history,24.59143829345703,2026-04-12 22:47:48.662000+00:00,34.41666793823242,2026-04-13 07:47:48.662000+09:00,0.0,0.12380954197474889,0.0,2.6145,0.8949798583984375,2.6145,0.12380954197474889,0.8949798583984375
589.0,2026-04-12T22:47:54.556Z,2026-05-12T22:47:53.627Z,41.10551452636719,1.651,,2.651,나쁨,중간수준 악화 (나쁨-2),2.651,,0.698,0.698,0.118,0.627,0.0065,48,48,computed_co2_regression,3.0,19.33333396911621,history,24.59143829345703,2026-04-12 22:47:54.556000+00:00,34.33333206176758,2026-04-13 07:47:54.556000+09:00,0.0,0.12380954197474889,0.0,2.651,0.8894485473632813,2.651,0.12380954197474889,0.8894485473632813
588.6666870117188,2026-04-12T22:48:01.191Z,2026-05-12T22:48:00.189Z,41.64625549316406,1.686,,2.686,나쁨,중간수준 악화 (나쁨-2),2.686,,0.628,0.628,0.207,0.6185,0.0207,48,48,computed_co2_regression,3.0,19.16666603088379,history,24.58209228515625,2026-04-12 22:48:01.191000+00:00,34.25,2026-04-13 07:48:01.191000+09:00,0.0,0.11904760088239397,0.0,2.686,0.8353744506835937,2.686,0.11904760088239397,0.8353744506835937
588.3333129882812,2026-04-12T22:48:06.953Z,2026-05-12T22:48:06.028Z,42.04680633544922,1.717,,2.717,나쁨,중간수준 악화 (나쁨-2),2.717,,0.566,0.566,0.283,0.6158,0.0397,48,48,computed_co2_regression,3.0,19.16666603088379,history,24.590103149414062,2026-04-12 22:48:06.953000+00:00,34.16666793823242,2026-04-13 07:48:06.953000+09:00,0.0,0.11904760088239397,0.0,2.717,0.7953193664550782,2.717,0.11904760088239397,0.7953193664550782
588.0,2026-04-12T22:48:13.746Z,2026-05-12T22:48:12.816Z,41.84081268310547,1.745,,2.745,나쁨,중간수준 악화 (나쁨-2),2.745,,0.511,0.511,0.335,0.6204,0.0557,48,48,computed_co2_regression,3.0,19.16666603088379,history,24.588768005371094,2026-04-12 22:48:13.746000+00:00,34.08333206176758,2026-04-13 07:48:13.746000+09:00,0.0,0.11904760088239397,0.0,2.7445,0.8159187316894532,2.7445,0.11904760088239397,0.8159187316894532
587.6666870117188,2026-04-12T22:48:21.042Z,2026-05-12T22:48:20.111Z,41.693946838378906,1.768,,2.768,나쁨,중간수준 악화 (나쁨-2),2.768,,0.464,0.464,0.386,0.6296,0.0738,48,48,computed_co2_regression,3.0,19.0,history,24.575416564941406,2026-04-12 22:48:21.042000+00:00,34.0,2026-04-13 07:48:21.042000+09:00,0.0,0.11428571428571428,0.0,2.768,0.8306053161621094,2.768,0.11428571428571428,0.8306053161621094
587.3333129882812,2026-04-12T22:48:27.084Z,2026-05-12T22:48:26.138Z,41.75879669189453,1.787,,2.787,나쁨,중간수준 악화 (나쁨-2),2.787,,0.427,0.427,0.411,0.6404,0.0831,48,48,computed_co2_regression,3.0,19.0,history,24.57007598876953,2026-04-12 22:48:27.084000+00:00,34.0,2026-04-13 07:48:27.084000+09:00,0.0,0.11428571428571428,0.0,2.7865,0.8241203308105469,2.7865,0.11428571428571428,0.8241203308105469
587.0,2026-04-12T22:48:33.024Z,2026-05-12T22:48:32.101Z,41.57568740844727,1.797,,2.797,나쁨,중간수준 악화 (나쁨-2),2.797,,0.406,0.406,0.41,0.6418,0.0826,48,48,computed_co2_regression,3.0,19.33333396911621,history,24.567405700683597,2026-04-12 22:48:33.024000+00:00,34.0,2026-04-13 07:48:33.024000+09:00,0.0,0.12380954197474889,0.0,2.797,0.8424312591552727,2.797,0.12380954197474889,0.8424312591552727
586.6666870117188,2026-04-12T22:48:39.172Z,2026-05-12T22:48:38.240Z,41.09503173828125,1.799,,2.799,나쁨,중간수준 악화 (나쁨-2),2.799,,0.402,0.402,0.396,0.6399,0.077,48,48,computed_co2_regression,3.0,19.66666603088379,history,24.56072998046875,2026-04-12 22:48:39.172000+00:00,34.0,2026-04-13 07:48:39.172000+09:00,0.0,0.13333331516810826,0.0,2.799,0.890496826171875,2.799,0.13333331516810826,0.890496826171875
586.0,2026-04-12T22:48:45.060Z,2026-05-12T22:48:44.133Z,40.9500732421875,1.794,,2.794,나쁨,중간수준 악화 (나쁨-2),2.794,,0.412,0.412,0.372,0.6457,0.0673,48,48,computed_co2_regression,3.0,19.83333396911621,history,24.54070281982422,2026-04-12 22:48:45.060000+00:00,34.0,2026-04-13 07:48:45.060000+09:00,0.0,0.13809525626046318,0.0,2.794,0.90499267578125,2.794,0.13809525626046318,0.90499267578125
585.3333129882812,2026-04-12T22:48:51.676Z,2026-05-12T22:48:50.697Z,41.0263671875,1.785,,2.785,나쁨,중간수준 악화 (나쁨-2),2.785,,0.431,0.431,0.35,0.6577,0.0589,48,48,computed_co2_regression,3.0,19.83333396911621,history,24.53402709960937,2026-04-12 22:48:51.676000+00:00,33.91666793823242,2026-04-13 07:48:51.676000+09:00,0.0,0.13809525626046318,0.0,2.7845,0.89736328125,2.7845,0.13809525626046318,0.89736328125
585.0,2026-04-12T22:48:57.609Z,2026-05-12T22:48:56.691Z,40.930999755859375,1.773,,2.773,나쁨,중간수준 악화 (나쁨-2),2.773,,0.454,0.454,0.292,0.6728,0.0401,48,48,computed_co2_regression,3.0,20.16666603088379,history,24.544708251953125,2026-04-12 22:48:57.609000+00:00,33.83333206176758,2026-04-13 07:48:57.609000+09:00,0.0,0.14761902945382255,0.0,2.773,0.9069000244140625,2.773,0.14761902945382255,0.9069000244140625
585.3333129882812,2026-04-12T22:49:04.520Z,2026-05-12T22:49:03.594Z,41.06832885742188,1.763,,2.763,나쁨,중간수준 악화 (나쁨-2),2.763,,0.474,0.474,0.199,0.6911,0.0178,48,48,computed_co2_regression,3.0,20.5,history,24.54070281982422,2026-04-12 22:49:04.520000+00:00,33.75,2026-04-13 07:49:04.520000+09:00,0.0,0.15714285714285714,0.0,2.763,0.8931671142578118,2.763,0.15714285714285714,0.8931671142578118
585.6666870117188,2026-04-12T22:49:10.765Z,2026-05-12T22:49:09.679Z,41.58904266357422,1.755,,2.755,나쁨,중간수준 악화 (나쁨-2),2.755,,0.491,0.491,0.095,0.7105,0.004,48,48,computed_co2_regression,3.0,20.33333396911621,history,24.54070281982422,2026-04-12 22:49:10.765000+00:00,33.66666793823242,2026-04-13 07:49:10.765000+09:00,0.0,0.15238097054617747,0.0,2.7545,0.8410957336425782,2.7545,0.15238097054617747,0.8410957336425782
586.0,2026-04-12T22:49:16.979Z,2026-05-12T22:49:15.995Z,41.90376281738281,1.747,,2.747,나쁨,중간수준 악화 (나쁨-2),2.747,,0.506,0.506,0.0,0.7303,0.0009,48,48,computed_co2_regression,3.0,20.5,history,24.552719116210938,2026-04-12 22:49:16.979000+00:00,33.58333206176758,2026-04-13 07:49:16.979000+09:00,0.0,0.15714285714285714,0.0,2.747,0.8096237182617188,2.747,0.15714285714285714,0.8096237182617188
586.0,2026-04-12T22:49:24.580Z,2026-05-12T22:49:23.508Z,42.055397033691406,1.739,,2.739,나쁨,중간수준 악화 (나쁨-2),2.739,,0.522,0.522,0.0,0.7529,0.0214,48,48,computed_co2_regression,3.0,20.66666603088379,history,24.547378540039062,2026-04-12 22:49:24.580000+00:00,33.5,2026-04-13 07:49:24.580000+09:00,0.0,0.16190474373953684,0.0,2.739,0.7944602966308594,2.739,0.16190474373953684,0.7944602966308594
586.0,2026-04-12T22:49:30.695Z,2026-05-12T22:49:29.758Z,41.902809143066406,1.732,,2.732,나쁨,중간수준 악화 (나쁨-2),2.732,,0.536,0.536,0.0,0.7731,0.0722,48,48,computed_co2_regression,3.0,20.83333396911621,history,24.544708251953125,2026-04-12 22:49:30.695000+00:00,33.41666793823242,2026-04-13 07:49:30.695000+09:00,0.0,0.16666668483189173,0.0,2.732,0.8097190856933594,2.732,0.16666668483189173,0.8097190856933594
586.3333129882812,2026-04-12T22:49:36.511Z,2026-05-12T22:49:35.583Z,41.811256408691406,1.728,,2.728,나쁨,중간수준 악화 (나쁨-2),2.728,,0.545,0.545,0.0,0.7877,0.1438,48,48,computed_co2_regression,3.0,20.5,history,24.536697387695312,2026-04-12 22:49:36.511000+00:00,33.33333206176758,2026-04-13 07:49:36.511000+09:00,0.0,0.15714285714285714,0.0,2.7275,0.8188743591308594,2.7275,0.15714285714285714,0.8188743591308594
587.0,2026-04-12T22:49:42.727Z,2026-05-12T22:49:41.638Z,41.734962463378906,1.725,,2.725,나쁨,중간수준 악화 (나쁨-2),2.725,,0.551,0.551,0.0,0.797,0.2369,48,48,computed_co2_regression,3.0,20.33333396911621,history,24.509994506835938,2026-04-12 22:49:42.727000+00:00,33.25,2026-04-13 07:49:42.727000+09:00,0.0,0.15238097054617747,0.0,2.7245,0.8265037536621094,2.7245,0.15238097054617747,0.8265037536621094
587.6666870117188,2026-04-12T22:49:48.545Z,2026-05-12T22:49:47.622Z,41.44408416748047,1.725,,2.726,나쁨,중간수준 악화 (나쁨-2),2.726,,0.549,0.549,0.0,0.7931,0.337,48,48,computed_co2_regression,3.0,20.16666603088379,history,24.513999938964844,2026-04-12 22:49:48.545000+00:00,33.16666793823242,2026-04-13 07:49:48.545000+09:00,0.0,0.14761902945382255,0.0,2.7255,0.8555915832519532,2.7255,0.14761902945382255,0.8555915832519532
588.0,2026-04-12T22:49:54.715Z,2026-05-12T22:49:53.631Z,41.34012985229492,1.728,,2.728,나쁨,중간수준 악화 (나쁨-2),2.728,,0.544,0.544,0.0,0.7808,0.427,48,48,computed_co2_regression,3.0,19.83333396911621,history,24.532691955566406,2026-04-12 22:49:54.715000+00:00,33.0,2026-04-13 07:49:54.715000+09:00,0.0,0.13809525626046318,0.0,2.7279999999999998,0.8659870147705078,2.7279999999999998,0.13809525626046318,0.8659870147705078
588.0,2026-04-12T22:50:00.697Z,2026-05-12T22:49:59.731Z,41.25334167480469,1.735,,2.735,나쁨,중간수준 악화 (나쁨-2),2.735,,0.531,0.531,0.0,0.7561,0.4495,48,48,computed_co2_regression,3.0,19.33333396911621,history,24.51934051513672,2026-04-12 22:50:00.697000+00:00,32.83333206176758,2026-04-13 07:50:00.697000+09:00,0.0,0.12380954197474889,0.0,2.7345,0.8746658325195312,2.7345,0.12380954197474889,0.8746658325195312
588.0,2026-04-12T22:50:06.973Z,2026-05-12T22:50:05.879Z,41.25334167480469,1.745,,2.745,나쁨,중간수준 악화 (나쁨-2),2.745,,0.511,0.511,0.0,0.7218,0.4335,48,48,computed_co2_regression,3.0,19.0,history,24.51934051513672,2026-04-12 22:50:06.973000+00:00,32.75,2026-04-13 07:50:06.973000+09:00,0.0,0.11428571428571428,0.0,2.7445,0.8746658325195312,2.7445,0.11428571428571428,0.8746658325195312
587.6666870117188,2026-04-12T22:50:13.571Z,2026-05-12T22:50:12.641Z,41.239036560058594,1.759,,2.759,나쁨,중간수준 악화 (나쁨-2),2.759,,0.483,0.483,0.0,0.6848,0.4199,48,48,computed_co2_regression,3.0,19.16666603088379,history,24.51800537109375,2026-04-12 22:50:13.571000+00:00,32.66666793823242,2026-04-13 07:50:13.571000+09:00,0.0,0.11904760088239397,0.0,2.7585,0.8760963439941406,2.7585,0.11904760088239397,0.8760963439941406
587.0,2026-04-12T22:50:19.754Z,2026-05-12T22:50:18.669Z,41.39162826538086,1.773,,2.773,나쁨,중간수준 악화 (나쁨-2),2.773,,0.454,0.454,0.0,0.6566,0.3709,48,48,computed_co2_regression,3.0,18.83333396911621,history,24.51800537109375,2026-04-12 22:50:19.754000+00:00,32.58333206176758,2026-04-13 07:50:19.754000+09:00,0.0,0.1095238276890346,0.0,2.773,0.860837173461914,2.773,0.1095238276890346,0.860837173461914
585.6666870117188,2026-04-12T22:50:26.876Z,2026-05-12T22:50:25.952Z,41.47078704833984,1.785,,2.785,나쁨,중간수준 악화 (나쁨-2),2.785,,0.43,0.43,0.0,0.6467,0.2961,48,48,computed_co2_regression,3.0,18.66666603088379,history,24.503318786621094,2026-04-12 22:50:26.876000+00:00,32.5,2026-04-13 07:50:26.876000+09:00,0.0,0.10476188659667969,0.0,2.785,0.8529212951660163,2.785,0.10476188659667969,0.8529212951660163
584.6666870117188,2026-04-12T22:50:32.793Z,2026-05-12T22:50:31.714Z,41.37064743041992,1.792,,2.792,나쁨,중간수준 악화 (나쁨-2),2.792,,0.416,0.416,0.0,0.6448,0.2186,48,48,computed_co2_regression,3.0,18.66666603088379,history,24.489967346191406,2026-04-12 22:50:32.793000+00:00,32.41666793823242,2026-04-13 07:50:32.793000+09:00,0.0,0.10476188659667969,0.0,2.792,0.8629352569580078,2.792,0.10476188659667969,0.8629352569580078
584.0,2026-04-12T22:50:38.577Z,2026-05-12T22:50:37.635Z,41.21424102783203,1.797,,2.797,나쁨,중간수준 악화 (나쁨-2),2.797,,0.407,0.407,0.0,0.6452,0.1669,48,48,computed_co2_regression,3.0,18.83333396911621,history,24.48462677001953,2026-04-12 22:50:38.577000+00:00,32.33333206176758,2026-04-13 07:50:38.577000+09:00,0.0,0.1095238276890346,0.0,2.7965,0.8785758972167969,2.7965,0.1095238276890346,0.8785758972167969
584.3333129882812,2026-04-12T22:50:44.686Z,2026-05-12T22:50:43.702Z,41.20756530761719,1.803,,2.803,나쁨,중간수준 악화 (나쁨-2),2.803,,0.394,0.394,0.0,0.644,0.1292,48,48,computed_co2_regression,3.0,19.0,history,24.48729705810547,2026-04-12 22:50:44.686000+00:00,32.25,2026-04-13 07:50:44.686000+09:00,0.0,0.11428571428571428,0.0,2.803,0.8792434692382812,2.803,0.11428571428571428,0.8792434692382812
584.3333129882812,2026-04-12T22:50:50.736Z,2026-05-12T22:50:49.800Z,41.31151580810547,1.811,,2.811,나쁨,중간수준 악화 (나쁨-2),2.811,,0.379,0.379,0.0,0.6444,0.0913,48,48,computed_co2_regression,3.0,19.0,history,24.480621337890625,2026-04-12 22:50:50.736000+00:00,32.16666793823242,2026-04-13 07:50:50.736000+09:00,0.0,0.11428571428571428,0.0,2.8105,0.8688484191894531,2.8105,0.11428571428571428,0.8688484191894531
584.0,2026-04-12T22:50:56.577Z,2026-05-12T22:50:55.637Z,41.31533050537109,1.817,,2.817,나쁨,중간수준 악화 (나쁨-2),2.817,,0.366,0.366,0.0,0.6461,0.061,48,48,computed_co2_regression,3.0,19.5,history,24.492637634277344,2026-04-12 22:50:56.577000+00:00,32.08333206176758,2026-04-13 07:50:56.577000+09:00,0.0,0.12857142857142856,0.0,2.817,0.8684669494628914,2.817,0.12857142857142856,0.8684669494628914
583.0,2026-04-12T22:51:03.677Z,2026-05-12T22:51:02.599Z,41.33917236328125,1.818,,2.818,나쁨,중간수준 악화 (나쁨-2),2.818,,0.364,0.364,0.0,0.6456,0.0408,48,48,computed_co2_regression,3.0,19.83333396911621,history,24.501983642578125,2026-04-12 22:51:03.677000+00:00,32.0,2026-04-13 07:51:03.677000+09:00,0.0,0.13809525626046318,0.0,2.818,0.866082763671875,2.818,0.13809525626046318,0.866082763671875
582.0,2026-04-12T22:51:09.712Z,2026-05-12T22:51:08.677Z,41.47840881347656,1.812,,2.812,나쁨,중간수준 악화 (나쁨-2),2.812,,0.377,0.377,0.0,0.6395,0.028,48,48,computed_co2_regression,3.0,20.16666603088379,history,24.4859619140625,2026-04-12 22:51:09.712000+00:00,31.91666603088379,2026-04-13 07:51:09.712000+09:00,0.0,0.14761902945382255,0.0,2.8115,0.8521591186523437,2.8115,0.14761902945382255,0.8521591186523437
581.3333129882812,2026-04-12T22:51:16.280Z,2026-05-12T22:51:15.360Z,41.63957977294922,1.802,,2.802,나쁨,중간수준 악화 (나쁨-2),2.802,,0.396,0.396,0.0,0.6331,0.0206,48,48,computed_co2_regression,3.0,20.5,history,24.489967346191406,2026-04-12 22:51:16.280000+00:00,31.75,2026-04-13 07:51:16.280000+09:00,0.0,0.15714285714285714,0.0,2.802,0.8360420227050781,2.802,0.15714285714285714,0.8360420227050781
581.0,2026-04-12T22:51:22.148Z,2026-05-12T22:51:21.213Z,42.22514724731445,1.789,,2.789,나쁨,중간수준 악화 (나쁨-2),2.789,,0.422,0.422,0.0,0.649,0.0351,49,49,computed_co2_regression,3.0,20.5,history,24.503318786621094,2026-04-12 22:51:22.148000+00:00,31.66666603088379,2026-04-13 07:51:22.148000+09:00,0.0,0.15714285714285714,0.0,2.789,0.7774852752685547,2.789,0.15714285714285714,0.7774852752685547
581.6666870117188,2026-04-12T22:51:29.570Z,2026-05-12T22:51:28.471Z,42.65049362182617,1.785,,2.785,나쁨,중간수준 악화 (나쁨-2),2.785,,0.431,0.431,0.0,0.635,0.0074,48,48,computed_co2_regression,3.0,20.33333396911621,history,24.48863220214844,2026-04-12 22:51:29.570000+00:00,31.58333396911621,2026-04-13 07:51:29.570000+09:00,0.0,0.15238097054617747,0.0,2.7845,0.7349506378173828,2.7845,0.15238097054617747,0.7349506378173828
583.3333129882812,2026-04-12T22:51:35.478Z,2026-05-12T22:51:34.553Z,42.37010955810547,1.783,,2.783,나쁨,중간수준 악화 (나쁨-2),2.783,,0.434,0.434,0.0,0.638,0.0057,48,48,computed_co2_regression,3.0,20.0,history,24.461929321289062,2026-04-12 22:51:35.478000+00:00,31.5,2026-04-13 07:51:35.478000+09:00,0.0,0.14285714285714285,0.0,2.783,0.7629890441894531,2.783,0.14285714285714285,0.7629890441894531
586.0,2026-04-12T22:51:41.763Z,2026-05-12T22:51:40.685Z,42.10212326049805,1.792,,2.792,나쁨,중간수준 악화 (나쁨-2),2.792,,0.416,0.416,0.0,0.6017,0.0089,48,48,computed_co2_regression,3.0,20.16666603088379,history,24.459259033203125,2026-04-12 22:51:41.763000+00:00,31.41666603088379,2026-04-13 07:51:41.763000+09:00,0.0,0.14761902945382255,0.0,2.792,0.7897876739501953,2.792,0.14761902945382255,0.7897876739501953
588.3333129882812,2026-04-12T22:51:47.582Z,2026-05-12T22:51:46.637Z,42.05443954467773,1.81,,2.81,나쁨,중간수준 악화 (나쁨-2),2.81,,0.381,0.381,0.0,0.5035,0.0148,48,48,computed_co2_regression,3.0,20.16666603088379,history,24.459259033203125,2026-04-12 22:51:47.582000+00:00,31.33333396911621,2026-04-13 07:51:47.582000+09:00,0.0,0.14761902945382255,0.0,2.8095,0.7945560455322273,2.8095,0.14761902945382255,0.7945560455322273
590.3333129882812,2026-04-12T22:51:53.683Z,2026-05-12T22:51:52.704Z,42.2528076171875,1.833,,2.833,나쁨,중간수준 악화 (나쁨-2),2.833,,0.335,0.335,0.0,0.3655,0.0245,48,48,computed_co2_regression,3.0,20.33333396911621,history,24.469940185546875,2026-04-12 22:51:53.683000+00:00,31.25,2026-04-13 07:51:53.683000+09:00,0.0,0.15238097054617747,0.0,2.8325,0.77471923828125,2.8325,0.15238097054617747,0.77471923828125
591.3333129882812,2026-04-12T22:51:59.881Z,2026-05-12T22:51:58.803Z,42.567527770996094,1.86,,2.86,나쁨,중간수준 악화 (나쁨-2),2.86,,0.281,0.281,0.0,0.2351,0.042,48,48,computed_co2_regression,3.0,20.66666603088379,history,24.47394561767578,2026-04-12 22:51:59.881000+00:00,31.16666603088379,2026-04-13 07:51:59.881000+09:00,0.0,0.16190474373953684,0.0,2.8595,0.7432472229003906,2.8595,0.16190474373953684,0.7432472229003906
592.3333129882812,2026-04-12T22:52:06.351Z,2026-05-12T22:52:05.423Z,42.75827026367188,1.89,,2.891,나쁨,중간수준 악화 (나쁨-2),2.891,,0.219,0.219,0.0,0.1278,0.0775,48,48,computed_co2_regression,3.0,21.16666603088379,history,24.45792388916016,2026-04-12 22:52:06.351000+00:00,31.08333396911621,2026-04-13 07:52:06.351000+09:00,0.0,0.17619045802525113,0.0,2.8905,0.7241729736328117,2.8905,0.17619045802525113,0.7241729736328117
593.0,2026-04-12T22:52:13.155Z,2026-05-12T22:52:12.210Z,42.64763641357422,1.925,,2.925,나쁨,중간수준 악화 (나쁨-2),2.925,,0.15,0.15,0.0,0.0533,0.1213,48,48,computed_co2_regression,3.0,21.33333396911621,history,24.45258331298828,2026-04-12 22:52:13.155000+00:00,31.0,2026-04-13 07:52:13.155000+09:00,0.0,0.18095239911760602,0.0,2.925,0.7352363586425781,2.925,0.18095239911760602,0.7352363586425781
593.6666870117188,2026-04-12T22:52:19.705Z,2026-05-12T22:52:18.717Z,42.582786560058594,1.961,,2.961,나쁨,중간수준 악화 (나쁨-2),2.961,,0.078,0.078,0.0,0.0125,0.1608,48,48,computed_co2_regression,3.0,21.33333396911621,history,24.456588745117188,2026-04-12 22:52:19.705000+00:00,30.91666603088379,2026-04-13 07:52:19.705000+09:00,0.0,0.18095239911760602,0.0,2.961,0.7417213439941406,2.961,0.18095239911760602,0.7417213439941406
594.3333129882812,2026-04-12T22:52:25.424Z,2026-05-12T22:52:24.498Z,42.97665786743164,2.0,,3.0,나쁨,심각한 악화 (나쁨-3),3.0,,0.0,0.0,0.0,0.0,0.2031,48,48,computed_co2_regression,3.0,21.5,history,24.44857788085937,2026-04-12 22:52:25.424000+00:00,30.83333396911621,2026-04-13 07:52:25.424000+09:00,0.0,0.18571428571428572,0.0,3.0,0.702334213256836,3.0,0.18571428571428572,0.702334213256836
594.6666870117188,2026-04-12T22:52:32.935Z,2026-05-12T22:52:31.983Z,42.94518661499024,2.0,,3.0,나쁨,심각한 악화 (나쁨-3),3.0,,0.0,0.0,0.0,0.0116,0.2419,48,48,computed_co2_regression,3.0,21.33333396911621,history,24.43389129638672,2026-04-12 22:52:32.935000+00:00,30.75,2026-04-13 07:52:32.935000+09:00,0.0,0.18095239911760602,0.0,3.0,0.7054813385009758,3.0,0.18095239911760602,0.7054813385009758
595.0,2026-04-12T22:52:38.691Z,2026-05-12T22:52:37.705Z,42.89750671386719,2.0,,3.0,나쁨,심각한 악화 (나쁨-3),3.0,,0.0,0.0,0.0,0.0426,0.2835,48,48,computed_co2_regression,3.0,21.16666603088379,history,24.428550720214844,2026-04-12 22:52:38.691000+00:00,30.66666603088379,2026-04-13 07:52:38.691000+09:00,0.0,0.17619045802525113,0.0,3.0,0.7102493286132813,3.0,0.17619045802525113,0.7102493286132813
595.0,2026-04-12T22:52:44.628Z,2026-05-12T22:52:43.685Z,43.16930770874024,2.0,,3.0,나쁨,심각한 악화 (나쁨-3),3.0,,0.0,0.0,0.0,0.0861,0.3162,48,48,computed_co2_regression,3.0,21.16666603088379,history,24.41519927978516,2026-04-12 22:52:44.628000+00:00,30.58333396911621,2026-04-13 07:52:44.628000+09:00,0.0,0.17619045802525113,0.0,3.0,0.6830692291259759,3.0,0.17619045802525113,0.6830692291259759
594.6666870117188,2026-04-12T22:52:50.758Z,2026-05-12T22:52:49.805Z,43.12448120117188,2.0,,3.0,나쁨,심각한 악화 (나쁨-3),3.0,,0.0,0.0,0.0,0.1365,0.3367,48,48,computed_co2_regression,3.0,21.33333396911621,history,24.436561584472656,2026-04-12 22:52:50.758000+00:00,30.5,2026-04-13 07:52:50.758000+09:00,0.0,0.18095239911760602,0.0,3.0,0.6875518798828117,3.0,0.18095239911760602,0.6875518798828117
594.6666870117188,2026-04-12T22:52:56.691Z,2026-05-12T22:52:55.770Z,43.15118408203125,2.0,,3.0,나쁨,심각한 악화 (나쁨-3),3.0,,0.0,0.0,0.0,0.1926,0.3548,48,48,computed_co2_regression,3.0,21.33333396911621,history,24.467269897460938,2026-04-12 22:52:56.691000+00:00,30.41666603088379,2026-04-13 07:52:56.691000+09:00,0.0,0.18095239911760602,0.0,3.0,0.684881591796875,3.0,0.18095239911760602,0.684881591796875
594.6666870117188,2026-04-12T22:53:03.684Z,2026-05-12T22:53:02.595Z,42.98619842529297,2.0,,3.0,나쁨,심각한 악화 (나쁨-3),3.0,,0.0,0.0,0.0,0.2491,0.3557,48,48,computed_co2_regression,3.0,21.0,history,24.45792388916016,2026-04-12 22:53:03.684000+00:00,30.33333396911621,2026-04-13 07:53:03.684000+09:00,0.0,0.17142857142857143,0.0,3.0,0.7013801574707031,3.0,0.17142857142857143,0.7013801574707031
595.0,2026-04-12T22:53:09.614Z,2026-05-12T22:53:08.674Z,43.07775115966797,2.0,,3.0,나쁨,심각한 악화 (나쁨-3),3.0,,0.0,0.0,0.0,0.3053,0.3487,48,48,computed_co2_regression,3.0,20.83333396911621,history,24.45391845703125,2026-04-12 22:53:09.614000+00:00,30.16666603088379,2026-04-13 07:53:09.614000+09:00,0.0,0.16666668483189173,0.0,3.0,0.6922248840332031,3.0,0.16666668483189173,0.6922248840332031
595.0,2026-04-12T22:53:16.434Z,2026-05-12T22:53:15.350Z,43.315216064453125,2.0,,3.0,나쁨,심각한 악화 (나쁨-3),3.0,,0.0,0.0,0.0,0.3582,0.3334,48,48,computed_co2_regression,3.0,20.66666603088379,history,24.45391845703125,2026-04-12 22:53:16.434000+00:00,29.83333396911621,2026-04-13 07:53:16.434000+09:00,0.0,0.16190474373953684,0.0,3.0,0.6684783935546875,3.0,0.16190474373953684,0.6684783935546875
595.0,2026-04-12T22:53:22.672Z,2026-05-12T22:53:21.511Z,43.18074798583984,2.0,,3.0,나쁨,심각한 악화 (나쁨-3),3.0,,0.0,0.0,0.0,0.4065,0.2975,48,48,computed_co2_regression,3.0,20.33333396911621,history,24.436561584472656,2026-04-12 22:53:22.672000+00:00,29.66666603088379,2026-04-13 07:53:22.672000+09:00,0.0,0.15238097054617747,0.0,3.0,0.6819252014160163,3.0,0.15238097054617747,0.6819252014160163
595.0,2026-04-12T22:53:28.548Z,2026-05-12T22:53:27.616Z,43.083473205566406,2.0,,3.0,나쁨,심각한 악화 (나쁨-3),3.0,,0.0,0.0,0.0,0.4499,0.2456,48,48,computed_co2_regression,3.0,20.0,history,24.43122100830078,2026-04-12 22:53:28.548000+00:00,29.58333396911621,2026-04-13 07:53:28.548000+09:00,0.0,0.14285714285714285,0.0,3.0,0.6916526794433594,3.0,0.14285714285714285,0.6916526794433594
595.0,2026-04-12T22:53:35.947Z,2026-05-12T22:53:34.875Z,43.07393646240234,2.0,,3.0,나쁨,심각한 악화 (나쁨-3),3.0,,0.0,0.0,0.0,0.4883,0.2046,48,48,computed_co2_regression,3.0,20.0,history,24.427215576171875,2026-04-12 22:53:35.947000+00:00,29.5,2026-04-13 07:53:35.947000+09:00,0.0,0.14285714285714285,0.0,3.0,0.6926063537597663,3.0,0.14285714285714285,0.6926063537597663
595.0,2026-04-12T22:53:41.578Z,2026-05-12T22:53:40.643Z,42.775428771972656,2.0,,3.0,나쁨,심각한 악화 (나쁨-3),3.0,,0.0,0.0,0.0,0.5213,0.1762,48,48,computed_co2_regression,3.0,20.0,history,24.43255615234375,2026-04-12 22:53:41.578000+00:00,29.41666603088379,2026-04-13 07:53:41.578000+09:00,0.0,0.14285714285714285,0.0,3.0,0.7224571228027343,3.0,0.14285714285714285,0.7224571228027343
595.0,2026-04-12T22:53:47.589Z,2026-05-12T22:53:46.622Z,42.81548309326172,2.0,,3.0,나쁨,심각한 악화 (나쁨-3),3.0,,0.0,0.0,0.0,0.5459,0.1548,48,48,computed_co2_regression,3.0,20.0,history,24.45391845703125,2026-04-12 22:53:47.589000+00:00,29.33333396911621,2026-04-13 07:53:47.589000+09:00,0.0,0.14285714285714285,0.0,3.0,0.7184516906738281,3.0,0.14285714285714285,0.7184516906738281
595.0,2026-04-12T22:53:53.594Z,2026-05-12T22:53:52.654Z,43.07297897338867,2.0,,3.0,나쁨,심각한 악화 (나쁨-3),3.0,,0.0,0.0,0.0,0.5624,0.1286,48,48,computed_co2_regression,3.0,19.83333396911621,history,24.44857788085937,2026-04-12 22:53:53.594000+00:00,29.25,2026-04-13 07:53:53.594000+09:00,0.0,0.13809525626046318,0.0,3.0,0.6927021026611329,3.0,0.13809525626046318,0.6927021026611329
595.0,2026-04-12T22:53:59.824Z,2026-05-12T22:53:58.752Z,42.96807098388672,2.0,,3.0,나쁨,심각한 악화 (나쁨-3),3.0,,0.0,0.0,0.0,0.5739,0.1091,48,48,computed_co2_regression,3.0,19.66666603088379,history,24.416534423828125,2026-04-12 22:53:59.824000+00:00,29.16666603088379,2026-04-13 07:53:59.824000+09:00,0.0,0.13333331516810826,0.0,3.0,0.7031929016113281,3.0,0.13333331516810826,0.7031929016113281
595.0,2026-04-12T22:54:06.335Z,2026-05-12T22:54:05.410Z,43.072975158691406,2.0,,3.0,나쁨,심각한 악화 (나쁨-3),3.0,,0.0,0.0,0.0,0.5851,0.1072,48,48,computed_co2_regression,3.0,19.83333396911621,history,24.40184783935547,2026-04-12 22:54:06.335000+00:00,29.08333396911621,2026-04-13 07:54:06.335000+09:00,0.0,0.13809525626046318,0.0,3.0,0.6927024841308593,3.0,0.13809525626046318,0.6927024841308593
595.0,2026-04-12T22:54:13.145Z,2026-05-12T22:54:12.197Z,42.90702819824219,2.0,,3.0,나쁨,심각한 악화 (나쁨-3),3.0,,0.0,0.0,0.0,0.5963,0.0957,48,48,computed_co2_regression,3.0,19.66666603088379,history,24.417869567871094,2026-04-12 22:54:13.145000+00:00,29.0,2026-04-13 07:54:13.145000+09:00,0.0,0.13333331516810826,0.0,3.0,0.7092971801757812,3.0,0.13333331516810826,0.7092971801757812
595.3333129882812,2026-04-12T22:54:19.698Z,2026-05-12T22:54:18.737Z,42.34626007080078,2.0,,3.0,나쁨,심각한 악화 (나쁨-3),3.0,,0.0,0.0,0.0,0.6093,0.0955,48,48,computed_co2_regression,3.0,19.83333396911621,history,24.42321014404297,2026-04-12 22:54:19.698000+00:00,29.0,2026-04-13 07:54:19.698000+09:00,0.0,0.13809525626046318,0.0,3.0,0.7653739929199219,3.0,0.13809525626046318,0.7653739929199219
596.0,2026-04-12T22:54:25.528Z,2026-05-12T22:54:24.582Z,42.25947189331055,2.0,,3.0,나쁨,심각한 악화 (나쁨-3),3.0,,0.0,0.0,0.0,0.6229,0.1063,48,48,computed_co2_regression,3.0,20.0,history,24.421875,2026-04-12 22:54:25.528000+00:00,29.0,2026-04-13 07:54:25.528000+09:00,0.0,0.14285714285714285,0.0,3.0,0.7740528106689453,3.0,0.14285714285714285,0.7740528106689453
596.6666870117188,2026-04-12T22:54:31.787Z,2026-05-12T22:54:30.678Z,42.64380645751953,2.0,,3.0,나쁨,심각한 악화 (나쁨-3),3.0,,0.0,0.0,0.0,0.6359,0.1051,49,49,computed_co2_regression,3.0,20.33333396911621,history,24.421875,2026-04-12 22:54:31.787000+00:00,29.0,2026-04-13 07:54:31.787000+09:00,0.0,0.15238097054617747,0.0,3.0,0.7356193542480469,3.0,0.15238097054617747,0.7356193542480469
597.0,2026-04-12T22:54:38.775Z,2026-05-12T22:54:37.861Z,42.52650451660156,2.0,,3.0,나쁨,심각한 악화 (나쁨-3),3.0,,0.0,0.0,0.0,0.6525,0.1664,48,48,computed_co2_regression,3.0,20.66666603088379,history,24.417869567871094,2026-04-12 22:54:38.775000+00:00,29.0,2026-04-13 07:54:38.775000+09:00,0.0,0.16190474373953684,0.0,3.0,0.7473495483398438,3.0,0.16190474373953684,0.7473495483398438
597.0,2026-04-12T22:54:44.654Z,2026-05-12T22:54:43.580Z,41.96955108642578,2.0,,3.0,나쁨,심각한 악화 (나쁨-3),3.0,,0.0,0.0,0.0,0.6706,0.1975,48,48,computed_co2_regression,3.0,20.83333396911621,history,24.42053985595703,2026-04-12 22:54:44.654000+00:00,29.0,2026-04-13 07:54:44.654000+09:00,0.0,0.16666668483189173,0.0,3.0,0.8030448913574219,3.0,0.16666668483189173,0.8030448913574219
597.0,2026-04-12T22:54:50.662Z,2026-05-12T22:54:49.737Z,41.76069641113281,2.0,,3.0,나쁨,심각한 악화 (나쁨-3),3.0,,0.0,0.0,0.0,0.6917,0.2227,48,48,computed_co2_regression,3.0,20.83333396911621,history,24.43122100830078,2026-04-12 22:54:50.662000+00:00,29.0,2026-04-13 07:54:50.662000+09:00,0.0,0.16666668483189173,0.0,3.0,0.8239303588867187,3.0,0.16666668483189173,0.8239303588867187
597.0,2026-04-12T22:54:56.698Z,2026-05-12T22:54:55.615Z,42.02677154541016,2.0,,3.0,나쁨,심각한 악화 (나쁨-3),3.0,,0.0,0.0,0.0,0.7132,0.2338,48,48,computed_co2_regression,3.0,20.83333396911621,history,24.43122100830078,2026-04-12 22:54:56.698000+00:00,29.0,2026-04-13 07:54:56.698000+09:00,0.0,0.16666668483189173,0.0,3.0,0.7973228454589837,3.0,0.16666668483189173,0.7973228454589837
597.3333129882812,2026-04-12T22:55:03.491Z,2026-05-12T22:55:02.554Z,42.202247619628906,2.0,,3.0,나쁨,심각한 악화 (나쁨-3),3.0,,0.0,0.0,0.0,0.7338,0.22,48,48,computed_co2_regression,3.0,20.66666603088379,history,24.419204711914062,2026-04-12 22:55:03.491000+00:00,29.0,2026-04-13 07:55:03.491000+09:00,0.0,0.16190474373953684,0.0,3.0,0.7797752380371094,3.0,0.16190474373953684,0.7797752380371094
597.6666870117188,2026-04-12T22:55:09.555Z,2026-05-12T22:55:08.633Z,42.16791534423828,2.0,,3.0,나쁨,심각한 악화 (나쁨-3),3.0,,0.0,0.0,0.0,0.7535,0.1893,48,48,computed_co2_regression,3.0,20.5,history,24.42053985595703,2026-04-12 22:55:09.555000+00:00,29.0,2026-04-13 07:55:09.555000+09:00,0.0,0.15714285714285714,0.0,3.0,0.7832084655761719,3.0,0.15714285714285714,0.7832084655761719
598.3333129882812,2026-04-12T22:55:16.299Z,2026-05-12T22:55:15.336Z,42.19366455078125,2.0,,3.0,나쁨,심각한 악화 (나쁨-3),3.0,,0.0,0.0,0.0,0.7707,0.1622,48,48,computed_co2_regression,3.0,20.5,history,24.413864135742188,2026-04-12 22:55:16.299000+00:00,29.0,2026-04-13 07:55:16.299000+09:00,0.0,0.15714285714285714,0.0,3.0,0.780633544921875,3.0,0.15714285714285714,0.780633544921875
598.6666870117188,2026-04-12T22:55:22.163Z,2026-05-12T22:55:21.232Z,42.276634216308594,2.0,,3.0,나쁨,심각한 악화 (나쁨-3),3.0,,0.0,0.0,0.0,0.7821,0.1266,48,48,computed_co2_regression,3.0,20.5,history,24.41119384765625,2026-04-12 22:55:22.163000+00:00,28.91666603088379,2026-04-13 07:55:22.163000+09:00,0.0,0.15714285714285714,0.0,3.0,0.7723365783691406,3.0,0.15714285714285714,0.7723365783691406
599.3333129882812,2026-04-12T22:55:28.161Z,2026-05-12T22:55:27.233Z,42.26042175292969,2.0,,3.0,나쁨,심각한 악화 (나쁨-3),3.0,,0.0,0.0,0.0,0.7856,0.0883,48,48,computed_co2_regression,3.0,20.5,history,24.43122100830078,2026-04-12 22:55:28.161000+00:00,28.83333396911621,2026-04-13 07:55:28.161000+09:00,0.0,0.15714285714285714,0.0,3.0,0.7739578247070312,3.0,0.15714285714285714,0.7739578247070312
600.0,2026-04-12T22:55:34.177Z,2026-05-12T22:55:33.240Z,42.19747924804688,2.0,,3.0,나쁨,심각한 악화 (나쁨-3),3.0,,0.0,0.0,0.0,0.7851,0.0438,48,48,computed_co2_regression,3.0,20.16666603088379,history,24.425880432128903,2026-04-12 22:55:34.177000+00:00,28.75,2026-04-13 07:55:34.177000+09:00,0.0,0.14761902945382255,0.0,3.0,0.7802520751953118,3.0,0.14761902945382255,0.7802520751953118
602.3333129882812,2026-04-12T22:55:41.499Z,2026-05-12T22:55:40.546Z,42.22036743164063,2.0,,3.0,나쁨,심각한 악화 (나쁨-3),3.0,,0.0,0.0,0.0,0.7862,0.0128,48,48,computed_co2_regression,3.0,20.16666603088379,history,24.40318298339844,2026-04-12 22:55:41.499000+00:00,28.66666603088379,2026-04-13 07:55:41.499000+09:00,0.005833282470703125,0.14761902945382255,0.0,3.0,0.7779632568359368,3.0,0.14761902945382255,0.7779632568359368
605.3333129882812,2026-04-12T22:55:47.544Z,2026-05-12T22:55:46.608Z,42.23467254638672,2.0,,3.0,나쁨,심각한 악화 (나쁨-3),3.0,,0.0,0.0,0.0,0.7882,0.0001,48,48,computed_co2_regression,3.0,20.16666603088379,history,24.413864135742188,2026-04-12 22:55:47.544000+00:00,28.58333396911621,2026-04-13 07:55:47.544000+09:00,0.013333282470703124,0.14761902945382255,0.0,3.0,0.7765327453613281,3.0,0.14761902945382255,0.7765327453613281
608.3333129882812,2026-04-12T22:55:55.162Z,2026-05-12T22:55:54.216Z,42.215599060058594,2.0,,3.0,나쁨,심각한 악화 (나쁨-3),3.0,,0.0,0.0,0.131,0.7867,0.0155,48,48,computed_co2_regression,3.0,20.0,history,24.427215576171875,2026-04-12 22:55:55.162000+00:00,28.5,2026-04-13 07:55:55.162000+09:00,0.020833282470703124,0.14285714285714285,0.0,3.0,0.7784400939941406,3.0,0.14285714285714285,0.7784400939941406
610.3333129882812,2026-04-12T22:56:01.227Z,2026-05-12T22:56:00.308Z,42.12023162841797,2.0,,3.0,나쁨,심각한 악화 (나쁨-3),3.0,,0.0,0.0,0.249,0.7822,0.0585,48,48,computed_co2_regression,3.0,19.83333396911621,history,24.416534423828125,2026-04-12 22:56:01.227000+00:00,28.41666603088379,2026-04-13 07:56:01.227000+09:00,0.025833282470703125,0.13809525626046318,0.0,3.0,0.7879768371582031,3.0,0.13809525626046318,0.7879768371582031
612.0,2026-04-12T22:56:07.202Z,2026-05-12T22:56:06.204Z,42.033447265625,2.0,,3.0,나쁨,심각한 악화 (나쁨-3),3.0,,0.0,0.0,0.318,0.7755,0.0977,48,48,computed_co2_regression,3.0,20.16666603088379,history,24.408523559570312,2026-04-12 22:56:07.202000+00:00,28.33333396911621,2026-04-13 07:56:07.202000+09:00,0.03,0.14761902945382255,0.0,3.0,0.7966552734375,3.0,0.14761902945382255,0.7966552734375
613.3333129882812,2026-04-12T22:56:14.160Z,2026-05-12T22:56:13.093Z,42.00769805908203,2.0,,3.0,나쁨,심각한 악화 (나쁨-3),3.0,,0.0,0.0,0.326,0.7691,0.1036,48,48,computed_co2_regression,3.0,20.66666603088379,history,24.40184783935547,2026-04-12 22:56:14.160000+00:00,28.25,2026-04-13 07:56:14.160000+09:00,0.03333328247070313,0.16190474373953684,0.0,3.0,0.7992301940917969,3.0,0.16190474373953684,0.7992301940917969
614.0,2026-04-12T22:56:20.693Z,2026-05-12T22:56:19.769Z,42.200340270996094,2.0,,3.0,나쁨,심각한 악화 (나쁨-3),3.0,,0.0,0.0,0.288,0.7653,0.079,48,48,computed_co2_regression,3.0,21.0,history,24.404518127441406,2026-04-12 22:56:20.693000+00:00,28.16666603088379,2026-04-13 07:56:20.693000+09:00,0.035,0.17142857142857143,0.0,3.0,0.7799659729003906,3.0,0.17142857142857143,0.7799659729003906
614.3333129882812,2026-04-12T22:56:26.477Z,2026-05-12T22:56:25.549Z,42.39393615722656,2.0,,3.0,나쁨,심각한 악화 (나쁨-3),3.0,,0.0,0.0,0.217,0.7639,0.0418,48,48,computed_co2_regression,3.0,21.5,history,24.407188415527344,2026-04-12 22:56:26.477000+00:00,28.08333396911621,2026-04-13 07:56:26.477000+09:00,0.03583328247070312,0.18571428571428572,0.0,3.0,0.7606063842773437,3.0,0.18571428571428572,0.7606063842773437
615.6666870117188,2026-04-12T22:56:32.491Z,2026-05-12T22:56:31.563Z,42.276634216308594,2.0,,3.0,나쁨,심각한 악화 (나쁨-3),3.0,,0.0,0.0,0.15,0.7615,0.0184,48,48,computed_co2_regression,3.0,21.66666603088379,history,24.408523559570312,2026-04-12 22:56:32.491000+00:00,28.0,2026-04-13 07:56:32.491000+09:00,0.039166717529296874,0.1904761723109654,0.0,3.0,0.7723365783691406,3.0,0.1904761723109654,0.7723365783691406
618.6666870117188,2026-04-12T22:56:38.525Z,2026-05-12T22:56:37.583Z,42.09638977050781,2.0,,3.0,나쁨,심각한 악화 (나쁨-3),3.0,,0.0,0.0,0.124,0.7524,0.012,48,48,computed_co2_regression,3.0,21.5,history,24.41119384765625,2026-04-12 22:56:38.525000+00:00,28.0,2026-04-13 07:56:38.525000+09:00,0.046666717529296874,0.18571428571428572,0.0,3.0,0.7903610229492187,3.0,0.18571428571428572,0.7903610229492187
622.3333129882812,2026-04-12T22:56:45.902Z,2026-05-12T22:56:44.957Z,42.085899353027344,2.0,,3.0,나쁨,심각한 악화 (나쁨-3),3.0,,0.0,0.0,0.134,0.7391,0.0143,48,48,computed_co2_regression,3.0,20.83333396911621,history,24.40985870361328,2026-04-12 22:56:45.902000+00:00,28.0,2026-04-13 07:56:45.902000+09:00,0.05583328247070313,0.16666668483189173,0.0,3.0,0.7914100646972656,3.0,0.16666668483189173,0.7914100646972656
626.0,2026-04-12T22:56:51.708Z,2026-05-12T22:56:50.770Z,42.13072204589844,2.0,,3.0,나쁨,심각한 악화 (나쁨-3),3.0,,0.0,0.0,0.206,0.7274,0.0334,48,48,computed_co2_regression,3.0,20.0,history,24.43122100830078,2026-04-12 22:56:51.708000+00:00,28.0,2026-04-13 07:56:51.708000+09:00,0.065,0.14285714285714285,0.0,3.0,0.7869277954101562,3.0,0.14285714285714285,0.7869277954101562
628.3333129882812,2026-04-12T22:56:58.927Z,2026-05-12T22:56:58.007Z,42.04584503173828,2.0,,3.0,나쁨,심각한 악화 (나쁨-3),3.0,,0.0,0.0,0.315,0.7256,0.0709,48,48,computed_co2_regression,3.0,19.33333396911621,history,24.41252899169922,2026-04-12 22:56:58.927000+00:00,28.0,2026-04-13 07:56:58.927000+09:00,0.07083328247070313,0.12380954197474889,0.0,3.0,0.7954154968261719,3.0,0.12380954197474889,0.7954154968261719
630.0,2026-04-12T22:57:05.304Z,2026-05-12T22:57:04.366Z,41.9876708984375,2.0,,3.0,나쁨,심각한 악화 (나쁨-3),3.0,,0.0,0.0,0.448,0.7309,0.1165,48,48,computed_co2_regression,3.0,18.66666603088379,history,24.385826110839844,2026-04-12 22:57:05.304000+00:00,28.0,2026-04-13 07:57:05.304000+09:00,0.075,0.10476188659667969,0.0,3.0,0.80123291015625,3.0,0.10476188659667969,0.80123291015625
630.6666870117188,2026-04-12T22:57:11.390Z,2026-05-12T22:57:10.449Z,41.9876708984375,2.0,,3.0,나쁨,심각한 악화 (나쁨-3),3.0,,0.0,0.0,0.577,0.743,0.1523,48,48,computed_co2_regression,3.0,18.16666603088379,history,24.385826110839844,2026-04-12 22:57:11.390000+00:00,28.0,2026-04-13 07:57:11.390000+09:00,0.07666671752929688,0.0904761723109654,0.0,3.0,0.80123291015625,3.0,0.0904761723109654,0.80123291015625
631.0,2026-04-12T22:57:17.215Z,2026-05-12T22:57:16.285Z,41.99339294433594,2.0,,3.0,나쁨,심각한 악화 (나쁨-3),3.0,,0.0,0.0,0.685,0.759,0.1808,48,48,computed_co2_regression,3.0,18.16666603088379,history,24.373809814453125,2026-04-12 22:57:17.215000+00:00,28.0,2026-04-13 07:57:17.215000+09:00,0.0775,0.0904761723109654,0.0,3.0,0.8006607055664062,3.0,0.0904761723109654,0.8006607055664062
630.6666870117188,2026-04-12T22:57:23.538Z,2026-05-12T22:57:22.613Z,42.125,2.0,,3.0,나쁨,심각한 악화 (나쁨-3),3.0,,0.0,0.0,0.756,0.778,0.2019,48,48,computed_co2_regression,3.0,18.5,history,24.3577880859375,2026-04-12 22:57:23.538000+00:00,28.0,2026-04-13 07:57:23.538000+09:00,0.07666671752929688,0.1,0.0,3.0,0.7875,3.0,0.1,0.7875
630.3333129882812,2026-04-12T22:57:31.264Z,2026-05-12T22:57:30.320Z,42.44734954833984,2.0,,3.0,나쁨,심각한 악화 (나쁨-3),3.0,,0.0,0.0,0.756,0.799,0.2021,48,48,computed_co2_regression,3.0,19.16666603088379,history,24.376480102539062,2026-04-12 22:57:31.264000+00:00,28.0,2026-04-13 07:57:31.264000+09:00,0.07583328247070313,0.11904760088239397,0.0,3.0,0.7552650451660163,3.0,0.11904760088239397,0.7552650451660163
630.0,2026-04-12T22:57:37.077Z,2026-05-12T22:57:36.143Z,42.5312728881836,2.0,,3.0,나쁨,심각한 악화 (나쁨-3),3.0,,0.0,0.0,0.735,0.8192,0.1944,48,48,computed_co2_regression,3.0,19.5,history,24.38849639892578,2026-04-12 22:57:37.077000+00:00,28.0,2026-04-13 07:57:37.077000+09:00,0.075,0.12857142857142856,0.0,3.0,0.7468727111816399,3.0,0.12857142857142856,0.7468727111816399
630.0,2026-04-12T22:57:43.157Z,2026-05-12T22:57:42.203Z,42.24421310424805,2.0,,3.0,나쁨,심각한 악화 (나쁨-3),3.0,,0.0,0.0,0.695,0.8388,0.1782,48,48,computed_co2_regression,3.0,19.83333396911621,history,24.38048553466797,2026-04-12 22:57:43.157000+00:00,27.91666603088379,2026-04-13 07:57:43.157000+09:00,0.075,0.13809525626046318,0.0,3.0,0.7755786895751953,3.0,0.13809525626046318,0.7755786895751953
630.0,2026-04-12T22:57:50.340Z,2026-05-12T22:57:49.415Z,42.14694213867188,2.0,,3.0,나쁨,심각한 악화 (나쁨-3),3.0,,0.0,0.0,0.616,0.8565,0.1439,48,48,computed_co2_regression,3.0,20.33333396911621,history,24.376480102539062,2026-04-12 22:57:50.340000+00:00,27.83333396911621,2026-04-13 07:57:50.340000+09:00,0.075,0.15238097054617747,0.0,3.0,0.7853057861328118,3.0,0.15238097054617747,0.7853057861328118
630.0,2026-04-12T22:57:56.046Z,2026-05-12T22:57:55.116Z,42.25470733642578,2.0,,3.0,나쁨,심각한 악화 (나쁨-3),3.0,,0.0,0.0,0.487,0.8713,0.0927,48,48,computed_co2_regression,3.0,20.83333396911621,history,24.38983154296875,2026-04-12 22:57:56.046000+00:00,27.75,2026-04-13 07:57:56.046000+09:00,0.075,0.16666668483189173,0.0,3.0,0.7745292663574219,3.0,0.16666668483189173,0.7745292663574219
630.0,2026-04-12T22:58:03.273Z,2026-05-12T22:58:02.196Z,42.243263244628906,2.0,,3.0,나쁨,심각한 악화 (나쁨-3),3.0,,0.0,0.0,0.323,0.884,0.0407,48,48,computed_co2_regression,3.0,21.33333396911621,history,24.4005126953125,2026-04-12 22:58:03.273000+00:00,27.66666603088379,2026-04-13 07:58:03.273000+09:00,0.075,0.18095239911760602,0.0,3.0,0.7756736755371094,3.0,0.18095239911760602,0.7756736755371094
630.3333129882812,2026-04-12T22:58:09.086Z,2026-05-12T22:58:08.148Z,42.36056518554688,2.0,,3.0,나쁨,심각한 악화 (나쁨-3),3.0,,0.0,0.0,0.171,0.8945,0.011,48,48,computed_co2_regression,3.0,21.5,history,24.4005126953125,2026-04-12 22:58:09.086000+00:00,27.58333396911621,2026-04-13 07:58:09.086000+09:00,0.07583328247070313,0.18571428571428572,0.0,3.0,0.7639434814453118,3.0,0.18571428571428572,0.7639434814453118
631.0,2026-04-12T22:58:16.007Z,2026-05-12T22:58:15.085Z,42.51887512207031,2.0,,3.0,나쁨,심각한 악화 (나쁨-3),3.0,,0.0,0.0,0.032,0.9043,0.0004,48,48,computed_co2_regression,3.0,21.5,history,24.39784240722656,2026-04-12 22:58:16.007000+00:00,27.5,2026-04-13 07:58:16.007000+09:00,0.0775,0.18571428571428572,0.0,3.0,0.7481124877929688,3.0,0.18571428571428572,0.7481124877929688
632.0,2026-04-12T22:58:22.193Z,2026-05-12T22:58:21.195Z,42.62759399414063,2.0,,3.0,나쁨,심각한 악화 (나쁨-3),3.0,,0.0,0.0,0.0,0.9125,0.003,48,48,computed_co2_regression,3.0,21.5,history,24.404518127441406,2026-04-12 22:58:22.193000+00:00,27.41666603088379,2026-04-13 07:58:22.193000+09:00,0.08,0.18571428571428572,0.0,3.0,0.7372406005859368,3.0,0.18571428571428572,0.7372406005859368
632.6666870117188,2026-04-12T22:58:28.127Z,2026-05-12T22:58:27.188Z,42.54938888549805,2.0,,3.0,나쁨,심각한 악화 (나쁨-3),3.0,,0.0,0.0,0.0,0.9193,0.0095,48,48,computed_co2_regression,3.0,21.16666603088379,history,24.39116668701172,2026-04-12 22:58:28.127000+00:00,27.33333396911621,2026-04-13 07:58:28.127000+09:00,0.08166671752929687,0.17619045802525113,0.0,3.0,0.7450611114501953,3.0,0.17619045802525113,0.7450611114501953
633.0,2026-04-12T22:58:34.280Z,2026-05-12T22:58:33.208Z,42.2318115234375,2.0,,3.0,나쁨,심각한 악화 (나쁨-3),3.0,,0.0,0.0,0.0,0.9244,0.0138,48,48,computed_co2_regression,3.0,21.0,history,24.37781524658203,2026-04-12 22:58:34.280000+00:00,27.25,2026-04-13 07:58:34.280000+09:00,0.0825,0.17142857142857143,0.0,3.0,0.77681884765625,3.0,0.17142857142857143,0.77681884765625
633.6666870117188,2026-04-12T22:58:40.427Z,2026-05-12T22:58:39.302Z,42.30238342285156,2.0,,3.0,나쁨,심각한 악화 (나쁨-3),3.0,,0.0,0.0,0.0,0.9278,0.0136,48,48,computed_co2_regression,3.0,20.5,history,24.395172119140625,2026-04-12 22:58:40.427000+00:00,27.16666603088379,2026-04-13 07:58:40.427000+09:00,0.08416671752929687,0.15714285714285714,0.0,3.0,0.7697616577148437,3.0,0.15714285714285714,0.7697616577148437
634.3333129882812,2026-04-12T22:58:46.503Z,2026-05-12T22:58:45.508Z,42.456878662109375,2.0,,3.0,나쁨,심각한 악화 (나쁨-3),3.0,,0.0,0.0,0.0,0.9299,0.0117,48,48,computed_co2_regression,3.0,20.33333396911621,history,24.381820678710938,2026-04-12 22:58:46.503000+00:00,27.08333396911621,2026-04-13 07:58:46.503000+09:00,0.08583328247070313,0.15238097054617747,0.0,3.0,0.7543121337890625,3.0,0.15238097054617747,0.7543121337890625
634.6666870117188,2026-04-12T22:58:53.856Z,2026-05-12T22:58:52.915Z,42.54938888549805,2.0,,3.0,나쁨,심각한 악화 (나쁨-3),3.0,,0.0,0.0,0.0,0.9302,0.0111,48,48,computed_co2_regression,3.0,20.5,history,24.37247467041016,2026-04-12 22:58:53.856000+00:00,27.0,2026-04-13 07:58:53.856000+09:00,0.08666671752929687,0.15714285714285714,0.0,3.0,0.7450611114501953,3.0,0.15714285714285714,0.7450611114501953
634.3333129882812,2026-04-12T22:58:59.684Z,2026-05-12T22:58:58.758Z,42.41682434082031,2.0,,3.0,나쁨,심각한 악화 (나쁨-3),3.0,,0.0,0.0,0.0,0.9283,0.0078,48,48,computed_co2_regression,3.0,20.33333396911621,history,24.36980438232422,2026-04-12 22:58:59.684000+00:00,27.0,2026-04-13 07:58:59.684000+09:00,0.08583328247070313,0.15238097054617747,0.0,3.0,0.7583175659179687,3.0,0.15238097054617747,0.7583175659179687
633.3333129882812,2026-04-12T22:59:06.381Z,2026-05-12T22:59:05.382Z,42.41682434082031,2.0,,3.0,나쁨,심각한 악화 (나쁨-3),3.0,,0.0,0.0,0.0,0.9228,0.0039,48,48,computed_co2_regression,3.0,20.33333396911621,history,24.36980438232422,2026-04-12 22:59:06.381000+00:00,27.0,2026-04-13 07:59:06.381000+09:00,0.08333328247070312,0.15238097054617747,0.0,3.0,0.7583175659179687,3.0,0.15238097054617747,0.7583175659179687
632.3333129882812,2026-04-12T22:59:13.084Z,2026-05-12T22:59:12.148Z,42.16600036621094,2.0,,3.0,나쁨,심각한 악화 (나쁨-3),3.0,,0.0,0.0,0.0,0.9133,0.0008,48,48,computed_co2_regression,3.0,20.0,history,24.38048553466797,2026-04-12 22:59:13.084000+00:00,27.0,2026-04-13 07:59:13.084000+09:00,0.08083328247070312,0.14285714285714285,0.0,3.0,0.7833999633789063,3.0,0.14285714285714285,0.7833999633789063
631.0,2026-04-12T22:59:19.052Z,2026-05-12T22:59:18.110Z,42.12785339355469,2.0,,3.0,나쁨,심각한 악화 (나쁨-3),3.0,,0.0,0.0,0.033,0.8991,0.0004,48,48,computed_co2_regression,3.0,19.83333396911621,history,24.38849639892578,2026-04-12 22:59:19.052000+00:00,27.0,2026-04-13 07:59:19.052000+09:00,0.0775,0.13809525626046318,0.0,3.0,0.7872146606445313,3.0,0.13809525626046318,0.7872146606445313
630.0,2026-04-12T22:59:25.053Z,2026-05-12T22:59:24.113Z,42.00673675537109,2.0,,3.0,나쁨,심각한 악화 (나쁨-3),3.0,,0.0,0.0,0.116,0.881,0.0046,48,48,computed_co2_regression,3.0,19.66666603088379,history,24.376480102539062,2026-04-12 22:59:25.053000+00:00,27.0,2026-04-13 07:59:25.053000+09:00,0.075,0.13333331516810826,0.0,3.0,0.7993263244628913,3.0,0.13333331516810826,0.7993263244628913
629.3333129882812,2026-04-12T22:59:31.198Z,2026-05-12T22:59:30.218Z,41.9771728515625,2.0,,3.0,나쁨,심각한 악화 (나쁨-3),3.0,,0.0,0.0,0.197,0.8594,0.0133,48,48,computed_co2_regression,3.0,19.5,history,24.39116668701172,2026-04-12 22:59:31.198000+00:00,27.0,2026-04-13 07:59:31.198000+09:00,0.07333328247070313,0.12857142857142856,0.0,3.0,0.80228271484375,3.0,0.12857142857142856,0.80228271484375
628.3333129882812,2026-04-12T22:59:37.085Z,2026-05-12T22:59:36.126Z,41.919952392578125,2.0,,3.0,나쁨,심각한 악화 (나쁨-3),3.0,,0.0,0.0,0.265,0.8334,0.0233,48,48,computed_co2_regression,3.0,19.33333396911621,history,24.38716125488281,2026-04-12 22:59:37.085000+00:00,27.0,2026-04-13 07:59:37.085000+09:00,0.07083328247070313,0.12380954197474889,0.0,3.0,0.8080047607421875,3.0,0.12380954197474889,0.8080047607421875
627.0,2026-04-12T22:59:43.616Z,2026-05-12T22:59:42.640Z,41.8999252319336,2.0,,3.0,나쁨,심각한 악화 (나쁨-3),3.0,,0.0,0.0,0.293,0.8011,0.0281,48,48,computed_co2_regression,3.0,19.5,history,24.36846923828125,2026-04-12 22:59:43.616000+00:00,27.0,2026-04-13 07:59:43.616000+09:00,0.0675,0.12857142857142856,0.0,3.0,0.8100074768066399,3.0,0.12857142857142856,0.8100074768066399
625.0,2026-04-12T22:59:49.536Z,2026-05-12T22:59:48.597Z,41.98957061767578,2.0,,3.0,나쁨,심각한 악화 (나쁨-3),3.0,,0.0,0.0,0.293,0.7594,0.0282,48,48,computed_co2_regression,3.0,19.66666603088379,history,24.35645294189453,2026-04-12 22:59:49.536000+00:00,27.0,2026-04-13 07:59:49.536000+09:00,0.0625,0.13333331516810826,0.0,3.0,0.8010429382324219,3.0,0.13333331516810826,0.8010429382324219
623.0,2026-04-12T22:59:56.879Z,2026-05-12T22:59:55.912Z,42.13834381103516,2.0,,3.0,나쁨,심각한 악화 (나쁨-3),3.0,,0.0,0.0,0.278,0.7066,0.0255,48,48,computed_co2_regression,3.0,19.83333396911621,history,24.35645294189453,2026-04-12 22:59:56.879000+00:00,27.0,2026-04-13 07:59:56.879000+09:00,0.0575,0.13809525626046318,0.0,3.0,0.7861656188964836,3.0,0.13809525626046318,0.7861656188964836
621.6666870117188,2026-04-12T23:00:03.472Z,2026-05-12T23:00:02.549Z,42.62663269042969,2.0,,3.0,나쁨,심각한 악화 (나쁨-3),3.0,,0.0,0.0,0.271,0.645,0.0244,48,48,computed_co2_regression,3.0,19.66666603088379,history,24.36846923828125,2026-04-12 23:00:03.472000+00:00,27.0,2026-04-13 08:00:03.472000+09:00,0.05416671752929687,0.13333331516810826,0.0,3.0,0.7373367309570312,3.0,0.13333331516810826,0.7373367309570312
620.3333129882812,2026-04-12T23:00:09.806Z,2026-05-12T23:00:08.727Z,43.17977142333984,2.0,,3.0,나쁨,심각한 악화 (나쁨-3),3.0,,0.0,0.0,0.274,0.5746,0.0247,48,48,computed_co2_regression,3.0,19.66666603088379,history,24.371139526367188,2026-04-12 23:00:09.806000+00:00,27.0,2026-04-13 08:00:09.806000+09:00,0.05083328247070312,0.13333331516810826,0.0,3.0,0.6820228576660163,3.0,0.13333331516810826,0.6820228576660163
619.6666870117188,2026-04-12T23:00:16.462Z,2026-05-12T23:00:15.448Z,43.11968994140625,2.0,,3.0,나쁨,심각한 악화 (나쁨-3),3.0,,0.0,0.0,0.273,0.4981,0.0246,48,48,computed_co2_regression,3.0,19.83333396911621,history,24.373809814453125,2026-04-12 23:00:16.462000+00:00,27.0,2026-04-13 08:00:16.462000+09:00,0.049166717529296876,0.13809525626046318,0.0,3.0,0.688031005859375,3.0,0.13809525626046318,0.688031005859375
619.6666870117188,2026-04-12T23:00:22.139Z,2026-05-12T23:00:21.207Z,42.548431396484375,2.0,,3.0,나쁨,심각한 악화 (나쁨-3),3.0,,0.0,0.0,0.27,0.4201,0.0242,48,48,computed_co2_regression,3.0,19.83333396911621,history,24.381820678710938,2026-04-12 23:00:22.139000+00:00,27.0,2026-04-13 08:00:22.139000+09:00,0.049166717529296876,0.13809525626046318,0.0,3.0,0.7451568603515625,3.0,0.13809525626046318,0.7451568603515625
620.6666870117188,2026-04-12T23:00:27.974Z,2026-05-12T23:00:27.047Z,42.19937896728516,2.0,,3.0,나쁨,심각한 악화 (나쁨-3),3.0,,0.0,0.0,0.266,0.3452,0.0233,48,48,computed_co2_regression,3.0,19.83333396911621,history,24.381820678710938,2026-04-12 23:00:27.974000+00:00,27.0,2026-04-13 08:00:27.974000+09:00,0.05166671752929688,0.13809525626046318,0.0,3.0,0.7800621032714836,3.0,0.13809525626046318,0.7800621032714836
621.6666870117188,2026-04-12T23:00:35.033Z,2026-05-12T23:00:34.118Z,42.202239990234375,2.0,,3.0,나쁨,심각한 악화 (나쁨-3),3.0,,0.0,0.0,0.247,0.2731,0.0202,48,48,computed_co2_regression,3.0,20.0,history,24.361793518066406,2026-04-12 23:00:35.033000+00:00,27.0,2026-04-13 08:00:35.033000+09:00,0.05416671752929687,0.14285714285714285,0.0,3.0,0.7797760009765625,3.0,0.14285714285714285,0.7797760009765625
621.6666870117188,2026-04-12T23:00:41.275Z,2026-05-12T23:00:40.261Z,42.214637756347656,2.0,,3.0,나쁨,심각한 악화 (나쁨-3),3.0,,0.0,0.0,0.228,0.2001,0.0171,48,48,computed_co2_regression,3.0,20.33333396911621,history,24.35912322998047,2026-04-12 23:00:41.275000+00:00,27.0,2026-04-13 08:00:41.275000+09:00,0.05416671752929687,0.15238097054617747,0.0,3.0,0.7785362243652344,3.0,0.15238097054617747,0.7785362243652344
621.3333129882812,2026-04-12T23:00:47.538Z,2026-05-12T23:00:46.606Z,42.5980224609375,2.0,,3.0,나쁨,심각한 악화 (나쁨-3),3.0,,0.0,0.0,0.209,0.1297,0.0144,48,48,computed_co2_regression,3.0,20.33333396911621,history,24.36713409423828,2026-04-12 23:00:47.538000+00:00,27.0,2026-04-13 08:00:47.538000+09:00,0.053333282470703125,0.15238097054617747,0.0,3.0,0.74019775390625,3.0,0.15238097054617747,0.74019775390625
621.3333129882812,2026-04-12T23:00:53.562Z,2026-05-12T23:00:52.635Z,43.19598388671875,2.0,,3.0,나쁨,심각한 악화 (나쁨-3),3.0,,0.0,0.0,0.179,0.0694,0.0105,48,48,computed_co2_regression,3.0,20.5,history,24.371139526367188,2026-04-12 23:00:53.562000+00:00,27.0,2026-04-13 08:00:53.562000+09:00,0.053333282470703125,0.15714285714285714,0.0,3.0,0.680401611328125,3.0,0.15714285714285714,0.680401611328125
622.6666870117188,2026-04-12T23:01:01.000Z,2026-05-12T23:01:00.063Z,43.47923278808594,2.0,,3.0,나쁨,심각한 악화 (나쁨-3),3.0,,0.0,0.0,0.15,0.0284,0.0073,48,48,computed_co2_regression,3.0,20.66666603088379,history,24.38983154296875,2026-04-12 23:01:01+00:00,27.0,2026-04-13 08:01:01+09:00,0.056666717529296876,0.16190474373953684,0.0,3.0,0.6520767211914062,3.0,0.16190474373953684,0.6520767211914062
624.6666870117188,2026-04-12T23:01:07.441Z,2026-05-12T23:01:06.436Z,43.05770111083984,2.0,,3.0,나쁨,심각한 악화 (나쁨-3),3.0,,0.0,0.0,0.124,0.0062,0.005,48,48,computed_co2_regression,3.0,20.83333396911621,history,24.36713409423828,2026-04-12 23:01:07.441000+00:00,27.0,2026-04-13 08:01:07.441000+09:00,0.06166671752929687,0.16666668483189173,0.0,3.0,0.6942298889160163,3.0,0.16666668483189173,0.6942298889160163
626.6666870117188,2026-04-12T23:01:14.421Z,2026-05-12T23:01:13.482Z,42.419681549072266,1.998,,2.998,나쁨,중간수준 악화 (나쁨-2),2.998,,0.005,0.005,0.065,0.0,0.0013,48,48,computed_co2_regression,3.0,21.0,history,24.343101501464844,2026-04-12 23:01:14.421000+00:00,27.0,2026-04-13 08:01:14.421000+09:00,0.06666671752929687,0.17142857142857143,0.0,2.9975,0.7580318450927734,2.9975,0.17142857142857143,0.7580318450927734
628.0,2026-04-12T23:01:20.237Z,2026-05-12T23:01:19.291Z,42.15264892578125,1.954,,2.954,나쁨,중간수준 악화 (나쁨-2),2.954,,0.093,0.093,0.0,0.0071,0.0003,48,48,computed_co2_regression,3.0,21.0,history,24.35912322998047,2026-04-12 23:01:20.237000+00:00,27.0,2026-04-13 08:01:20.237000+09:00,0.07,0.17142857142857143,0.0,2.9535,0.784735107421875,2.9535,0.17142857142857143,0.784735107421875
628.6666870117188,2026-04-12T23:01:26.040Z,2026-05-12T23:01:25.110Z,42.60088348388672,1.913,,2.913,나쁨,중간수준 악화 (나쁨-2),2.913,,0.175,0.175,0.0,0.0285,0.0066,48,48,computed_co2_regression,3.0,21.0,history,24.396507263183597,2026-04-12 23:01:26.040000+00:00,27.0,2026-04-13 08:01:26.040000+09:00,0.07166671752929688,0.17142857142857143,0.0,2.9125,0.7399116516113281,2.9125,0.17142857142857143,0.7399116516113281
629.0,2026-04-12T23:01:32.388Z,2026-05-12T23:01:31.237Z,43.314239501953125,1.871,,2.871,나쁨,중간수준 악화 (나쁨-2),2.871,,0.258,0.258,0.0,0.0707,0.0285,48,48,computed_co2_regression,3.0,21.0,history,24.4005126953125,2026-04-12 23:01:32.388000+00:00,27.0,2026-04-13 08:01:32.388000+09:00,0.0725,0.17142857142857143,0.0,2.871,0.6685760498046875,2.871,0.17142857142857143,0.6685760498046875
629.0,2026-04-12T23:01:38.066Z,2026-05-12T23:01:37.127Z,43.36573791503906,1.833,,2.833,나쁨,중간수준 악화 (나쁨-2),2.833,,0.334,0.334,0.0,0.1364,0.0718,48,48,computed_co2_regression,3.0,21.0,history,24.36980438232422,2026-04-12 23:01:38.066000+00:00,27.0,2026-04-13 08:01:38.066000+09:00,0.0725,0.17142857142857143,0.0,2.833,0.6634262084960938,2.833,0.17142857142857143,0.6634262084960938
629.0,2026-04-12T23:01:44.117Z,2026-05-12T23:01:43.193Z,42.79447555541992,1.804,,2.804,나쁨,중간수준 악화 (나쁨-2),2.804,,0.393,0.393,0.0,0.2051,0.1323,48,48,computed_co2_regression,3.0,21.0,history,24.3577880859375,2026-04-12 23:01:44.117000+00:00,27.0,2026-04-13 08:01:44.117000+09:00,0.0725,0.17142857142857143,0.0,2.8035,0.7205524444580078,2.8035,0.17142857142857143,0.7205524444580078
629.0,2026-04-12T23:01:50.198Z,2026-05-12T23:01:49.246Z,42.281394958496094,1.787,,2.787,나쁨,중간수준 악화 (나쁨-2),2.787,,0.427,0.427,0.0,0.2497,0.1729,48,48,computed_co2_regression,3.0,20.66666603088379,history,24.35511779785156,2026-04-12 23:01:50.198000+00:00,27.0,2026-04-13 08:01:50.198000+09:00,0.0725,0.16190474373953684,0.0,2.7865,0.7718605041503906,2.7865,0.16190474373953684,0.7718605041503906
629.0,2026-04-12T23:01:57.574Z,2026-05-12T23:01:56.660Z,42.328125,1.783,,2.783,나쁨,중간수준 악화 (나쁨-2),2.783,,0.435,0.435,0.0,0.2602,0.1845,48,48,computed_co2_regression,3.0,20.66666603088379,history,24.364463806152344,2026-04-12 23:01:57.574000+00:00,27.0,2026-04-13 08:01:57.574000+09:00,0.0725,0.16190474373953684,0.0,2.7825,0.7671875,2.7825,0.16190474373953684,0.7671875
629.0,2026-04-12T23:02:05.360Z,2026-05-12T23:02:04.413Z,42.582763671875,1.787,,2.787,나쁨,중간수준 악화 (나쁨-2),2.787,,0.426,0.426,0.0,0.2499,0.1733,48,48,computed_co2_regression,3.0,20.66666603088379,history,24.37247467041016,2026-04-12 23:02:05.360000+00:00,27.0,2026-04-13 08:02:05.360000+09:00,0.0725,0.16190474373953684,0.0,2.787,0.7417236328125,2.787,0.16190474373953684,0.7417236328125
629.0,2026-04-12T23:02:11.346Z,2026-05-12T23:02:10.258Z,42.65428924560547,1.797,,2.797,나쁨,중간수준 악화 (나쁨-2),2.797,,0.406,0.406,0.0,0.2275,0.1345,48,48,computed_co2_regression,3.0,20.33333396911621,history,24.36846923828125,2026-04-12 23:02:11.346000+00:00,27.0,2026-04-13 08:02:11.346000+09:00,0.0725,0.15238097054617747,0.0,2.797,0.7345710754394531,2.797,0.15238097054617747,0.7345710754394531
629.0,2026-04-12T23:02:17.429Z,2026-05-12T23:02:16.485Z,42.53889465332031,1.81,,2.81,나쁨,중간수준 악화 (나쁨-2),2.81,,0.381,0.381,0.0,0.2014,0.0827,48,48,computed_co2_regression,3.0,20.16666603088379,history,24.35511779785156,2026-04-12 23:02:17.429000+00:00,27.0,2026-04-13 08:02:17.429000+09:00,0.0725,0.14761902945382255,0.0,2.8095,0.7461105346679687,2.8095,0.14761902945382255,0.7461105346679687
629.0,2026-04-12T23:02:23.292Z,2026-05-12T23:02:22.359Z,42.34148025512695,1.824,,2.824,나쁨,중간수준 악화 (나쁨-2),2.824,,0.353,0.353,0.0,0.1744,0.0296,48,48,computed_co2_regression,3.0,19.83333396911621,history,24.34710693359375,2026-04-12 23:02:23.292000+00:00,27.0,2026-04-13 08:02:23.292000+09:00,0.0725,0.13809525626046318,0.0,2.8235,0.7658519744873047,2.8235,0.13809525626046318,0.7658519744873047
629.0,2026-04-12T23:02:29.264Z,2026-05-12T23:02:28.334Z,42.34434127807617,1.837,,2.837,나쁨,중간수준 악화 (나쁨-2),2.837,,0.327,0.327,0.0,0.1506,0.0021,48,48,computed_co2_regression,3.0,19.83333396911621,history,24.35511779785156,2026-04-12 23:02:29.264000+00:00,27.0,2026-04-13 08:02:29.264000+09:00,0.0725,0.13809525626046318,0.0,2.8365,0.7655658721923828,2.8365,0.13809525626046318,0.7655658721923828
628.6666870117188,2026-04-12T23:02:35.366Z,2026-05-12T23:02:34.376Z,42.5064697265625,1.848,,2.848,나쁨,중간수준 악화 (나쁨-2),2.848,,0.305,0.305,0.092,0.1319,0.0058,48,48,computed_co2_regression,3.0,19.5,history,24.349777221679688,2026-04-12 23:02:35.366000+00:00,27.0,2026-04-13 08:02:35.366000+09:00,0.07166671752929688,0.12857142857142856,0.0,2.8475,0.74935302734375,2.8475,0.12857142857142856,0.74935302734375
628.3333129882812,2026-04-12T23:02:41.430Z,2026-05-12T23:02:40.498Z,42.50360870361328,1.857,,2.857,나쁨,중간수준 악화 (나쁨-2),2.857,,0.287,0.287,0.205,0.1176,0.0289,48,48,computed_co2_regression,3.0,19.66666603088379,history,24.33776092529297,2026-04-12 23:02:41.430000+00:00,27.0,2026-04-13 08:02:41.430000+09:00,0.07083328247070313,0.13333331516810826,0.0,2.8565,0.7496391296386719,2.8565,0.13333331516810826,0.7496391296386719
628.3333129882812,2026-04-12T23:02:47.551Z,2026-05-12T23:02:46.605Z,42.46831893920898,1.866,,2.866,나쁨,중간수준 악화 (나쁨-2),2.866,,0.269,0.269,0.258,0.1037,0.046,48,48,computed_co2_regression,3.0,20.16666603088379,history,24.364463806152344,2026-04-12 23:02:47.551000+00:00,27.0,2026-04-13 08:02:47.551000+09:00,0.07083328247070313,0.14761902945382255,0.0,2.8655,0.7531681060791022,2.8655,0.14761902945382255,0.7531681060791022
628.6666870117188,2026-04-12T23:02:53.604Z,2026-05-12T23:02:52.680Z,42.57036209106445,1.876,,2.876,나쁨,중간수준 악화 (나쁨-2),2.876,,0.248,0.248,0.261,0.0886,0.0473,48,48,computed_co2_regression,3.0,20.33333396911621,history,24.375144958496094,2026-04-12 23:02:53.604000+00:00,27.0,2026-04-13 08:02:53.604000+09:00,0.07166671752929688,0.15238097054617747,0.0,2.876,0.7429637908935547,2.876,0.15238097054617747,0.7429637908935547
629.0,2026-04-12T23:02:59.611Z,2026-05-12T23:02:58.674Z,42.713417053222656,1.888,,2.888,나쁨,중간수준 악화 (나쁨-2),2.888,,0.225,0.225,0.205,0.0729,0.0292,48,48,computed_co2_regression,3.0,20.66666603088379,history,24.371139526367188,2026-04-12 23:02:59.611000+00:00,27.0,2026-04-13 08:02:59.611000+09:00,0.0725,0.16190474373953684,0.0,2.8875,0.7286582946777344,2.8875,0.16190474373953684,0.7286582946777344
629.0,2026-04-12T23:03:07.775Z,2026-05-12T23:03:06.849Z,42.64856719970703,1.9,,2.9,나쁨,중간수준 악화 (나쁨-2),2.9,,0.201,0.201,0.112,0.0583,0.0091,48,48,computed_co2_regression,3.0,20.66666603088379,history,24.371139526367188,2026-04-12 23:03:07.775000+00:00,27.0,2026-04-13 08:03:07.775000+09:00,0.0725,0.16190474373953684,0.0,2.8995,0.7351432800292969,2.8995,0.16190474373953684,0.7351432800292969
629.3333129882812,2026-04-12T23:03:14.465Z,2026-05-12T23:03:13.540Z,42.53794097900391,1.914,,2.914,나쁨,중간수준 악화 (나쁨-2),2.914,,0.172,0.172,0.0,0.0428,0.0,48,48,computed_co2_regression,3.0,20.83333396911621,history,24.36980438232422,2026-04-12 23:03:14.465000+00:00,27.0,2026-04-13 08:03:14.465000+09:00,0.07333328247070313,0.16666668483189173,0.0,2.914,0.7462059020996087,2.914,0.16666668483189173,0.7462059020996087
630.3333129882812,2026-04-12T23:03:20.395Z,2026-05-12T23:03:19.309Z,42.51696014404297,1.935,,2.935,나쁨,중간수준 악화 (나쁨-2),2.935,,0.131,0.131,0.0,0.0249,0.0137,48,48,computed_co2_regression,3.0,20.83333396911621,history,24.39116668701172,2026-04-12 23:03:20.395000+00:00,27.0,2026-04-13 08:03:20.395000+09:00,0.07583328247070313,0.16666668483189173,0.0,2.9345,0.7483039855957031,2.9345,0.16666668483189173,0.7483039855957031
631.6666870117188,2026-04-12T23:03:26.058Z,2026-05-12T23:03:25.113Z,42.4864387512207,1.963,,2.964,나쁨,중간수준 악화 (나쁨-2),2.964,,0.073,0.073,0.0,0.0079,0.0477,48,48,computed_co2_regression,3.0,20.5,history,24.383155822753903,2026-04-12 23:03:26.058000+00:00,27.08333396911621,2026-04-13 08:03:26.058000+09:00,0.07916671752929688,0.15714285714285714,0.0,2.9635,0.7513561248779297,2.9635,0.15714285714285714,0.7513561248779297
633.0,2026-04-12T23:03:32.212Z,2026-05-12T23:03:31.284Z,42.3491096496582,1.999,,2.999,나쁨,중간수준 악화 (나쁨-2),2.999,,0.002,0.002,0.0,0.0,0.085,48,48,computed_co2_regression,3.0,20.33333396911621,history,24.35645294189453,2026-04-12 23:03:32.212000+00:00,27.16666603088379,2026-04-13 08:03:32.212000+09:00,0.0825,0.15238097054617747,0.0,2.999,0.7650890350341797,2.999,0.15238097054617747,0.7650890350341797
634.3333129882812,2026-04-12T23:03:38.100Z,2026-05-12T23:03:37.174Z,42.370094299316406,2.0,,3.0,나쁨,심각한 악화 (나쁨-3),3.0,,0.0,0.0,0.0,0.0093,0.1186,48,48,computed_co2_regression,3.0,20.16666603088379,history,24.352447509765625,2026-04-12 23:03:38.100000+00:00,27.25,2026-04-13 08:03:38.100000+09:00,0.08583328247070313,0.14761902945382255,0.0,3.0,0.7629905700683594,3.0,0.14761902945382255,0.7629905700683594
635.3333129882812,2026-04-12T23:03:44.090Z,2026-05-12T23:03:43.153Z,42.487396240234375,2.0,,3.0,나쁨,심각한 악화 (나쁨-3),3.0,,0.0,0.0,0.0,0.0423,0.1184,48,48,computed_co2_regression,3.0,20.0,history,24.36980438232422,2026-04-12 23:03:44.090000+00:00,27.41666603088379,2026-04-13 08:03:44.090000+09:00,0.08833328247070313,0.14285714285714285,0.0,3.0,0.7512603759765625,3.0,0.14285714285714285,0.7512603759765625
636.6666870117188,2026-04-12T23:03:50.153Z,2026-05-12T23:03:49.215Z,42.67145919799805,2.0,,3.0,나쁨,심각한 악화 (나쁨-3),3.0,,0.0,0.0,0.0,0.1062,0.1103,48,48,computed_co2_regression,3.0,20.0,history,24.371139526367188,2026-04-12 23:03:50.153000+00:00,27.58333396911621,2026-04-13 08:03:50.153000+09:00,0.09166671752929688,0.14285714285714285,0.0,3.0,0.7328540802001953,3.0,0.14285714285714285,0.7328540802001953
637.3333129882812,2026-04-12T23:03:56.076Z,2026-05-12T23:03:55.150Z,42.85170364379883,2.0,,3.0,나쁨,심각한 악화 (나쁨-3),3.0,,0.0,0.0,0.0,0.1996,0.112,48,48,computed_co2_regression,3.0,20.0,history,24.36312866210937,2026-04-12 23:03:56.076000+00:00,27.75,2026-04-13 08:03:56.076000+09:00,0.09333328247070312,0.14285714285714285,0.0,3.0,0.7148296356201171,3.0,0.14285714285714285,0.7148296356201171
638.3333129882812,2026-04-12T23:04:03.125Z,2026-05-12T23:04:02.039Z,43.13494873046875,2.0,,3.0,나쁨,심각한 악화 (나쁨-3),3.0,,0.0,0.0,0.0,0.3146,0.1224,48,48,computed_co2_regression,3.0,20.33333396911621,history,24.36713409423828,2026-04-12 23:04:03.125000+00:00,28.0,2026-04-13 08:04:03.125000+09:00,0.09583328247070312,0.15238097054617747,0.0,3.0,0.686505126953125,3.0,0.15238097054617747,0.686505126953125
639.0,2026-04-12T23:04:10.489Z,2026-05-12T23:04:09.552Z,43.30947113037109,2.0,,3.0,나쁨,심각한 악화 (나쁨-3),3.0,,0.0,0.0,0.0,0.4329,0.1414,48,48,computed_co2_regression,3.0,20.5,history,24.364463806152344,2026-04-12 23:04:10.489000+00:00,28.33333396911621,2026-04-13 08:04:10.489000+09:00,0.0975,0.15714285714285714,0.0,3.0,0.6690528869628913,3.0,0.15714285714285714,0.6690528869628913
639.3333129882812,2026-04-12T23:04:16.873Z,2026-05-12T23:04:15.923Z,42.845977783203125,2.0,,3.0,나쁨,심각한 악화 (나쁨-3),3.0,,0.0,0.0,0.0,0.5437,0.15,48,48,computed_co2_regression,3.0,20.66666603088379,history,24.35511779785156,2026-04-12 23:04:16.873000+00:00,28.66666603088379,2026-04-13 08:04:16.873000+09:00,0.09833328247070312,0.16190474373953684,0.0,3.0,0.7154022216796875,3.0,0.16190474373953684,0.7154022216796875
639.3333129882812,2026-04-12T23:04:22.847Z,2026-05-12T23:04:21.765Z,42.60279083251953,2.0,,3.0,나쁨,심각한 악화 (나쁨-3),3.0,,0.0,0.0,0.0,0.6377,0.1624,48,48,computed_co2_regression,3.0,21.0,history,24.35511779785156,2026-04-12 23:04:22.847000+00:00,29.0,2026-04-13 08:04:22.847000+09:00,0.09833328247070312,0.17142857142857143,0.0,3.0,0.7397209167480469,3.0,0.17142857142857143,0.7397209167480469
639.0,2026-04-12T23:04:28.695Z,2026-05-12T23:04:27.729Z,42.76491928100586,2.0,,3.0,나쁨,심각한 악화 (나쁨-3),3.0,,0.0,0.0,0.0,0.7174,0.171,48,48,computed_co2_regression,3.0,21.16666603088379,history,24.3577880859375,2026-04-12 23:04:28.695000+00:00,29.41666603088379,2026-04-13 08:04:28.695000+09:00,0.0975,0.17619045802525113,0.0,3.0,0.723508071899414,3.0,0.17619045802525113,0.723508071899414
639.0,2026-04-12T23:04:34.719Z,2026-05-12T23:04:33.772Z,42.87077331542969,2.0,,3.0,나쁨,심각한 악화 (나쁨-3),3.0,,0.0,0.0,0.0,0.7871,0.1646,48,48,computed_co2_regression,3.0,21.0,history,24.36312866210937,2026-04-12 23:04:34.719000+00:00,29.91666603088379,2026-04-13 08:04:34.719000+09:00,0.0975,0.17142857142857143,0.0,3.0,0.7129226684570312,3.0,0.17142857142857143,0.7129226684570312
639.6666870117188,2026-04-12T23:04:40.761Z,2026-05-12T23:04:39.834Z,42.71818542480469,2.0,,3.0,나쁨,심각한 악화 (나쁨-3),3.0,,0.0,0.0,0.0,0.8437,0.1499,48,48,computed_co2_regression,3.0,21.0,history,24.365798950195312,2026-04-12 23:04:40.761000+00:00,30.33333396911621,2026-04-13 08:04:40.761000+09:00,0.09916671752929687,0.17142857142857143,0.0,3.0,0.7281814575195312,3.0,0.17142857142857143,0.7281814575195312
640.6666870117188,2026-04-12T23:04:46.680Z,2026-05-12T23:04:45.751Z,42.48072052001953,2.0,,3.0,나쁨,심각한 악화 (나쁨-3),3.0,,0.0,0.0,0.0,0.8845,0.1317,48,48,computed_co2_regression,3.0,20.83333396911621,history,24.35645294189453,2026-04-12 23:04:46.680000+00:00,30.83333396911621,2026-04-13 08:04:46.680000+09:00,0.10166671752929687,0.16666668483189173,0.0,3.0,0.7519279479980469,3.0,0.16666668483189173,0.7519279479980469
642.0,2026-04-12T23:04:52.701Z,2026-05-12T23:04:51.768Z,42.51696014404297,2.0,,3.0,나쁨,심각한 악화 (나쁨-3),3.0,,0.0,0.0,0.0,0.907,0.1107,48,48,computed_co2_regression,3.0,20.66666603088379,history,24.34577178955078,2026-04-12 23:04:52.701000+00:00,31.41666603088379,2026-04-13 08:04:52.701000+09:00,0.105,0.16190474373953684,0.0,3.0,0.7483039855957031,3.0,0.16190474373953684,0.7483039855957031
643.6666870117188,2026-04-12T23:04:58.710Z,2026-05-12T23:04:57.787Z,42.66287612915039,2.0,,3.0,나쁨,심각한 악화 (나쁨-3),3.0,,0.0,0.0,0.0,0.9155,0.1023,48,48,computed_co2_regression,3.0,20.83333396911621,history,24.364463806152344,2026-04-12 23:04:58.710000+00:00,32.0,2026-04-13 08:04:58.710000+09:00,0.10916671752929688,0.16666668483189173,0.0,3.0,0.7337123870849609,3.0,0.16666668483189173,0.7337123870849609
645.3333129882812,2026-04-12T23:05:05.626Z,2026-05-12T23:05:04.681Z,42.79066848754883,2.0,,3.0,나쁨,심각한 악화 (나쁨-3),3.0,,0.0,0.0,0.0,0.917,0.0926,48,48,computed_co2_regression,3.0,21.0,history,24.379150390625,2026-04-12 23:05:05.626000+00:00,32.66666793823242,2026-04-13 08:05:05.626000+09:00,0.11333328247070312,0.17142857142857143,0.0,3.0,0.7209331512451171,3.0,0.17142857142857143,0.7209331512451171
647.3333129882812,2026-04-12T23:05:14.180Z,2026-05-12T23:05:13.200Z,42.63712310791016,2.0,,3.0,나쁨,심각한 악화 (나쁨-3),3.0,,0.0,0.0,0.0,0.9136,0.0871,48,48,computed_co2_regression,3.0,21.16666603088379,history,24.371139526367188,2026-04-12 23:05:14.180000+00:00,33.41666793823242,2026-04-13 08:05:14.180000+09:00,0.11833328247070313,0.17619045802525113,0.0,3.0,0.7362876892089837,3.0,0.17619045802525113,0.7362876892089837
648.6666870117188,2026-04-12T23:05:20.143Z,2026-05-12T23:05:19.210Z,42.517913818359375,2.0,,3.0,나쁨,심각한 악화 (나쁨-3),3.0,,0.0,0.0,0.0,0.9088,0.0798,48,48,computed_co2_regression,3.0,21.0,history,24.38048553466797,2026-04-12 23:05:20.143000+00:00,34.16666793823242,2026-04-13 08:05:20.143000+09:00,0.12166671752929688,0.17142857142857143,0.0,3.0,0.7482086181640625,3.0,0.17142857142857143,0.7482086181640625
650.0,2026-04-12T23:05:26.078Z,2026-05-12T23:05:25.154Z,42.746803283691406,2.0,,3.0,나쁨,심각한 악화 (나쁨-3),3.0,,0.0,0.0,0.0,0.9034,0.0764,48,48,computed_co2_regression,3.0,21.16666603088379,history,24.385826110839844,2026-04-12 23:05:26.078000+00:00,34.91666793823242,2026-04-13 08:05:26.078000+09:00,0.125,0.17619045802525113,0.0,3.0,0.7253196716308594,3.0,0.17619045802525113,0.7253196716308594
651.0,2026-04-12T23:05:32.144Z,2026-05-12T23:05:31.203Z,43.16070175170898,2.0,,3.0,나쁨,심각한 악화 (나쁨-3),3.0,,0.0,0.0,0.0,0.8991,0.0711,48,48,computed_co2_regression,3.0,21.16666603088379,history,24.393836975097656,2026-04-12 23:05:32.144000+00:00,35.66666793823242,2026-04-13 08:05:32.144000+09:00,0.1275,0.17619045802525113,0.0,3.0,0.6839298248291023,3.0,0.17619045802525113,0.6839298248291023
652.0,2026-04-12T23:05:38.172Z,2026-05-12T23:05:37.150Z,43.6098861694336,2.0,,3.0,나쁨,심각한 악화 (나쁨-3),3.0,,0.0,0.0,0.0,0.8964,0.0584,48,48,computed_co2_regression,3.0,20.83333396911621,history,24.39116668701172,2026-04-12 23:05:38.172000+00:00,36.5,2026-04-13 08:05:38.172000+09:00,0.13,0.16666668483189173,0.0,3.0,0.63901138305664,3.0,0.16666668483189173,0.63901138305664
653.0,2026-04-12T23:05:44.075Z,2026-05-12T23:05:43.145Z,43.35906982421875,2.0,,3.0,나쁨,심각한 악화 (나쁨-3),3.0,,0.0,0.0,0.0,0.8938,0.0509,48,48,computed_co2_regression,3.0,20.66666603088379,history,24.376480102539062,2026-04-12 23:05:44.075000+00:00,37.25,2026-04-13 08:05:44.075000+09:00,0.1325,0.16190474373953684,0.0,3.0,0.664093017578125,3.0,0.16190474373953684,0.664093017578125
654.0,2026-04-12T23:05:50.204Z,2026-05-12T23:05:49.277Z,42.78780364990234,2.0,,3.0,나쁨,심각한 악화 (나쁨-3),3.0,,0.0,0.0,0.0,0.8911,0.0378,48,48,computed_co2_regression,3.0,20.5,history,24.38849639892578,2026-04-12 23:05:50.204000+00:00,38.0,2026-04-13 08:05:50.204000+09:00,0.135,0.15714285714285714,0.0,3.0,0.7212196350097664,3.0,0.15714285714285714,0.7212196350097664
654.6666870117188,2026-04-12T23:05:56.121Z,2026-05-12T23:05:55.192Z,42.83453369140625,2.0,,3.0,나쁨,심각한 악화 (나쁨-3),3.0,,0.0,0.0,0.0,0.8889,0.0217,48,48,computed_co2_regression,3.0,20.16666603088379,history,24.40585327148437,2026-04-12 23:05:56.121000+00:00,38.75,2026-04-13 08:05:56.121000+09:00,0.13666671752929688,0.14761902945382255,0.0,3.0,0.716546630859375,3.0,0.14761902945382255,0.716546630859375
655.0,2026-04-12T23:06:03.067Z,2026-05-12T23:06:02.052Z,43.07295608520508,2.0,,3.0,나쁨,심각한 악화 (나쁨-3),3.0,,0.0,0.0,0.0,0.8889,0.0103,48,48,computed_co2_regression,3.0,20.0,history,24.39784240722656,2026-04-12 23:06:03.067000+00:00,39.5,2026-04-13 08:06:03.067000+09:00,0.1375,0.14285714285714285,0.0,3.0,0.6927043914794921,3.0,0.14285714285714285,0.6927043914794921
655.0,2026-04-12T23:06:08.687Z,2026-05-12T23:06:07.764Z,43.13684844970703,2.0,,3.0,나쁨,심각한 악화 (나쁨-3),3.0,,0.0,0.0,0.0,0.8923,0.0054,48,48,computed_co2_regression,3.0,20.0,history,24.38849639892578,2026-04-12 23:06:08.687000+00:00,40.16666793823242,2026-04-13 08:06:08.687000+09:00,0.1375,0.14285714285714285,0.0,3.0,0.6863151550292969,3.0,0.14285714285714285,0.6863151550292969
654.6666870117188,2026-04-12T23:06:16.811Z,2026-05-12T23:06:15.884Z,42.886024475097656,2.0,,3.0,나쁨,심각한 악화 (나쁨-3),3.0,,0.0,0.0,0.0,0.9001,0.0023,48,48,computed_co2_regression,3.0,19.83333396911621,history,24.38048553466797,2026-04-12 23:06:16.811000+00:00,40.83333206176758,2026-04-13 08:06:16.811000+09:00,0.13666671752929688,0.13809525626046318,0.0,3.0,0.7113975524902344,3.0,0.13809525626046318,0.7113975524902344
653.3333129882812,2026-04-12T23:06:22.774Z,2026-05-12T23:06:21.691Z,42.838340759277344,2.0,,3.0,나쁨,심각한 악화 (나쁨-3),3.0,,0.0,0.0,0.0,0.91,0.0002,48,48,computed_co2_regression,3.0,19.66666603088379,history,24.373809814453125,2026-04-12 23:06:22.774000+00:00,41.41666793823242,2026-04-13 08:06:22.774000+09:00,0.1333332824707031,0.13333331516810826,0.0,3.0,0.7161659240722656,3.0,0.13333331516810826,0.7161659240722656
651.3333129882812,2026-04-12T23:06:28.772Z,2026-05-12T23:06:27.634Z,42.933712005615234,2.0,,3.0,나쁨,심각한 악화 (나쁨-3),3.0,,0.0,0.0,0.026,0.9175,0.0007,48,48,computed_co2_regression,3.0,19.5,history,24.38716125488281,2026-04-12 23:06:28.772000+00:00,42.0,2026-04-13 08:06:28.772000+09:00,0.12833328247070314,0.12857142857142856,0.0,3.0,0.7066287994384766,3.0,0.12857142857142856,0.7066287994384766
649.6666870117188,2026-04-12T23:06:34.614Z,2026-05-12T23:06:33.663Z,42.743927001953125,2.0,,3.0,나쁨,심각한 악화 (나쁨-3),3.0,,0.0,0.0,0.047,0.9201,0.0023,48,48,computed_co2_regression,3.0,19.66666603088379,history,24.392501831054688,2026-04-12 23:06:34.614000+00:00,42.5,2026-04-13 08:06:34.614000+09:00,0.12416671752929688,0.13333331516810826,0.0,3.0,0.7256072998046875,3.0,0.13333331516810826,0.7256072998046875
649.0,2026-04-12T23:06:40.636Z,2026-05-12T23:06:39.722Z,42.53411102294922,2.0,,3.0,나쁨,심각한 악화 (나쁨-3),3.0,,0.0,0.0,0.065,0.9185,0.0041,48,48,computed_co2_regression,3.0,19.66666603088379,history,24.39784240722656,2026-04-12 23:06:40.636000+00:00,43.0,2026-04-13 08:06:40.636000+09:00,0.1225,0.13333331516810826,0.0,3.0,0.7465888977050781,3.0,0.13333331516810826,0.7465888977050781
649.0,2026-04-12T23:06:46.697Z,2026-05-12T23:06:45.628Z,42.3891487121582,2.0,,3.0,나쁨,심각한 악화 (나쁨-3),3.0,,0.0,0.0,0.065,0.9145,0.0042,48,48,computed_co2_regression,3.0,19.83333396911621,history,24.40318298339844,2026-04-12 23:06:46.697000+00:00,43.58333206176758,2026-04-13 08:06:46.697000+09:00,0.1225,0.13809525626046318,0.0,3.0,0.7610851287841797,3.0,0.13809525626046318,0.7610851287841797
649.0,2026-04-12T23:06:52.794Z,2026-05-12T23:06:51.726Z,42.68097686767578,2.0,,3.0,나쁨,심각한 악화 (나쁨-3),3.0,,0.0,0.0,0.063,0.908,0.0039,48,48,computed_co2_regression,3.0,20.16666603088379,history,24.40985870361328,2026-04-12 23:06:52.794000+00:00,44.16666793823242,2026-04-13 08:06:52.794000+09:00,0.1225,0.14761902945382255,0.0,3.0,0.7319023132324218,3.0,0.14761902945382255,0.7319023132324218
648.6666870117188,2026-04-12T23:06:58.567Z,2026-05-12T23:06:57.619Z,42.82975769042969,2.0,,3.0,나쁨,심각한 악화 (나쁨-3),3.0,,0.0,0.0,0.059,0.8978,0.0034,48,48,computed_co2_regression,3.0,20.16666603088379,history,24.41252899169922,2026-04-12 23:06:58.567000+00:00,44.75,2026-04-13 08:06:58.567000+09:00,0.12166671752929688,0.14761902945382255,0.0,3.0,0.7170242309570313,3.0,0.14761902945382255,0.7170242309570313
648.3333129882812,2026-04-12T23:07:05.503Z,2026-05-12T23:07:04.550Z,42.69719696044922,2.0,,3.0,나쁨,심각한 악화 (나쁨-3),3.0,,0.0,0.0,0.059,0.8852,0.0037,49,49,computed_co2_regression,3.0,20.33333396911621,history,24.396507263183597,2026-04-12 23:07:05.503000+00:00,45.33333206176758,2026-04-13 08:07:05.503000+09:00,0.12083328247070313,0.15238097054617747,0.0,3.0,0.7302803039550781,3.0,0.15238097054617747,0.7302803039550781
648.0,2026-04-12T23:07:11.675Z,2026-05-12T23:07:10.707Z,42.61041259765625,2.0,,3.0,나쁨,심각한 악화 (나쁨-3),3.0,,0.0,0.0,0.054,0.8687,0.003,49,49,computed_co2_regression,3.0,20.16666603088379,history,24.384490966796875,2026-04-12 23:07:11.675000+00:00,45.91666793823242,2026-04-13 08:07:11.675000+09:00,0.12,0.14761902945382255,0.0,3.0,0.738958740234375,3.0,0.14761902945382255,0.738958740234375
648.0,2026-04-12T23:07:18.966Z,2026-05-12T23:07:18.027Z,42.59801483154297,2.0,,3.0,나쁨,심각한 악화 (나쁨-3),3.0,,0.0,0.0,0.114,0.8436,0.0127,48,48,computed_co2_regression,3.0,19.83333396911621,history,24.4005126953125,2026-04-12 23:07:18.966000+00:00,46.5,2026-04-13 08:07:18.966000+09:00,0.12,0.13809525626046318,0.0,3.0,0.7401985168457031,3.0,0.13809525626046318,0.7401985168457031
648.0,2026-04-12T23:07:24.682Z,2026-05-12T23:07:23.759Z,42.811641693115234,2.0,,3.0,나쁨,심각한 악화 (나쁨-3),3.0,,0.0,0.0,0.218,0.8201,0.0444,48,48,computed_co2_regression,3.0,19.5,history,24.385826110839844,2026-04-12 23:07:24.682000+00:00,47.16666793823242,2026-04-13 08:07:24.682000+09:00,0.12,0.12857142857142856,0.0,3.0,0.7188358306884766,3.0,0.12857142857142856,0.7188358306884766
649.3333129882812,2026-04-12T23:07:30.780Z,2026-05-12T23:07:29.855Z,42.984256744384766,2.0,,3.0,나쁨,심각한 악화 (나쁨-3),3.0,,0.0,0.0,0.333,0.8001,0.0973,48,48,computed_co2_regression,3.0,19.33333396911621,history,24.37781524658203,2026-04-12 23:07:30.780000+00:00,47.83333206176758,2026-04-13 08:07:30.780000+09:00,0.12333328247070313,0.12380954197474889,0.0,3.0,0.7015743255615234,3.0,0.12380954197474889,0.7015743255615234
651.3333129882812,2026-04-12T23:07:36.691Z,2026-05-12T23:07:35.732Z,42.85741424560547,2.0,,3.0,나쁨,심각한 악화 (나쁨-3),3.0,,0.0,0.0,0.485,0.7852,0.1956,48,48,computed_co2_regression,3.0,19.16666603088379,history,24.407188415527344,2026-04-12 23:07:36.691000+00:00,48.58333206176758,2026-04-13 08:07:36.691000+09:00,0.12833328247070314,0.11904760088239397,0.0,3.0,0.7142585754394531,3.0,0.12833328247070314,0.7142585754394531
654.3333129882812,2026-04-12T23:07:43.769Z,2026-05-12T23:07:41.812Z,42.67430877685547,2.0,,3.0,나쁨,심각한 악화 (나쁨-3),3.0,,0.0,0.0,0.623,0.7774,0.3016,48,48,computed_co2_regression,3.0,19.16666603088379,history,24.40184783935547,2026-04-12 23:07:43.769000+00:00,49.25,2026-04-13 08:07:43.769000+09:00,0.13583328247070312,0.11904760088239397,0.0,3.0,0.7325691223144531,3.0,0.13583328247070312,0.7325691223144531
657.0,2026-04-12T23:07:50.403Z,2026-05-12T23:07:48.623Z,42.662864685058594,2.0,,3.0,나쁨,심각한 악화 (나쁨-3),3.0,,0.0,0.0,0.697,0.7737,0.3608,48,48,computed_co2_regression,3.0,19.5,history,24.395172119140625,2026-04-12 23:07:50.403000+00:00,50.0,2026-04-13 08:07:50.403000+09:00,0.1425,0.12857142857142856,0.0,3.0,0.7337135314941406,3.0,0.1425,0.7337135314941406
659.0,2026-04-12T23:07:56.280Z,2026-05-12T23:07:55.064Z,42.68098831176758,2.0,,3.0,나쁨,심각한 악화 (나쁨-3),3.0,,0.0,0.0,0.743,0.7721,0.3996,48,48,computed_co2_regression,3.0,19.66666603088379,history,24.385826110839844,2026-04-12 23:07:56.280000+00:00,50.75,2026-04-13 08:07:56.280000+09:00,0.1475,0.13333331516810826,0.0,3.0,0.7319011688232422,3.0,0.1475,0.7319011688232422
660.0,2026-04-12T23:08:03.120Z,2026-05-12T23:08:01.979Z,42.58562088012695,2.0,,3.0,나쁨,심각한 악화 (나쁨-3),3.0,,0.0,0.0,0.763,0.771,0.4139,48,48,computed_co2_regression,3.0,19.66666603088379,history,24.38716125488281,2026-04-12 23:08:03.120000+00:00,51.5,2026-04-13 08:08:03.120000+09:00,0.15,0.13333331516810826,0.0,3.0,0.7414379119873047,3.0,0.15,0.7414379119873047
660.0,2026-04-12T23:08:09.282Z,2026-05-12T23:08:08.177Z,42.56177520751953,2.0,,3.0,나쁨,심각한 악화 (나쁨-3),3.0,,0.0,0.0,0.803,0.7702,0.439,48,48,computed_co2_regression,3.0,19.33333396911621,history,24.408523559570312,2026-04-12 23:08:09.282000+00:00,52.16666793823242,2026-04-13 08:08:09.282000+09:00,0.15,0.12380954197474889,0.0,3.0,0.7438224792480469,3.0,0.15,0.7438224792480469
659.6666870117188,2026-04-12T23:08:16.485Z,2026-05-12T23:08:15.060Z,42.67335510253906,2.0,,3.0,나쁨,심각한 악화 (나쁨-3),3.0,,0.0,0.0,0.815,0.7692,0.4467,48,48,computed_co2_regression,3.0,19.5,history,24.41252899169922,2026-04-12 23:08:16.485000+00:00,52.83333206176758,2026-04-13 08:08:16.485000+09:00,0.1491667175292969,0.12857142857142856,0.0,3.0,0.7326644897460938,3.0,0.1491667175292969,0.7326644897460938
658.6666870117188,2026-04-12T23:08:24.010Z,2026-05-12T23:08:23.046Z,42.5674934387207,2.0,,3.0,나쁨,심각한 악화 (나쁨-3),3.0,,0.0,0.0,0.834,0.7658,0.4583,48,48,computed_co2_regression,3.0,19.33333396911621,history,24.40184783935547,2026-04-12 23:08:24.010000+00:00,53.5,2026-04-13 08:08:24.010000+09:00,0.14666671752929689,0.12380954197474889,0.0,3.0,0.7432506561279297,3.0,0.14666671752929689,0.7432506561279297
657.6666870117188,2026-04-12T23:08:30.214Z,2026-05-12T23:08:29.119Z,42.34624099731445,2.0,,3.0,나쁨,심각한 악화 (나쁨-3),3.0,,0.0,0.0,0.886,0.7585,0.4911,48,48,computed_co2_regression,3.0,19.16666603088379,history,24.39784240722656,2026-04-12 23:08:30.214000+00:00,54.16666793823242,2026-04-13 08:08:30.214000+09:00,0.14416671752929688,0.11904760088239397,0.0,3.0,0.7653759002685547,3.0,0.14416671752929688,0.7653759002685547
656.6666870117188,2026-04-12T23:08:36.729Z,2026-05-12T23:08:35.741Z,42.44256591796875,2.0,,3.0,나쁨,심각한 악화 (나쁨-3),3.0,,0.0,0.0,0.921,0.7467,0.5201,48,48,computed_co2_regression,3.0,19.5,history,24.39784240722656,2026-04-12 23:08:36.729000+00:00,54.83333206176758,2026-04-13 08:08:36.729000+09:00,0.14166671752929688,0.12857142857142856,0.0,3.0,0.755743408203125,3.0,0.14166671752929688,0.755743408203125
655.6666870117188,2026-04-12T23:08:42.899Z,2026-05-12T23:08:41.780Z,42.78208160400391,2.0,,3.0,나쁨,심각한 악화 (나쁨-3),3.0,,0.0,0.0,0.929,0.7294,0.5294,48,48,computed_co2_regression,3.0,20.0,history,24.413864135742188,2026-04-12 23:08:42.899000+00:00,55.41666793823242,2026-04-13 08:08:42.899000+09:00,0.13916671752929688,0.14285714285714285,0.0,3.0,0.7217918395996087,3.0,0.14285714285714285,0.7217918395996087
655.0,2026-04-12T23:08:48.887Z,2026-05-12T23:08:47.721Z,42.87936019897461,2.0,,3.0,나쁨,심각한 악화 (나쁨-3),3.0,,0.0,0.0,0.925,0.7075,0.5253,48,48,computed_co2_regression,3.0,20.33333396911621,history,24.421875,2026-04-12 23:08:48.887000+00:00,55.91666793823242,2026-04-13 08:08:48.887000+09:00,0.1375,0.15238097054617747,0.0,3.0,0.712063980102539,3.0,0.15238097054617747,0.712063980102539
655.0,2026-04-12T23:08:54.804Z,2026-05-12T23:08:53.712Z,42.74011993408203,2.0,,3.0,나쁨,심각한 악화 (나쁨-3),3.0,,0.0,0.0,0.911,0.6841,0.5071,48,48,computed_co2_regression,3.0,20.5,history,24.424545288085938,2026-04-12 23:08:54.804000+00:00,56.33333206176758,2026-04-13 08:08:54.804000+09:00,0.1375,0.15714285714285714,0.0,3.0,0.7259880065917969,3.0,0.15714285714285714,0.7259880065917969
655.6666870117188,2026-04-12T23:09:00.860Z,2026-05-12T23:08:59.777Z,42.60755157470703,2.0,,3.0,나쁨,심각한 악화 (나쁨-3),3.0,,0.0,0.0,0.864,0.6627,0.4414,48,48,computed_co2_regression,3.0,21.0,history,24.425880432128903,2026-04-12 23:09:00.860000+00:00,56.83333206176758,2026-04-13 08:09:00.860000+09:00,0.13916671752929688,0.17142857142857143,0.0,3.0,0.7392448425292969,3.0,0.17142857142857143,0.7392448425292969
656.0,2026-04-12T23:09:07.414Z,2026-05-12T23:09:06.423Z,42.586570739746094,2.0,,3.0,나쁨,심각한 악화 (나쁨-3),3.0,,0.0,0.0,0.76,0.642,0.3161,48,48,computed_co2_regression,3.0,21.5,history,24.425880432128903,2026-04-12 23:09:07.414000+00:00,57.33333206176758,2026-04-13 08:09:07.414000+09:00,0.14,0.18571428571428572,0.0,3.0,0.7413429260253906,3.0,0.18571428571428572,0.7413429260253906
656.0,2026-04-12T23:09:14.352Z,2026-05-12T23:09:13.230Z,42.72008895874024,2.0,,3.0,나쁨,심각한 악화 (나쁨-3),3.0,,0.0,0.0,0.635,0.6201,0.203,48,48,computed_co2_regression,3.0,21.66666603088379,history,24.428550720214844,2026-04-12 23:09:14.352000+00:00,57.75,2026-04-13 08:09:14.352000+09:00,0.14,0.1904761723109654,0.0,3.0,0.7279911041259759,3.0,0.1904761723109654,0.7279911041259759
656.0,2026-04-12T23:09:20.232Z,2026-05-12T23:09:19.129Z,42.75346755981445,2.0,,3.0,나쁨,심각한 악화 (나쁨-3),3.0,,0.0,0.0,0.513,0.5966,0.1255,48,48,computed_co2_regression,3.0,21.5,history,24.42988586425781,2026-04-12 23:09:20.232000+00:00,58.16666793823242,2026-04-13 08:09:20.232000+09:00,0.14,0.18571428571428572,0.0,3.0,0.7246532440185547,3.0,0.18571428571428572,0.7246532440185547
656.0,2026-04-12T23:09:27.366Z,2026-05-12T23:09:26.379Z,42.66763305664063,2.0,,3.0,나쁨,심각한 악화 (나쁨-3),3.0,,0.0,0.0,0.38,0.5709,0.0676,48,48,computed_co2_regression,3.0,21.33333396911621,history,24.424545288085938,2026-04-12 23:09:27.366000+00:00,58.66666793823242,2026-04-13 08:09:27.366000+09:00,0.14,0.18095239911760602,0.0,3.0,0.7332366943359367,3.0,0.18095239911760602,0.7332366943359367
655.6666870117188,2026-04-12T23:09:33.071Z,2026-05-12T23:09:32.109Z,42.594200134277344,2.0,,3.0,나쁨,심각한 악화 (나쁨-3),3.0,,0.0,0.0,0.272,0.5414,0.0353,48,48,computed_co2_regression,3.0,20.83333396911621,history,24.40985870361328,2026-04-12 23:09:33.071000+00:00,59.25,2026-04-13 08:09:33.071000+09:00,0.13916671752929688,0.16666668483189173,0.0,3.0,0.7405799865722656,3.0,0.16666668483189173,0.7405799865722656
655.0,2026-04-12T23:09:39.118Z,2026-05-12T23:09:38.160Z,42.52172088623047,2.0,,3.0,나쁨,심각한 악화 (나쁨-3),3.0,,0.0,0.0,0.21,0.5059,0.0216,48,48,computed_co2_regression,3.0,20.33333396911621,history,24.417869567871094,2026-04-12 23:09:39.118000+00:00,59.91666793823242,2026-04-13 08:09:39.118000+09:00,0.1375,0.15238097054617747,0.0,3.0,0.7478279113769531,3.0,0.15238097054617747,0.7478279113769531
654.0,2026-04-12T23:09:45.566Z,2026-05-12T23:09:44.628Z,42.70101547241211,2.0,,3.0,나쁨,심각한 악화 (나쁨-3),3.0,,0.0,0.0,0.183,0.46,0.0166,48,48,computed_co2_regression,3.0,19.83333396911621,history,24.42053985595703,2026-04-12 23:09:45.566000+00:00,60.66666793823242,2026-04-13 08:09:45.566000+09:00,0.135,0.13809525626046318,0.0,3.0,0.7298984527587891,3.0,0.13809525626046318,0.7298984527587891
653.3333129882812,2026-04-12T23:09:51.681Z,2026-05-12T23:09:50.703Z,42.72390365600586,2.0,,3.0,나쁨,심각한 악화 (나쁨-3),3.0,,0.0,0.0,0.213,0.4046,0.0219,48,48,computed_co2_regression,3.0,19.16666603088379,history,24.425880432128903,2026-04-12 23:09:51.681000+00:00,61.41666793823242,2026-04-13 08:09:51.681000+09:00,0.1333332824707031,0.11904760088239397,0.0,3.0,0.7276096343994141,3.0,0.1333332824707031,0.7276096343994141
653.0,2026-04-12T23:09:57.546Z,2026-05-12T23:09:56.614Z,42.51885986328125,2.0,,3.0,나쁨,심각한 악화 (나쁨-3),3.0,,0.0,0.0,0.275,0.3432,0.0342,48,48,computed_co2_regression,3.0,18.83333396911621,history,24.43255615234375,2026-04-12 23:09:57.546000+00:00,62.16666793823242,2026-04-13 08:09:57.546000+09:00,0.1325,0.1095238276890346,0.0,3.0,0.748114013671875,3.0,0.1325,0.748114013671875
654.3333129882812,2026-04-12T23:10:04.475Z,2026-05-12T23:10:03.535Z,42.66668319702149,2.0,,3.0,나쁨,심각한 악화 (나쁨-3),3.0,,0.0,0.0,0.333,0.2943,0.0469,48,48,computed_co2_regression,3.0,18.66666603088379,history,24.417869567871094,2026-04-12 23:10:04.475000+00:00,63.0,2026-04-13 08:10:04.475000+09:00,0.13583328247070312,0.10476188659667969,0.0,3.0,0.7333316802978509,3.0,0.13583328247070312,0.7333316802978509
656.0,2026-04-12T23:10:10.669Z,2026-05-12T23:10:09.741Z,42.91178131103516,2.0,,3.0,나쁨,심각한 악화 (나쁨-3),3.0,,0.0,0.0,0.359,0.2623,0.053,48,48,computed_co2_regression,3.0,18.83333396911621,history,24.419204711914062,2026-04-12 23:10:10.669000+00:00,63.91666793823242,2026-04-13 08:10:10.669000+09:00,0.14,0.1095238276890346,0.0,3.0,0.7088218688964837,3.0,0.14,0.7088218688964837
658.0,2026-04-12T23:10:17.669Z,2026-05-12T23:10:16.561Z,42.90224456787109,2.0,,3.0,나쁨,심각한 악화 (나쁨-3),3.0,,0.0,0.0,0.354,0.2514,0.0521,48,48,computed_co2_regression,3.0,19.0,history,24.413864135742188,2026-04-12 23:10:17.669000+00:00,64.75,2026-04-13 08:10:17.669000+09:00,0.145,0.11428571428571428,0.0,3.0,0.7097755432128914,3.0,0.145,0.7097755432128914
658.6666870117188,2026-04-12T23:10:23.791Z,2026-05-12T23:10:22.713Z,42.827857971191406,2.0,,3.0,나쁨,심각한 악화 (나쁨-3),3.0,,0.0,0.0,0.342,0.2493,0.0492,48,48,computed_co2_regression,3.0,19.16666603088379,history,24.425880432128903,2026-04-12 23:10:23.791000+00:00,65.5,2026-04-13 08:10:23.791000+09:00,0.14666671752929689,0.11904760088239397,0.0,3.0,0.7172142028808594,3.0,0.14666671752929689,0.7172142028808594
659.0,2026-04-12T23:10:30.967Z,2026-05-12T23:10:30.025Z,42.73915863037109,2.0,,3.0,나쁨,심각한 악화 (나쁨-3),3.0,,0.0,0.0,0.3,0.2555,0.0395,48,48,computed_co2_regression,3.0,19.33333396911621,history,24.439231872558597,2026-04-12 23:10:30.967000+00:00,66.25,2026-04-13 08:10:30.967000+09:00,0.1475,0.12380954197474889,0.0,3.0,0.7260841369628913,3.0,0.1475,0.7260841369628913
659.0,2026-04-12T23:10:36.673Z,2026-05-12T23:10:35.731Z,42.660003662109375,2.0,,3.0,나쁨,심각한 악화 (나쁨-3),3.0,,0.0,0.0,0.253,0.2666,0.0293,48,48,computed_co2_regression,3.0,19.33333396911621,history,24.42988586425781,2026-04-12 23:10:36.673000+00:00,67.0,2026-04-13 08:10:36.673000+09:00,0.1475,0.12380954197474889,0.0,3.0,0.7339996337890625,3.0,0.1475,0.7339996337890625
658.6666870117188,2026-04-12T23:10:42.809Z,2026-05-12T23:10:41.870Z,42.65046691894531,2.0,,3.0,나쁨,심각한 악화 (나쁨-3),3.0,,0.0,0.0,0.235,0.2814,0.0259,48,48,computed_co2_regression,3.0,19.16666603088379,history,24.427215576171875,2026-04-12 23:10:42.809000+00:00,67.66666412353516,2026-04-13 08:10:42.809000+09:00,0.14666671752929689,0.11904760088239397,0.0,3.0,0.7349533081054688,3.0,0.14666671752929689,0.7349533081054688
658.0,2026-04-12T23:10:48.641Z,2026-05-12T23:10:47.709Z,42.78779983520508,2.0,,3.0,나쁨,심각한 악화 (나쁨-3),3.0,,0.0,0.0,0.25,0.2989,0.0288,48,48,computed_co2_regression,3.0,18.83333396911621,history,24.427215576171875,2026-04-12 23:10:48.641000+00:00,68.25,2026-04-13 08:10:48.641000+09:00,0.145,0.1095238276890346,0.0,3.0,0.7212200164794922,3.0,0.145,0.7212200164794922
657.0,2026-04-12T23:10:54.705Z,2026-05-12T23:10:53.743Z,42.8984260559082,2.0,,3.0,나쁨,심각한 악화 (나쁨-3),3.0,,0.0,0.0,0.31,0.3174,0.0411,48,48,computed_co2_regression,3.0,18.33333396911621,history,24.424545288085938,2026-04-12 23:10:54.705000+00:00,68.66666412353516,2026-04-13 08:10:54.705000+09:00,0.1425,0.09523811340332031,0.0,3.0,0.7101573944091797,3.0,0.1425,0.7101573944091797
656.3333129882812,2026-04-12T23:11:00.808Z,2026-05-12T23:10:59.826Z,42.907005310058594,2.0,,3.0,나쁨,심각한 악화 (나쁨-3),3.0,,0.0,0.0,0.427,0.3368,0.068,48,48,computed_co2_regression,3.0,17.83333396911621,history,24.424545288085938,2026-04-12 23:11:00.808000+00:00,69.08333587646484,2026-04-13 08:11:00.808000+09:00,0.14083328247070312,0.08095239911760603,0.0,3.0,0.7092994689941406,3.0,0.14083328247070312,0.7092994689941406
657.0,2026-04-12T23:11:07.459Z,2026-05-12T23:11:06.531Z,42.91368103027344,2.0,,3.0,나쁨,심각한 악화 (나쁨-3),3.0,,0.0,0.0,0.549,0.3659,0.1001,48,48,computed_co2_regression,3.0,17.83333396911621,history,24.439231872558597,2026-04-12 23:11:07.459000+00:00,69.5,2026-04-13 08:11:07.459000+09:00,0.1425,0.08095239911760603,0.0,3.0,0.7086318969726563,3.0,0.1425,0.7086318969726563
658.6666870117188,2026-04-12T23:11:14.532Z,2026-05-12T23:11:13.599Z,43.02812194824219,2.0,,3.0,나쁨,심각한 악화 (나쁨-3),3.0,,0.0,0.0,0.651,0.4087,0.13,48,48,computed_co2_regression,3.0,18.0,history,24.449913024902344,2026-04-12 23:11:14.532000+00:00,70.0,2026-04-13 08:11:14.532000+09:00,0.14666671752929689,0.08571428571428572,0.0,3.0,0.6971878051757813,3.0,0.14666671752929689,0.6971878051757813
661.3333129882812,2026-04-12T23:11:20.676Z,2026-05-12T23:11:19.732Z,42.91463470458984,2.0,,3.0,나쁨,심각한 악화 (나쁨-3),3.0,,0.0,0.0,0.72,0.4614,0.1536,48,48,computed_co2_regression,3.0,18.5,history,24.44457244873047,2026-04-12 23:11:20.676000+00:00,70.5,2026-04-13 08:11:20.676000+09:00,0.15333328247070313,0.1,0.0,3.0,0.7085365295410163,3.0,0.15333328247070313,0.7085365295410163
663.3333129882812,2026-04-12T23:11:26.594Z,2026-05-12T23:11:25.650Z,42.60372924804688,2.0,,3.0,나쁨,심각한 악화 (나쁨-3),3.0,,0.0,0.0,0.759,0.5027,0.1691,48,48,computed_co2_regression,3.0,19.0,history,24.435226440429688,2026-04-12 23:11:26.594000+00:00,71.0,2026-04-13 08:11:26.594000+09:00,0.15833328247070313,0.11428571428571428,0.0,3.0,0.7396270751953118,3.0,0.15833328247070313,0.7396270751953118
664.6666870117188,2026-04-12T23:11:33.982Z,2026-05-12T23:11:33.043Z,42.68098068237305,2.0,,3.0,나쁨,심각한 악화 (나쁨-3),3.0,,0.0,0.0,0.783,0.5254,0.1798,48,48,computed_co2_regression,3.0,19.33333396911621,history,24.44857788085937,2026-04-12 23:11:33.982000+00:00,71.5,2026-04-13 08:11:33.982000+09:00,0.16166671752929687,0.12380954197474889,0.0,3.0,0.7319019317626954,3.0,0.16166671752929687,0.7319019317626954
665.3333129882812,2026-04-12T23:11:40.154Z,2026-05-12T23:11:39.072Z,42.86599349975586,2.0,,3.0,나쁨,심각한 악화 (나쁨-3),3.0,,0.0,0.0,0.781,0.5362,0.1793,48,48,computed_co2_regression,3.0,19.5,history,24.439231872558597,2026-04-12 23:11:40.154000+00:00,72.0,2026-04-13 08:11:40.154000+09:00,0.1633332824707031,0.12857142857142856,0.0,3.0,0.7134006500244141,3.0,0.1633332824707031,0.7134006500244141
665.6666870117188,2026-04-12T23:11:45.971Z,2026-05-12T23:11:45.034Z,42.919395446777344,2.0,,3.0,나쁨,심각한 악화 (나쁨-3),3.0,,0.0,0.0,0.78,0.5427,0.1786,48,48,computed_co2_regression,3.0,19.5,history,24.42321014404297,2026-04-12 23:11:45.971000+00:00,72.58333587646484,2026-04-13 08:11:45.971000+09:00,0.16416671752929687,0.12857142857142856,0.0,3.0,0.7080604553222656,3.0,0.16416671752929687,0.7080604553222656
665.3333129882812,2026-04-12T23:11:52.160Z,2026-05-12T23:11:51.225Z,42.85645294189453,2.0,,3.0,나쁨,심각한 악화 (나쁨-3),3.0,,0.0,0.0,0.79,0.5471,0.1827,48,48,computed_co2_regression,3.0,19.16666603088379,history,24.439231872558597,2026-04-12 23:11:52.160000+00:00,73.08333587646484,2026-04-13 08:11:52.160000+09:00,0.1633332824707031,0.11904760088239397,0.0,3.0,0.7143547058105468,3.0,0.1633332824707031,0.7143547058105468
664.6666870117188,2026-04-12T23:11:58.008Z,2026-05-12T23:11:57.071Z,42.76966857910156,2.0,,3.0,나쁨,심각한 악화 (나쁨-3),3.0,,0.0,0.0,0.786,0.5482,0.1809,48,48,computed_co2_regression,3.0,19.0,history,24.449913024902344,2026-04-12 23:11:58.008000+00:00,73.66666412353516,2026-04-13 08:11:58.008000+09:00,0.16166671752929687,0.11428571428571428,0.0,3.0,0.7230331420898437,3.0,0.16166671752929687,0.7230331420898437
663.6666870117188,2026-04-12T23:12:05.066Z,2026-05-12T23:12:03.988Z,42.96421813964844,2.0,,3.0,나쁨,심각한 악화 (나쁨-3),3.0,,0.0,0.0,0.778,0.5427,0.1778,48,48,computed_co2_regression,3.0,19.0,history,24.44857788085937,2026-04-12 23:12:05.066000+00:00,74.33333587646484,2026-04-13 08:12:05.066000+09:00,0.15916671752929687,0.11428571428571428,0.0,3.0,0.7035781860351562,3.0,0.15916671752929687,0.7035781860351562
663.0,2026-04-12T23:12:11.187Z,2026-05-12T23:12:10.216Z,43.43724822998047,2.0,,3.0,나쁨,심각한 악화 (나쁨-3),3.0,,0.0,0.0,0.729,0.5313,0.1587,48,48,computed_co2_regression,3.0,19.33333396911621,history,24.447242736816406,2026-04-12 23:12:11.187000+00:00,75.08333587646484,2026-04-13 08:12:11.187000+09:00,0.1575,0.12380954197474889,0.0,3.0,0.6562751770019531,3.0,0.1575,0.6562751770019531
661.6666870117188,2026-04-12T23:12:17.848Z,2026-05-12T23:12:16.916Z,43.42961883544922,2.0,,3.0,나쁨,심각한 악화 (나쁨-3),3.0,,0.0,0.0,0.69,0.5093,0.1434,48,48,computed_co2_regression,3.0,19.33333396911621,history,24.44590759277344,2026-04-12 23:12:17.848000+00:00,75.75,2026-04-13 08:12:17.848000+09:00,0.15416671752929687,0.12380954197474889,0.0,3.0,0.6570381164550781,3.0,0.15416671752929687,0.6570381164550781
660.0,2026-04-12T23:12:23.767Z,2026-05-12T23:12:22.830Z,42.89363861083984,2.0,,3.0,나쁨,심각한 악화 (나쁨-3),3.0,,0.0,0.0,0.66,0.472,0.1318,48,48,computed_co2_regression,3.0,19.5,history,24.451248168945312,2026-04-12 23:12:23.767000+00:00,76.41666412353516,2026-04-13 08:12:23.767000+09:00,0.15,0.12857142857142856,0.0,3.0,0.7106361389160163,3.0,0.15,0.7106361389160163
658.3333129882812,2026-04-12T23:12:29.780Z,2026-05-12T23:12:28.844Z,42.60276794433594,2.0,,3.0,나쁨,심각한 악화 (나쁨-3),3.0,,0.0,0.0,0.631,0.4143,0.1199,48,48,computed_co2_regression,3.0,19.83333396911621,history,24.46326446533203,2026-04-12 23:12:29.780000+00:00,77.08333587646484,2026-04-13 08:12:29.780000+09:00,0.14583328247070312,0.13809525626046318,0.0,3.0,0.7397232055664062,3.0,0.14583328247070312,0.7397232055664062
657.0,2026-04-12T23:12:36.885Z,2026-05-12T23:12:35.952Z,42.69813919067383,2.0,,3.0,나쁨,심각한 악화 (나쁨-3),3.0,,0.0,0.0,0.592,0.3376,0.104,48,48,computed_co2_regression,3.0,20.16666603088379,history,24.460594177246094,2026-04-12 23:12:36.885000+00:00,77.83333587646484,2026-04-13 08:12:36.885000+09:00,0.1425,0.14761902945382255,0.0,3.0,0.7301860809326172,3.0,0.14761902945382255,0.7301860809326172
656.0,2026-04-12T23:12:42.707Z,2026-05-12T23:12:41.772Z,42.69718551635742,2.0,,3.0,나쁨,심각한 악화 (나쁨-3),3.0,,0.0,0.0,0.545,0.254,0.0861,48,48,computed_co2_regression,3.0,20.5,history,24.44590759277344,2026-04-12 23:12:42.707000+00:00,78.58333587646484,2026-04-13 08:12:42.707000+09:00,0.14,0.15714285714285714,0.0,3.0,0.7302814483642578,3.0,0.15714285714285714,0.7302814483642578
655.6666870117188,2026-04-12T23:12:48.642Z,2026-05-12T23:12:47.705Z,42.70671844482422,2.0,,3.0,나쁨,심각한 악화 (나쁨-3),3.0,,0.0,0.0,0.502,0.1899,0.0716,48,48,computed_co2_regression,3.0,20.5,history,24.44590759277344,2026-04-12 23:12:48.642000+00:00,79.5,2026-04-13 08:12:48.642000+09:00,0.13916671752929688,0.15714285714285714,0.0,3.0,0.7293281555175781,3.0,0.15714285714285714,0.7293281555175781
655.6666870117188,2026-04-12T23:12:54.675Z,2026-05-12T23:12:53.692Z,43.08342361450195,2.0,,3.0,나쁨,심각한 악화 (나쁨-3),3.0,,0.0,0.0,0.437,0.1527,0.053,48,48,computed_co2_regression,3.0,20.5,history,24.461929321289062,2026-04-12 23:12:54.675000+00:00,80.58333587646484,2026-04-13 08:12:54.675000+09:00,0.13916671752929688,0.15714285714285714,0.0,3.0,0.6916576385498047,3.0,0.15714285714285714,0.6916576385498047
656.3333129882812,2026-04-12T23:13:01.761Z,2026-05-12T23:13:00.829Z,43.14923095703125,2.0,,3.0,나쁨,심각한 악화 (나쁨-3),3.0,,0.0,0.0,0.385,0.1418,0.0407,48,48,computed_co2_regression,3.0,20.16666603088379,history,24.469940185546875,2026-04-12 23:13:01.761000+00:00,81.66666412353516,2026-04-13 08:13:01.761000+09:00,0.14083328247070312,0.14761902945382255,0.0,3.0,0.685076904296875,3.0,0.14761902945382255,0.685076904296875
657.3333129882812,2026-04-12T23:13:07.657Z,2026-05-12T23:13:06.533Z,42.867897033691406,2.0,,3.0,나쁨,심각한 악화 (나쁨-3),3.0,,0.0,0.0,0.359,0.1499,0.0353,48,48,computed_co2_regression,3.0,19.83333396911621,history,24.464599609375,2026-04-12 23:13:07.657000+00:00,82.91666412353516,2026-04-13 08:13:07.657000+09:00,0.14333328247070312,0.13809525626046318,0.0,3.0,0.7132102966308593,3.0,0.14333328247070312,0.7132102966308593
658.0,2026-04-12T23:13:14.485Z,2026-05-12T23:13:13.540Z,42.802093505859375,2.0,,3.0,나쁨,심각한 악화 (나쁨-3),3.0,,0.0,0.0,0.384,0.1652,0.0404,48,48,computed_co2_regression,3.0,19.5,history,24.45258331298828,2026-04-12 23:13:14.485000+00:00,84.25,2026-04-13 08:13:14.485000+09:00,0.145,0.12857142857142856,0.0,3.0,0.7197906494140625,3.0,0.145,0.7197906494140625
658.3333129882812,2026-04-12T23:13:20.595Z,2026-05-12T23:13:19.587Z,42.65617370605469,2.0,,3.0,나쁨,심각한 악화 (나쁨-3),3.0,,0.0,0.0,0.409,0.1815,0.0457,48,48,computed_co2_regression,3.0,19.33333396911621,history,24.45792388916016,2026-04-12 23:13:20.595000+00:00,85.75,2026-04-13 08:13:20.595000+09:00,0.14583328247070312,0.12380954197474889,0.0,3.0,0.7343826293945312,3.0,0.14583328247070312,0.7343826293945312
658.0,2026-04-12T23:13:26.588Z,2026-05-12T23:13:25.560Z,42.51121520996094,2.0,,3.0,나쁨,심각한 악화 (나쁨-3),3.0,,0.0,0.0,0.458,0.1855,0.0572,48,48,computed_co2_regression,3.0,19.16666603088379,history,24.45792388916016,2026-04-12 23:13:26.588000+00:00,87.33333587646484,2026-04-13 08:13:26.588000+09:00,0.145,0.11904760088239397,0.0,3.0,0.7488784790039062,3.0,0.145,0.7488784790039062
657.6666870117188,2026-04-12T23:13:32.672Z,2026-05-12T23:13:31.733Z,42.77824783325195,2.0,,3.0,나쁨,심각한 악화 (나쁨-3),3.0,,0.0,0.0,0.508,0.1773,0.0705,48,48,computed_co2_regression,3.0,19.33333396911621,history,24.451248168945312,2026-04-12 23:13:32.672000+00:00,89.08333587646484,2026-04-13 08:13:32.672000+09:00,0.14416671752929688,0.12380954197474889,0.0,3.0,0.7221752166748047,3.0,0.14416671752929688,0.7221752166748047
656.6666870117188,2026-04-12T23:13:40.367Z,2026-05-12T23:13:39.427Z,43.22457504272461,2.0,,3.0,나쁨,심각한 악화 (나쁨-3),3.0,,0.0,0.0,0.519,0.1516,0.0737,48,48,computed_co2_regression,3.0,19.5,history,24.459259033203125,2026-04-12 23:13:40.367000+00:00,90.91666412353516,2026-04-13 08:13:40.367000+09:00,0.14166671752929688,0.12857142857142856,0.0,3.0,0.6775424957275391,3.0,0.14166671752929688,0.6775424957275391
655.3333129882812,2026-04-12T23:13:46.266Z,2026-05-12T23:13:45.191Z,43.31040191650391,2.0,,3.0,나쁨,심각한 악화 (나쁨-3),3.0,,0.0,0.0,0.48,0.1101,0.0632,48,48,computed_co2_regression,3.0,19.66666603088379,history,24.460594177246094,2026-04-12 23:13:46.266000+00:00,92.75,2026-04-13 08:13:46.266000+09:00,0.13833328247070312,0.13333331516810826,0.0,3.0,0.6689598083496087,3.0,0.13833328247070312,0.6689598083496087
654.0,2026-04-12T23:13:52.352Z,2026-05-12T23:13:51.270Z,43.07102584838867,2.0,,3.0,나쁨,심각한 악화 (나쁨-3),3.0,,0.0,0.0,0.402,0.0633,0.045,48,48,computed_co2_regression,3.0,19.83333396911621,history,24.45525360107422,2026-04-12 23:13:52.352000+00:00,94.58333587646484,2026-04-13 08:13:52.352000+09:00,0.135,0.13809525626046318,0.0,3.0,0.6928974151611328,3.0,0.13809525626046318,0.6928974151611328
653.3333129882812,2026-04-12T23:13:58.084Z,2026-05-12T23:13:57.151Z,42.96993255615234,2.0,,3.0,나쁨,심각한 악화 (나쁨-3),3.0,,0.0,0.0,0.323,0.0272,0.0297,48,48,computed_co2_regression,3.0,19.66666603088379,history,24.45525360107422,2026-04-12 23:13:58.084000+00:00,96.5,2026-04-13 08:13:58.084000+09:00,0.1333332824707031,0.13333331516810826,0.0,3.0,0.7030067443847663,3.0,0.13333331516810826,0.7030067443847663
653.3333129882812,2026-04-12T23:14:05.061Z,2026-05-12T23:14:04.062Z,42.85835266113281,2.0,,3.0,나쁨,심각한 악화 (나쁨-3),3.0,,0.0,0.0,0.217,0.0077,0.0141,48,48,computed_co2_regression,3.0,19.5,history,24.45525360107422,2026-04-12 23:14:05.061000+00:00,98.41666412353516,2026-04-13 08:14:05.061000+09:00,0.1333332824707031,0.12857142857142856,0.0,3.0,0.7141647338867188,3.0,0.1333332824707031,0.7141647338867188
654.3333129882812,2026-04-12T23:14:11.178Z,2026-05-12T23:14:10.241Z,42.73246765136719,2.0,,3.0,나쁨,심각한 악화 (나쁨-3),3.0,,0.0,0.0,0.095,0.0008,0.003,48,48,computed_co2_regression,3.0,19.16666603088379,history,24.469940185546875,2026-04-12 23:14:11.178000+00:00,100.41666412353516,2026-04-13 08:14:11.178000+09:00,0.13583328247070312,0.11904760088239397,0.0041666412353515625,3.0,0.7267532348632812,3.0,0.13583328247070312,0.7267532348632812
655.3333129882812,2026-04-12T23:14:18.053Z,2026-05-12T23:14:16.965Z,42.82402038574219,1.994,,2.994,나쁨,중간수준 악화 (나쁨-2),2.994,,0.012,0.012,0.0,0.0004,0.0012,48,48,computed_co2_regression,3.0,19.33333396911621,history,24.481956481933597,2026-04-12 23:14:18.053000+00:00,102.5,2026-04-13 08:14:18.053000+09:00,0.13833328247070312,0.12380954197474889,0.025,2.994,0.7175979614257812,2.994,0.13833328247070312,0.7175979614257812
656.0,2026-04-12T23:14:24.281Z,2026-05-12T23:14:23.196Z,43.04241180419922,1.982,,2.982,나쁨,중간수준 악화 (나쁨-2),2.982,,0.037,0.037,0.0,0.0037,0.0213,48,48,computed_co2_regression,3.0,19.5,history,24.47528076171875,2026-04-12 23:14:24.281000+00:00,104.58333587646484,2026-04-13 08:14:24.281000+09:00,0.14,0.12857142857142856,0.04583335876464844,2.9815,0.6957588195800781,2.9815,0.14,0.6957588195800781
656.3333129882812,2026-04-12T23:14:30.075Z,2026-05-12T23:14:29.136Z,43.04431915283203,1.971,,2.971,나쁨,중간수준 악화 (나쁨-2),2.971,,0.059,0.059,0.0,0.0096,0.0729,48,48,computed_co2_regression,3.0,19.5,history,24.48863220214844,2026-04-12 23:14:30.075000+00:00,106.66666412353516,2026-04-13 08:14:30.075000+09:00,0.14083328247070312,0.12857142857142856,0.06666664123535156,2.9705,0.6955680847167969,2.9705,0.14083328247070312,0.6955680847167969
657.3333129882812,2026-04-12T23:14:36.084Z,2026-05-12T23:14:35.135Z,42.90508270263672,1.961,,2.961,나쁨,중간수준 악화 (나쁨-2),2.961,,0.078,0.078,0.0,0.0168,0.1378,48,48,computed_co2_regression,3.0,19.33333396911621,history,24.481956481933597,2026-04-12 23:14:36.084000+00:00,108.66666412353516,2026-04-13 08:14:36.084000+09:00,0.14333328247070312,0.12380954197474889,0.08666664123535156,2.961,0.7094917297363281,2.961,0.14333328247070312,0.7094917297363281
659.0,2026-04-12T23:14:45.089Z,2026-05-12T23:14:44.152Z,42.87742614746094,1.955,,2.955,나쁨,중간수준 악화 (나쁨-2),2.955,,0.09,0.09,0.0,0.0232,0.1979,48,48,computed_co2_regression,3.0,19.33333396911621,history,24.479286193847656,2026-04-12 23:14:45.089000+00:00,110.66666412353516,2026-04-13 08:14:45.089000+09:00,0.1475,0.12380954197474889,0.10666664123535156,2.955,0.7122573852539062,2.955,0.1475,0.7122573852539062
660.6666870117188,2026-04-12T23:14:51.090Z,2026-05-12T23:14:50.157Z,43.25889587402344,1.95,,2.95,나쁨,중간수준 악화 (나쁨-2),2.95,,0.101,0.101,0.0,0.0294,0.2437,48,48,computed_co2_regression,3.0,19.5,history,24.480621337890625,2026-04-12 23:14:51.090000+00:00,112.66666412353516,2026-04-13 08:14:51.090000+09:00,0.15166671752929686,0.12857142857142856,0.12666664123535157,2.9495,0.6741104125976562,2.9495,0.15166671752929686,0.6741104125976562
662.3333129882812,2026-04-12T23:14:57.208Z,2026-05-12T23:14:56.116Z,43.34949493408203,1.947,,2.947,나쁨,중간수준 악화 (나쁨-2),2.947,,0.107,0.107,0.0,0.0338,0.2483,48,48,computed_co2_regression,3.0,19.5,history,24.469940185546875,2026-04-12 23:14:57.208000+00:00,114.58333587646484,2026-04-13 08:14:57.208000+09:00,0.15583328247070313,0.12857142857142856,0.14583335876464842,2.9465,0.6650505065917969,2.9465,0.15583328247070313,0.6650505065917969
663.3333129882812,2026-04-12T23:15:04.061Z,2026-05-12T23:15:03.123Z,42.87551498413086,1.944,,2.944,나쁨,중간수준 악화 (나쁨-2),2.944,,0.112,0.112,0.0,0.0374,0.2427,48,48,computed_co2_regression,3.0,19.66666603088379,history,24.47261047363281,2026-04-12 23:15:04.061000+00:00,116.5,2026-04-13 08:15:04.061000+09:00,0.15833328247070313,0.13333331516810826,0.165,2.944,0.7124485015869141,2.944,0.165,0.7124485015869141
664.0,2026-04-12T23:15:10.214Z,2026-05-12T23:15:09.132Z,42.62183380126953,1.947,,2.947,나쁨,중간수준 악화 (나쁨-2),2.947,,0.106,0.106,0.0,0.0335,0.2425,48,48,computed_co2_regression,3.0,20.0,history,24.480621337890625,2026-04-12 23:15:10.214000+00:00,118.33333587646484,2026-04-13 08:15:10.214000+09:00,0.16,0.14285714285714285,0.18333335876464843,2.947,0.7378166198730469,2.947,0.18333335876464843,0.7378166198730469
664.0,2026-04-12T23:15:16.799Z,2026-05-12T23:15:15.814Z,42.42728042602539,1.954,,2.954,나쁨,중간수준 악화 (나쁨-2),2.954,,0.093,0.093,0.0,0.0248,0.2679,48,48,computed_co2_regression,3.0,20.66666603088379,history,24.48863220214844,2026-04-12 23:15:16.799000+00:00,121.5,2026-04-13 08:15:16.799000+09:00,0.16,0.16190474373953684,0.215,2.9535,0.7572719573974609,2.9535,0.215,0.7572719573974609
663.6666870117188,2026-04-12T23:15:22.687Z,2026-05-12T23:15:21.764Z,42.40820693969727,1.965,,2.965,나쁨,중간수준 악화 (나쁨-2),2.965,,0.071,0.071,0.0,0.0139,0.3048,48,48,computed_co2_regression,3.0,21.0,history,24.48729705810547,2026-04-12 23:15:22.687000+00:00,122.75,2026-04-13 08:15:22.687000+09:00,0.15916671752929687,0.17142857142857143,0.2275,2.9645,0.7591793060302727,2.9645,0.2275,0.7591793060302727
662.6666870117188,2026-04-12T23:15:28.780Z,2026-05-12T23:15:27.699Z,42.514068603515625,1.974,,2.974,나쁨,중간수준 악화 (나쁨-2),2.974,,0.052,0.052,0.0,0.0074,0.351,48,48,computed_co2_regression,3.0,21.33333396911621,history,24.479286193847656,2026-04-12 23:15:28.780000+00:00,123.75,2026-04-13 08:15:28.780000+09:00,0.15666671752929687,0.18095239911760602,0.2375,2.974,0.7485931396484375,2.974,0.2375,0.7485931396484375
661.3333129882812,2026-04-12T23:15:34.781Z,2026-05-12T23:15:33.696Z,42.67428970336914,1.98,,2.98,나쁨,중간수준 악화 (나쁨-2),2.98,,0.04,0.04,0.0,0.0044,0.4044,48,48,computed_co2_regression,3.0,21.66666603088379,history,24.48729705810547,2026-04-12 23:15:34.781000+00:00,124.5,2026-04-13 08:15:34.781000+09:00,0.15333328247070313,0.1904761723109654,0.245,2.98,0.732571029663086,2.98,0.245,0.732571029663086
660.0,2026-04-12T23:15:40.662Z,2026-05-12T23:15:39.676Z,42.8507194519043,1.982,,2.982,나쁨,중간수준 악화 (나쁨-2),2.982,,0.037,0.037,0.0,0.0037,0.4554,48,48,computed_co2_regression,3.0,21.66666603088379,history,24.48863220214844,2026-04-12 23:15:40.662000+00:00,125.0,2026-04-13 08:15:40.662000+09:00,0.15,0.1904761723109654,0.25,2.9815,0.7149280548095703,2.9815,0.25,0.7149280548095703
659.3333129882812,2026-04-12T23:15:48.359Z,2026-05-12T23:15:47.421Z,42.865020751953125,1.98,,2.98,나쁨,중간수준 악화 (나쁨-2),2.98,,0.04,0.04,0.0,0.0044,0.4958,48,48,computed_co2_regression,3.0,21.66666603088379,history,24.477951049804688,2026-04-12 23:15:48.359000+00:00,125.25,2026-04-13 08:15:48.359000+09:00,0.14833328247070313,0.1904761723109654,0.2525,2.98,0.7134979248046875,2.98,0.2525,0.7134979248046875
658.6666870117188,2026-04-12T23:15:54.193Z,2026-05-12T23:15:53.264Z,42.80780029296875,1.974,,2.974,나쁨,중간수준 악화 (나쁨-2),2.974,,0.052,0.052,0.0,0.0073,0.5183,48,48,computed_co2_regression,3.0,21.5,history,24.492637634277344,2026-04-12 23:15:54.193000+00:00,125.25,2026-04-13 08:15:54.193000+09:00,0.14666671752929689,0.18571428571428572,0.2525,2.974,0.719219970703125,2.974,0.2525,0.719219970703125
658.0,2026-04-12T23:16:00.125Z,2026-05-12T23:15:59.192Z,42.71623992919922,1.963,,2.963,나쁨,중간수준 악화 (나쁨-2),2.963,,0.074,0.074,0.0,0.015,0.525,48,48,computed_co2_regression,3.0,21.66666603088379,history,24.481956481933597,2026-04-12 23:16:00.125000+00:00,125.08333587646484,2026-04-13 08:16:00.125000+09:00,0.145,0.1904761723109654,0.25083335876464846,2.963,0.7283760070800781,2.963,0.25083335876464846,0.7283760070800781
657.3333129882812,2026-04-12T23:16:07.171Z,2026-05-12T23:16:06.006Z,42.67046356201172,1.947,,2.948,나쁨,중간수준 악화 (나쁨-2),2.948,,0.105,0.105,0.0,0.0303,0.5235,48,48,computed_co2_regression,3.0,21.66666603088379,history,24.479286193847656,2026-04-12 23:16:07.171000+00:00,124.83333587646484,2026-04-13 08:16:07.171000+09:00,0.14333328247070312,0.1904761723109654,0.24833335876464843,2.9475,0.7329536437988281,2.9475,0.24833335876464843,0.7329536437988281
657.0,2026-04-12T23:16:14.538Z,2026-05-12T23:16:13.596Z,42.77060317993164,1.934,,2.934,나쁨,중간수준 악화 (나쁨-2),2.934,,0.133,0.133,0.0,0.0493,0.5195,48,48,computed_co2_regression,3.0,21.5,history,24.49530792236328,2026-04-12 23:16:14.538000+00:00,124.41666412353516,2026-04-13 08:16:14.538000+09:00,0.1425,0.18571428571428572,0.24416664123535156,2.9335,0.7229396820068359,2.9335,0.24416664123535156,0.7229396820068359
657.3333129882812,2026-04-12T23:16:20.679Z,2026-05-12T23:16:19.578Z,42.80779647827149,1.926,,2.926,나쁨,중간수준 악화 (나쁨-2),2.926,,0.149,0.149,0.0,0.0617,0.5121,48,48,computed_co2_regression,3.0,21.33333396911621,history,24.49664306640625,2026-04-12 23:16:20.679000+00:00,123.91666412353516,2026-04-13 08:16:20.679000+09:00,0.14333328247070312,0.18095239911760602,0.23916664123535156,2.9255,0.7192203521728509,2.9255,0.23916664123535156,0.7192203521728509
658.0,2026-04-12T23:16:26.465Z,2026-05-12T23:16:25.515Z,42.69525909423828,1.928,,2.928,나쁨,중간수준 악화 (나쁨-2),2.928,,0.145,0.145,0.0,0.058,0.4943,48,48,computed_co2_regression,3.0,20.83333396911621,history,24.50064849853516,2026-04-12 23:16:26.465000+00:00,123.41666412353516,2026-04-13 08:16:26.465000+09:00,0.145,0.16666668483189173,0.23416664123535155,2.9275,0.7304740905761719,2.9275,0.23416664123535155,0.7304740905761719
659.0,2026-04-12T23:16:32.672Z,2026-05-12T23:16:31.673Z,42.599891662597656,1.94,,2.94,나쁨,중간수준 악화 (나쁨-2),2.94,,0.12,0.12,0.0,0.0415,0.4729,48,48,computed_co2_regression,3.0,20.5,history,24.50732421875,2026-04-12 23:16:32.672000+00:00,123.0,2026-04-13 08:16:32.672000+09:00,0.1475,0.15714285714285714,0.23,2.94,0.7400108337402344,2.94,0.23,0.7400108337402344
659.6666870117188,2026-04-12T23:16:38.533Z,2026-05-12T23:16:37.606Z,42.682865142822266,1.959,,2.959,나쁨,중간수준 악화 (나쁨-2),2.959,,0.083,0.083,0.0,0.0209,0.4611,48,48,computed_co2_regression,3.0,20.5,history,24.499313354492188,2026-04-12 23:16:38.533000+00:00,122.58333587646484,2026-04-13 08:16:38.533000+09:00,0.1491667175292969,0.15714285714285714,0.22583335876464844,2.9585,0.7317134857177734,2.9585,0.22583335876464844,0.7317134857177734
660.3333129882812,2026-04-12T23:16:44.812Z,2026-05-12T23:16:43.734Z,42.73531723022461,1.982,,2.982,나쁨,중간수준 악화 (나쁨-2),2.982,,0.037,0.037,0.0,0.0044,0.4543,48,48,computed_co2_regression,3.0,20.5,history,24.50064849853516,2026-04-12 23:16:44.812000+00:00,122.25,2026-04-13 08:16:44.812000+09:00,0.15083328247070313,0.15714285714285714,0.2225,2.9815,0.726468276977539,2.9815,0.2225,0.726468276977539
660.3333129882812,2026-04-12T23:16:52.461Z,2026-05-12T23:16:51.532Z,43.07006072998047,2.0,,3.0,나쁨,심각한 악화 (나쁨-3),3.0,,0.0,0.0,0.0,0.0006,0.4526,48,48,computed_co2_regression,3.0,20.66666603088379,history,24.492637634277344,2026-04-12 23:16:52.461000+00:00,122.0,2026-04-13 08:16:52.461000+09:00,0.15083328247070313,0.16190474373953684,0.22,3.0,0.6929939270019532,3.0,0.22,0.6929939270019532
660.3333129882812,2026-04-12T23:16:58.495Z,2026-05-12T23:16:57.566Z,43.46966171264648,2.0,,3.0,나쁨,심각한 악화 (나쁨-3),3.0,,0.0,0.0,0.0,0.0149,0.4362,48,48,computed_co2_regression,3.0,20.66666603088379,history,24.48329162597656,2026-04-12 23:16:58.495000+00:00,121.83333587646484,2026-04-13 08:16:58.495000+09:00,0.15083328247070313,0.16190474373953684,0.21833335876464843,3.0,0.6530338287353523,3.0,0.21833335876464843,0.6530338287353523
660.0,2026-04-12T23:17:05.618Z,2026-05-12T23:17:04.530Z,43.4410514831543,2.0,,3.0,나쁨,심각한 악화 (나쁨-3),3.0,,0.0,0.0,0.0,0.0477,0.419,48,48,computed_co2_regression,3.0,20.83333396911621,history,24.509994506835938,2026-04-12 23:17:05.618000+00:00,121.75,2026-04-13 08:17:05.618000+09:00,0.15,0.16666668483189173,0.2175,3.0,0.6558948516845703,3.0,0.2175,0.6558948516845703
660.0,2026-04-12T23:17:11.672Z,2026-05-12T23:17:10.733Z,43.22455978393555,2.0,,3.0,나쁨,심각한 악화 (나쁨-3),3.0,,0.0,0.0,0.0,0.0949,0.3994,48,48,computed_co2_regression,3.0,20.83333396911621,history,24.504653930664062,2026-04-12 23:17:11.672000+00:00,121.66666412353516,2026-04-13 08:17:11.672000+09:00,0.15,0.16666668483189173,0.21666664123535156,3.0,0.6775440216064453,3.0,0.21666664123535156,0.6775440216064453
660.0,2026-04-12T23:17:18.493Z,2026-05-12T23:17:17.498Z,43.119659423828125,2.0,,3.0,나쁨,심각한 악화 (나쁨-3),3.0,,0.0,0.0,0.0,0.1551,0.3732,48,48,computed_co2_regression,3.0,20.5,history,24.49130249023437,2026-04-12 23:17:18.493000+00:00,121.66666412353516,2026-04-13 08:17:18.493000+09:00,0.15,0.15714285714285714,0.21666664123535156,3.0,0.6880340576171875,3.0,0.21666664123535156,0.6880340576171875
660.0,2026-04-12T23:17:24.446Z,2026-05-12T23:17:23.367Z,43.414344787597656,2.0,,3.0,나쁨,심각한 악화 (나쁨-3),3.0,,0.0,0.0,0.0,0.2125,0.329,48,48,computed_co2_regression,3.0,20.16666603088379,history,24.493972778320312,2026-04-12 23:17:24.446000+00:00,121.75,2026-04-13 08:17:24.446000+09:00,0.15,0.14761902945382255,0.2175,3.0,0.6585655212402344,3.0,0.2175,0.6585655212402344
660.0,2026-04-12T23:17:30.426Z,2026-05-12T23:17:29.343Z,43.3447265625,2.0,,3.0,나쁨,심각한 악화 (나쁨-3),3.0,,0.0,0.0,0.0,0.2521,0.2637,48,48,computed_co2_regression,3.0,19.66666603088379,history,24.50598907470703,2026-04-12 23:17:30.426000+00:00,121.91666412353516,2026-04-13 08:17:30.426000+09:00,0.15,0.13333331516810826,0.21916664123535157,3.0,0.66552734375,3.0,0.21916664123535157,0.66552734375
660.0,2026-04-12T23:17:36.324Z,2026-05-12T23:17:35.390Z,43.0042610168457,2.0,,3.0,나쁨,심각한 악화 (나쁨-3),3.0,,0.0,0.0,0.0,0.2693,0.208,48,48,computed_co2_regression,3.0,19.5,history,24.513999938964844,2026-04-12 23:17:36.324000+00:00,122.16666412353516,2026-04-13 08:17:36.324000+09:00,0.15,0.12857142857142856,0.22166664123535157,3.0,0.6995738983154297,3.0,0.22166664123535157,0.6995738983154297
660.3333129882812,2026-04-12T23:17:42.470Z,2026-05-12T23:17:41.513Z,42.97278594970703,2.0,,3.0,나쁨,심각한 악화 (나쁨-3),3.0,,0.0,0.0,0.0,0.2723,0.164,48,48,computed_co2_regression,3.0,19.33333396911621,history,24.50064849853516,2026-04-12 23:17:42.470000+00:00,122.5,2026-04-13 08:17:42.470000+09:00,0.15083328247070313,0.12380954197474889,0.225,3.0,0.7027214050292969,3.0,0.225,0.7027214050292969
660.3333129882812,2026-04-12T23:17:48.259Z,2026-05-12T23:17:47.323Z,43.04526519775391,2.0,,3.0,나쁨,심각한 악화 (나쁨-3),3.0,,0.0,0.0,0.0,0.2629,0.1389,48,48,computed_co2_regression,3.0,19.33333396911621,history,24.504653930664062,2026-04-12 23:17:48.259000+00:00,122.75,2026-04-13 08:17:48.259000+09:00,0.15083328247070313,0.12380954197474889,0.2275,3.0,0.6954734802246086,3.0,0.2275,0.6954734802246086
660.3333129882812,2026-04-12T23:17:55.314Z,2026-05-12T23:17:54.389Z,43.212158203125,2.0,,3.0,나쁨,심각한 악화 (나쁨-3),3.0,,0.0,0.0,0.0,0.2484,0.1118,48,48,computed_co2_regression,3.0,19.16666603088379,history,24.523345947265625,2026-04-12 23:17:55.314000+00:00,123.08333587646484,2026-04-13 08:17:55.314000+09:00,0.15083328247070313,0.11904760088239397,0.23083335876464844,3.0,0.6787841796875,3.0,0.23083335876464844,0.6787841796875
660.0,2026-04-12T23:18:01.073Z,2026-05-12T23:18:00.141Z,43.41053009033203,2.0,,3.0,나쁨,심각한 악화 (나쁨-3),3.0,,0.0,0.0,0.0,0.2286,0.0902,48,48,computed_co2_regression,3.0,19.16666603088379,history,24.52735137939453,2026-04-12 23:18:01.073000+00:00,123.5,2026-04-13 08:18:01.073000+09:00,0.15,0.11904760088239397,0.235,3.0,0.6589469909667969,3.0,0.235,0.6589469909667969
659.6666870117188,2026-04-12T23:18:07.975Z,2026-05-12T23:18:06.953Z,43.427696228027344,2.0,,3.0,나쁨,심각한 악화 (나쁨-3),3.0,,0.0,0.0,0.0,0.2098,0.0606,48,48,computed_co2_regression,3.0,19.0,history,24.51667022705078,2026-04-12 23:18:07.975000+00:00,123.91666412353516,2026-04-13 08:18:07.975000+09:00,0.1491667175292969,0.11428571428571428,0.23916664123535156,3.0,0.6572303771972656,3.0,0.23916664123535156,0.6572303771972656
659.0,2026-04-12T23:18:14.814Z,2026-05-12T23:18:13.876Z,43.31325149536133,2.0,,3.0,나쁨,심각한 악화 (나쁨-3),3.0,,0.0,0.0,0.0,0.1925,0.0303,48,48,computed_co2_regression,3.0,18.83333396911621,history,24.51667022705078,2026-04-12 23:18:14.814000+00:00,124.25,2026-04-13 08:18:14.814000+09:00,0.1475,0.1095238276890346,0.2425,3.0,0.6686748504638672,3.0,0.2425,0.6686748504638672
658.3333129882812,2026-04-12T23:18:20.656Z,2026-05-12T23:18:19.713Z,43.18831634521485,2.0,,3.0,나쁨,심각한 악화 (나쁨-3),3.0,,0.0,0.0,0.0,0.1743,0.0061,48,48,computed_co2_regression,3.0,18.5,history,24.51667022705078,2026-04-12 23:18:20.656000+00:00,124.5,2026-04-13 08:18:20.656000+09:00,0.14583328247070312,0.1,0.245,3.0,0.6811683654785149,3.0,0.245,0.6811683654785149
657.6666870117188,2026-04-12T23:18:26.639Z,2026-05-12T23:18:25.692Z,43.0443115234375,2.0,,3.0,나쁨,심각한 악화 (나쁨-3),3.0,,0.0,0.0,0.071,0.1526,0.0014,48,48,computed_co2_regression,3.0,18.0,history,24.5286865234375,2026-04-12 23:18:26.639000+00:00,124.75,2026-04-13 08:18:26.639000+09:00,0.14416671752929688,0.08571428571428572,0.2475,3.0,0.69556884765625,3.0,0.2475,0.69556884765625
657.0,2026-04-12T23:18:32.879Z,2026-05-12T23:18:31.746Z,42.99281311035156,2.0,,3.0,나쁨,심각한 악화 (나쁨-3),3.0,,0.0,0.0,0.333,0.1223,0.0261,48,48,computed_co2_regression,3.0,17.5,history,24.522010803222656,2026-04-12 23:18:32.879000+00:00,124.75,2026-04-13 08:18:32.879000+09:00,0.1425,0.07142857142857142,0.2475,3.0,0.7007186889648438,3.0,0.2475,0.7007186889648438
656.3333129882812,2026-04-12T23:18:38.600Z,2026-05-12T23:18:37.661Z,43.030006408691406,2.0,,3.0,나쁨,심각한 악화 (나쁨-3),3.0,,0.0,0.0,0.605,0.087,0.0729,48,48,computed_co2_regression,3.0,17.16666603088379,history,24.501983642578125,2026-04-12 23:18:38.600000+00:00,124.58333587646484,2026-04-13 08:18:38.600000+09:00,0.14083328247070312,0.06190474373953683,0.24583335876464843,3.0,0.6969993591308594,3.0,0.24583335876464843,0.6969993591308594
655.3333129882812,2026-04-12T23:18:44.752Z,2026-05-12T23:18:43.681Z,42.98518371582031,2.0,,3.0,나쁨,심각한 악화 (나쁨-3),3.0,,0.0,0.0,0.87,0.0457,0.1286,48,48,computed_co2_regression,3.0,17.0,history,24.512664794921875,2026-04-12 23:18:44.752000+00:00,124.33333587646484,2026-04-13 08:18:44.752000+09:00,0.13833328247070312,0.05714285714285714,0.24333335876464843,3.0,0.7014816284179688,3.0,0.24333335876464843,0.7014816284179688
654.3333129882812,2026-04-12T23:18:50.736Z,2026-05-12T23:18:49.657Z,42.915565490722656,2.0,,3.0,나쁨,심각한 악화 (나쁨-3),3.0,,0.0,0.0,1.143,0.0107,0.1875,48,48,computed_co2_regression,3.0,16.66666603088379,history,24.524681091308597,2026-04-12 23:18:50.736000+00:00,123.91666412353516,2026-04-13 08:18:50.736000+09:00,0.13583328247070312,0.04761902945382254,0.23916664123535156,3.0,0.7084434509277344,3.0,0.23916664123535156,0.7084434509277344
653.3333129882812,2026-04-12T23:18:58.069Z,2026-05-12T23:18:56.988Z,42.90507507324219,1.991,,2.992,나쁨,중간수준 악화 (나쁨-2),2.992,,0.017,0.017,1.395,0.0013,0.2431,48,48,computed_co2_regression,3.0,16.66666603088379,history,24.53803253173828,2026-04-12 23:18:58.069000+00:00,123.33333587646484,2026-04-13 08:18:58.069000+09:00,0.1333332824707031,0.04761902945382254,0.23333335876464845,2.9915,0.7094924926757813,2.9915,0.23333335876464845,0.7094924926757813
653.0,2026-04-12T23:19:05.078Z,2026-05-12T23:19:04.136Z,42.91270446777344,1.956,,2.956,나쁨,중간수준 악화 (나쁨-2),2.956,,0.088,0.088,1.637,0.0355,0.3012,48,48,computed_co2_regression,3.0,16.83333396911621,history,24.53402709960937,2026-04-12 23:19:05.078000+00:00,122.58333587646484,2026-04-13 08:19:05.078000+09:00,0.1325,0.052380970546177456,0.22583335876464844,2.956,0.7087295532226563,2.956,0.22583335876464844,0.7087295532226563
653.3333129882812,2026-04-12T23:19:11.190Z,2026-05-12T23:19:10.108Z,42.88409423828125,1.922,,2.922,나쁨,중간수준 악화 (나쁨-2),2.922,,0.157,0.157,1.84,0.1128,0.3576,48,48,computed_co2_regression,3.0,17.33333396911621,history,24.53135681152344,2026-04-12 23:19:11.190000+00:00,121.75,2026-04-13 08:19:11.190000+09:00,0.1333332824707031,0.06666668483189174,0.2175,2.9215,0.711590576171875,2.9215,0.2175,0.711590576171875
654.3333129882812,2026-04-12T23:19:18.151Z,2026-05-12T23:19:17.155Z,42.946083068847656,1.894,,2.894,나쁨,중간수준 악화 (나쁨-2),2.894,,0.213,0.213,2.035,0.2084,0.4206,48,48,computed_co2_regression,3.0,17.66666603088379,history,24.523345947265625,2026-04-12 23:19:18.151000+00:00,120.75,2026-04-13 08:19:18.151000+09:00,0.13583328247070312,0.07619045802525111,0.2075,2.8935,0.7053916931152344,2.8935,0.2075,0.7053916931152344
655.3333129882812,2026-04-12T23:19:24.135Z,2026-05-12T23:19:23.193Z,43.14921569824219,1.872,,2.872,나쁨,중간수준 악화 (나쁨-2),2.872,,0.257,0.257,2.197,0.3025,0.4753,48,48,computed_co2_regression,3.0,17.83333396911621,history,24.51800537109375,2026-04-12 23:19:24.135000+00:00,119.66666412353516,2026-04-13 08:19:24.135000+09:00,0.13833328247070312,0.08095239911760603,0.19666664123535157,2.8715,0.6850784301757813,2.8715,0.19666664123535157,0.6850784301757813
656.6666870117188,2026-04-12T23:19:30.201Z,2026-05-12T23:19:29.125Z,43.330413818359375,1.856,,2.856,나쁨,중간수준 악화 (나쁨-2),2.856,,0.288,0.288,2.303,0.3843,0.5139,48,48,computed_co2_regression,3.0,18.33333396911621,history,24.52601623535156,2026-04-12 23:19:30.201000+00:00,118.58333587646484,2026-04-13 08:19:30.201000+09:00,0.14166671752929688,0.09523811340332031,0.18583335876464843,2.856,0.6669586181640625,2.856,0.18583335876464843,0.6669586181640625
658.0,2026-04-12T23:19:36.072Z,2026-05-12T23:19:35.121Z,43.373329162597656,1.845,,2.845,나쁨,중간수준 악화 (나쁨-2),2.845,,0.31,0.31,2.368,0.4507,0.5397,48,48,computed_co2_regression,3.0,18.83333396911621,history,24.546043395996094,2026-04-12 23:19:36.072000+00:00,117.58333587646484,2026-04-13 08:19:36.072000+09:00,0.145,0.1095238276890346,0.17583335876464845,2.845,0.6626670837402344,2.845,0.17583335876464845,0.6626670837402344
660.6666870117188,2026-04-12T23:19:42.162Z,2026-05-12T23:19:41.192Z,43.27605438232422,1.845,,2.845,나쁨,중간수준 악화 (나쁨-2),2.845,,0.31,0.31,2.433,0.4486,0.5668,48,48,computed_co2_regression,3.0,19.0,history,24.567405700683597,2026-04-12 23:19:42.162000+00:00,116.66666412353516,2026-04-13 08:19:42.162000+09:00,0.15166671752929686,0.11428571428571428,0.16666664123535158,2.845,0.6723945617675782,2.845,0.16666664123535158,0.6723945617675782
664.0,2026-04-12T23:19:48.040Z,2026-05-12T23:19:47.116Z,43.06529235839844,1.86,,2.86,나쁨,중간수준 악화 (나쁨-2),2.86,,0.28,0.28,2.479,0.3411,0.5877,48,48,computed_co2_regression,3.0,19.16666603088379,history,24.53803253173828,2026-04-12 23:19:48.040000+00:00,115.83333587646484,2026-04-13 08:19:48.040000+09:00,0.16,0.11904760088239397,0.15833335876464844,2.86,0.6934707641601563,2.86,0.16,0.6934707641601563
669.0,2026-04-12T23:19:54.039Z,2026-05-12T23:19:53.105Z,42.885047912597656,1.894,,2.895,나쁨,중간수준 악화 (나쁨-2),2.895,,0.211,0.211,2.526,0.1562,0.6076,48,48,computed_co2_regression,3.0,19.0,history,24.51800537109375,2026-04-12 23:19:54.039000+00:00,115.16666412353516,2026-04-13 08:19:54.039000+09:00,0.1725,0.11428571428571428,0.15166664123535156,2.8945,0.7114952087402344,2.8945,0.1725,0.7114952087402344
674.6666870117188,2026-04-12T23:20:01.431Z,2026-05-12T23:20:00.478Z,42.78872680664063,1.95,,2.95,나쁨,중간수준 악화 (나쁨-2),2.95,,0.101,0.101,2.57,0.0246,0.627,48,48,computed_co2_regression,3.0,19.0,history,24.523345947265625,2026-04-12 23:20:01.431000+00:00,114.5,2026-04-13 08:20:01.431000+09:00,0.18666671752929687,0.11428571428571428,0.145,2.9495,0.7211273193359368,2.9495,0.18666671752929687,0.7211273193359368
679.3333129882812,2026-04-12T23:20:08.168Z,2026-05-12T23:20:07.077Z,42.82592010498047,2.0,,3.0,나쁨,심각한 악화 (나쁨-3),3.0,,0.0,0.0,2.597,0.0024,0.6392,48,48,computed_co2_regression,3.0,19.0,history,24.524681091308597,2026-04-12 23:20:08.168000+00:00,113.83333587646484,2026-04-13 08:20:08.168000+09:00,0.19833328247070312,0.11428571428571428,0.13833335876464845,3.0,0.7174079895019532,3.0,0.19833328247070312,0.7174079895019532
682.0,2026-04-12T23:20:15.233Z,2026-05-12T23:20:14.155Z,42.87455749511719,2.0,,3.0,나쁨,심각한 악화 (나쁨-3),3.0,,0.0,0.0,2.583,0.0426,0.6335,48,48,computed_co2_regression,3.0,19.16666603088379,history,24.54070281982422,2026-04-12 23:20:15.233000+00:00,113.16666412353516,2026-04-13 08:20:15.233000+09:00,0.205,0.11904760088239397,0.13166664123535157,3.0,0.7125442504882813,3.0,0.205,0.7125442504882813
682.0,2026-04-12T23:20:21.075Z,2026-05-12T23:20:20.136Z,42.96324920654297,2.0,,3.0,나쁨,심각한 악화 (나쁨-3),3.0,,0.0,0.0,2.493,0.1045,0.5971,48,48,computed_co2_regression,3.0,19.5,history,24.55138397216797,2026-04-12 23:20:21.075000+00:00,112.58333587646484,2026-04-13 08:20:21.075000+09:00,0.205,0.12857142857142856,0.12583335876464843,3.0,0.7036750793457032,3.0,0.205,0.7036750793457032
681.6666870117188,2026-04-12T23:20:27.085Z,2026-05-12T23:20:26.150Z,43.02619171142578,2.0,,3.0,나쁨,심각한 악화 (나쁨-3),3.0,,0.0,0.0,2.388,0.1723,0.5589,48,48,computed_co2_regression,3.0,19.33333396911621,history,24.546043395996094,2026-04-12 23:20:27.085000+00:00,111.91666412353516,2026-04-13 08:20:27.085000+09:00,0.20416671752929688,0.12380954197474889,0.11916664123535156,3.0,0.6973808288574219,3.0,0.20416671752929688,0.6973808288574219
680.0,2026-04-12T23:20:33.765Z,2026-05-12T23:20:32.648Z,42.86215972900391,2.0,,3.0,나쁨,심각한 악화 (나쁨-3),3.0,,0.0,0.0,2.229,0.2358,0.5021,48,48,computed_co2_regression,3.0,19.66666603088379,history,24.5286865234375,2026-04-12 23:20:33.765000+00:00,111.25,2026-04-13 08:20:33.765000+09:00,0.2,0.13333331516810826,0.1125,3.0,0.7137840270996086,3.0,0.2,0.7137840270996086
678.0,2026-04-12T23:20:39.571Z,2026-05-12T23:20:38.633Z,42.83927154541016,2.0,,3.0,나쁨,심각한 악화 (나쁨-3),3.0,,0.0,0.0,2.031,0.2899,0.4345,48,48,computed_co2_regression,3.0,19.83333396911621,history,24.522010803222656,2026-04-12 23:20:39.571000+00:00,110.58333587646484,2026-04-13 08:20:39.571000+09:00,0.195,0.13809525626046318,0.10583335876464844,3.0,0.7160728454589836,3.0,0.195,0.7160728454589836
675.3333129882812,2026-04-12T23:20:45.533Z,2026-05-12T23:20:44.602Z,43.1358642578125,2.0,,3.0,나쁨,심각한 악화 (나쁨-3),3.0,,0.0,0.0,1.827,0.3313,0.3678,48,48,computed_co2_regression,3.0,19.83333396911621,history,24.520675659179688,2026-04-12 23:20:45.533000+00:00,110.0,2026-04-13 08:20:45.533000+09:00,0.18833328247070313,0.13809525626046318,0.1,3.0,0.68641357421875,3.0,0.18833328247070313,0.68641357421875
673.0,2026-04-12T23:20:51.549Z,2026-05-12T23:20:50.617Z,43.16542816162109,2.0,,3.0,나쁨,심각한 악화 (나쁨-3),3.0,,0.0,0.0,1.63,0.3621,0.3079,48,48,computed_co2_regression,3.0,19.66666603088379,history,24.52601623535156,2026-04-12 23:20:51.549000+00:00,109.41666412353516,2026-04-13 08:20:51.549000+09:00,0.1825,0.13333331516810826,0.09416664123535157,3.0,0.6834571838378913,3.0,0.1825,0.6834571838378913
671.0,2026-04-12T23:20:57.584Z,2026-05-12T23:20:56.622Z,42.91938018798828,2.0,,3.0,나쁨,심각한 악화 (나쁨-3),3.0,,0.0,0.0,1.463,0.3821,0.2605,48,48,computed_co2_regression,3.0,19.33333396911621,history,24.53002166748047,2026-04-12 23:20:57.584000+00:00,108.75,2026-04-13 08:20:57.584000+09:00,0.1775,0.12380954197474889,0.0875,3.0,0.7080619812011719,3.0,0.1775,0.7080619812011719
669.6666870117188,2026-04-12T23:21:05.989Z,2026-05-12T23:21:04.890Z,42.90126037597656,2.0,,3.0,나쁨,심각한 악화 (나쁨-3),3.0,,0.0,0.0,1.263,0.3926,0.2065,48,48,computed_co2_regression,3.0,19.5,history,24.54871368408203,2026-04-12 23:21:05.989000+00:00,108.16666412353516,2026-04-13 08:21:05.989000+09:00,0.17416671752929688,0.12857142857142856,0.08166664123535156,3.0,0.7098739624023438,3.0,0.17416671752929688,0.7098739624023438
669.0,2026-04-12T23:21:12.196Z,2026-05-12T23:21:11.227Z,43.16542816162109,2.0,,3.0,나쁨,심각한 악화 (나쁨-3),3.0,,0.0,0.0,1.031,0.3955,0.147,48,48,computed_co2_regression,3.0,19.83333396911621,history,24.555389404296875,2026-04-12 23:21:12.196000+00:00,107.5,2026-04-13 08:21:12.196000+09:00,0.1725,0.13809525626046318,0.075,3.0,0.6834571838378913,3.0,0.1725,0.6834571838378913
668.3333129882812,2026-04-12T23:21:18.064Z,2026-05-12T23:21:17.100Z,43.203575134277344,2.0,,3.0,나쁨,심각한 악화 (나쁨-3),3.0,,0.0,0.0,0.771,0.3924,0.0863,48,48,computed_co2_regression,3.0,20.33333396911621,history,24.53402709960937,2026-04-12 23:21:18.064000+00:00,106.83333587646484,2026-04-13 08:21:18.064000+09:00,0.17083328247070312,0.15238097054617747,0.06833335876464844,3.0,0.6796424865722657,3.0,0.17083328247070312,0.6796424865722657
668.0,2026-04-12T23:21:24.297Z,2026-05-12T23:21:23.308Z,42.88695526123047,2.0,,3.0,나쁨,심각한 악화 (나쁨-3),3.0,,0.0,0.0,0.495,0.3873,0.0368,48,48,computed_co2_regression,3.0,20.66666603088379,history,24.536697387695312,2026-04-12 23:21:24.297000+00:00,106.25,2026-04-13 08:21:24.297000+09:00,0.17,0.16190474373953684,0.0625,3.0,0.7113044738769532,3.0,0.17,0.7113044738769532
667.6666870117188,2026-04-12T23:21:30.065Z,2026-05-12T23:21:29.133Z,42.81256866455078,2.0,,3.0,나쁨,심각한 악화 (나쁨-3),3.0,,0.0,0.0,0.243,0.382,0.0088,48,48,computed_co2_regression,3.0,20.83333396911621,history,24.536697387695312,2026-04-12 23:21:30.065000+00:00,105.75,2026-04-13 08:21:30.065000+09:00,0.16916671752929688,0.16666668483189173,0.0575,3.0,0.7187431335449219,3.0,0.16916671752929688,0.7187431335449219
668.0,2026-04-12T23:21:36.110Z,2026-05-12T23:21:35.179Z,42.8755111694336,2.0,,3.0,나쁨,심각한 악화 (나쁨-3),3.0,,0.0,0.0,0.003,0.3807,0.0,48,48,computed_co2_regression,3.0,21.0,history,24.544708251953125,2026-04-12 23:21:36.110000+00:00,105.33333587646484,2026-04-13 08:21:36.110000+09:00,0.17,0.17142857142857143,0.05333335876464844,3.0,0.7124488830566399,3.0,0.17142857142857143,0.7124488830566399
668.0,2026-04-12T23:21:42.262Z,2026-05-12T23:21:41.288Z,42.9222412109375,2.0,,3.0,나쁨,심각한 악화 (나쁨-3),3.0,,0.0,0.0,0.0,0.381,0.0073,48,48,computed_co2_regression,3.0,20.83333396911621,history,24.546043395996094,2026-04-12 23:21:42.262000+00:00,105.0,2026-04-13 08:21:42.262000+09:00,0.17,0.16666668483189173,0.05,3.0,0.70777587890625,3.0,0.17,0.70777587890625
668.0,2026-04-12T23:21:48.145Z,2026-05-12T23:21:47.203Z,43.27700805664063,2.0,,3.0,나쁨,심각한 악화 (나쁨-3),3.0,,0.0,0.0,0.0,0.383,0.0239,48,48,computed_co2_regression,3.0,20.16666603088379,history,24.54871368408203,2026-04-12 23:21:48.145000+00:00,104.75,2026-04-13 08:21:48.145000+09:00,0.17,0.14761902945382255,0.0475,3.0,0.6722991943359368,3.0,0.17,0.6722991943359368
668.0,2026-04-12T23:21:54.212Z,2026-05-12T23:21:53.266Z,43.73191833496094,2.0,,3.0,나쁨,심각한 악화 (나쁨-3),3.0,,0.0,0.0,0.0,0.3833,0.047,48,48,computed_co2_regression,3.0,19.66666603088379,history,24.556724548339844,2026-04-12 23:21:54.212000+00:00,104.75,2026-04-13 08:21:54.212000+09:00,0.17,0.13333331516810826,0.0475,3.0,0.6268081665039062,3.0,0.17,0.6268081665039062
668.0,2026-04-12T23:22:00.118Z,2026-05-12T23:21:59.195Z,43.90549087524414,2.0,,3.0,나쁨,심각한 악화 (나쁨-3),3.0,,0.0,0.0,0.0,0.3823,0.0747,48,48,computed_co2_regression,3.0,19.33333396911621,history,24.55805969238281,2026-04-12 23:22:00.118000+00:00,105.08333587646484,2026-04-13 08:22:00.118000+09:00,0.17,0.12380954197474889,0.05083335876464844,3.0,0.6094509124755859,3.0,0.17,0.6094509124755859
668.3333129882812,2026-04-12T23:22:08.485Z,2026-05-12T23:22:07.313Z,43.829193115234375,2.0,,3.0,나쁨,심각한 악화 (나쁨-3),3.0,,0.0,0.0,0.0,0.3793,0.1116,48,48,computed_co2_regression,3.0,19.16666603088379,history,24.547378540039062,2026-04-12 23:22:08.485000+00:00,106.08333587646484,2026-04-13 08:22:08.485000+09:00,0.17083328247070312,0.11904760088239397,0.06083335876464844,3.0,0.6170806884765625,3.0,0.17083328247070312,0.6170806884765625
668.6666870117188,2026-04-12T23:22:15.092Z,2026-05-12T23:22:14.157Z,43.73096466064453,2.0,,3.0,나쁨,심각한 악화 (나쁨-3),3.0,,0.0,0.0,0.0,0.3761,0.1562,48,48,computed_co2_regression,3.0,19.0,history,24.532691955566406,2026-04-12 23:22:15.092000+00:00,107.83333587646484,2026-04-13 08:22:15.092000+09:00,0.17166671752929688,0.11428571428571428,0.07833335876464843,3.0,0.6269035339355469,3.0,0.17166671752929688,0.6269035339355469
668.6666870117188,2026-04-12T23:22:21.270Z,2026-05-12T23:22:20.126Z,43.536407470703125,2.0,,3.0,나쁨,심각한 악화 (나쁨-3),3.0,,0.0,0.0,0.0,0.3715,0.1958,48,48,computed_co2_regression,3.0,18.83333396911621,history,24.53803253173828,2026-04-12 23:22:21.270000+00:00,110.08333587646484,2026-04-13 08:22:21.270000+09:00,0.17166671752929688,0.1095238276890346,0.10083335876464844,3.0,0.6463592529296875,3.0,0.17166671752929688,0.6463592529296875
668.3333129882812,2026-04-12T23:22:27.106Z,2026-05-12T23:22:26.128Z,43.29702758789063,2.0,,3.0,나쁨,심각한 악화 (나쁨-3),3.0,,0.0,0.0,0.0,0.3639,0.2362,48,48,computed_co2_regression,3.0,19.0,history,24.53803253173828,2026-04-12 23:22:27.106000+00:00,112.66666412353516,2026-04-13 08:22:27.106000+09:00,0.17083328247070312,0.11428571428571428,0.12666664123535157,3.0,0.6702972412109368,3.0,0.17083328247070312,0.6702972412109368
667.3333129882812,2026-04-12T23:22:33.778Z,2026-05-12T23:22:32.697Z,43.284629821777344,2.0,,3.0,나쁨,심각한 악화 (나쁨-3),3.0,,0.0,0.0,0.0,0.3505,0.2566,48,48,computed_co2_regression,3.0,18.83333396911621,history,24.54337310791016,2026-04-12 23:22:33.778000+00:00,115.58333587646484,2026-04-13 08:22:33.778000+09:00,0.16833328247070312,0.1095238276890346,0.15583335876464843,3.0,0.6715370178222656,3.0,0.16833328247070312,0.6715370178222656
666.3333129882812,2026-04-12T23:22:39.626Z,2026-05-12T23:22:38.691Z,43.271278381347656,2.0,,3.0,나쁨,심각한 악화 (나쁨-3),3.0,,0.0,0.0,0.0,0.3313,0.2668,48,48,computed_co2_regression,3.0,18.66666603088379,history,24.55805969238281,2026-04-12 23:22:39.626000+00:00,118.5,2026-04-13 08:22:39.626000+09:00,0.16583328247070311,0.10476188659667969,0.185,3.0,0.6728721618652344,3.0,0.185,0.6728721618652344
664.6666870117188,2026-04-12T23:22:45.605Z,2026-05-12T23:22:44.654Z,43.21977996826172,2.0,,3.0,나쁨,심각한 악화 (나쁨-3),3.0,,0.0,0.0,0.0,0.305,0.2658,48,48,computed_co2_regression,3.0,18.5,history,24.55939483642578,2026-04-12 23:22:45.605000+00:00,121.41666412353516,2026-04-13 08:22:45.605000+09:00,0.16166671752929687,0.1,0.21416664123535156,3.0,0.6780220031738281,3.0,0.21416664123535156,0.6780220031738281
663.6666870117188,2026-04-12T23:22:51.587Z,2026-05-12T23:22:50.639Z,43.15111541748047,2.0,,3.0,나쁨,심각한 악화 (나쁨-3),3.0,,0.0,0.0,0.0,0.2741,0.2664,48,48,computed_co2_regression,3.0,18.5,history,24.552719116210938,2026-04-12 23:22:51.587000+00:00,124.33333587646484,2026-04-13 08:22:51.587000+09:00,0.15916671752929687,0.1,0.24333335876464843,3.0,0.6848884582519531,3.0,0.24333335876464843,0.6848884582519531
662.0,2026-04-12T23:22:57.663Z,2026-05-12T23:22:56.653Z,43.05956268310547,2.0,,3.0,나쁨,심각한 악화 (나쁨-3),3.0,,0.0,0.0,0.0,0.2363,0.274,48,48,computed_co2_regression,3.0,18.83333396911621,history,24.552719116210938,2026-04-12 23:22:57.663000+00:00,127.16666412353516,2026-04-13 08:22:57.663000+09:00,0.155,0.1095238276890346,0.27166664123535156,3.0,0.6940437316894531,3.0,0.27166664123535156,0.6940437316894531
660.6666870117188,2026-04-12T23:23:04.605Z,2026-05-12T23:23:03.660Z,43.06242370605469,2.0,,3.0,나쁨,심각한 악화 (나쁨-3),3.0,,0.0,0.0,0.0,0.1935,0.2986,48,48,computed_co2_regression,3.0,19.33333396911621,history,24.55939483642578,2026-04-12 23:23:04.605000+00:00,130.0833282470703,2026-04-13 08:23:04.605000+09:00,0.15166671752929686,0.12380954197474889,0.3008332824707031,3.0,0.6937576293945312,3.0,0.3008332824707031,0.6937576293945312
659.0,2026-04-12T23:23:12.512Z,2026-05-12T23:23:11.552Z,43.16160583496094,2.0,,3.0,나쁨,심각한 악화 (나쁨-3),3.0,,0.0,0.0,0.0,0.1468,0.3355,48,48,computed_co2_regression,3.0,20.0,history,24.55939483642578,2026-04-12 23:23:12.512000+00:00,132.8333282470703,2026-04-13 08:23:12.512000+09:00,0.1475,0.14285714285714285,0.32833328247070315,3.0,0.6838394165039062,3.0,0.32833328247070315,0.6838394165039062
658.0,2026-04-12T23:23:18.202Z,2026-05-12T23:23:17.261Z,43.28844451904297,2.0,,3.0,나쁨,심각한 악화 (나쁨-3),3.0,,0.0,0.0,0.0,0.1018,0.3764,48,48,computed_co2_regression,3.0,20.5,history,24.544708251953125,2026-04-12 23:23:18.202000+00:00,135.25,2026-04-13 08:23:18.202000+09:00,0.145,0.15714285714285714,0.3525,3.0,0.6711555480957031,3.0,0.3525,0.6711555480957031
657.3333129882812,2026-04-12T23:23:24.187Z,2026-05-12T23:23:23.239Z,43.40289306640625,2.0,,3.0,나쁨,심각한 악화 (나쁨-3),3.0,,0.0,0.0,0.0,0.0622,0.4094,48,48,computed_co2_regression,3.0,20.83333396911621,history,24.550048828125,2026-04-12 23:23:24.187000+00:00,137.0,2026-04-13 08:23:24.187000+09:00,0.14333328247070312,0.16666668483189173,0.37,3.0,0.659710693359375,3.0,0.37,0.659710693359375
656.3333129882812,2026-04-12T23:23:30.119Z,2026-05-12T23:23:29.181Z,43.403846740722656,2.0,,3.0,나쁨,심각한 악화 (나쁨-3),3.0,,0.0,0.0,0.0,0.0298,0.4268,48,48,computed_co2_regression,3.0,21.0,history,24.55805969238281,2026-04-12 23:23:30.119000+00:00,138.0833282470703,2026-04-13 08:23:30.119000+09:00,0.14083328247070312,0.17142857142857143,0.38083328247070314,3.0,0.6596153259277344,3.0,0.38083328247070314,0.6596153259277344
655.3333129882812,2026-04-12T23:23:36.107Z,2026-05-12T23:23:35.172Z,43.40098190307617,2.0,,3.0,나쁨,심각한 악화 (나쁨-3),3.0,,0.0,0.0,0.0,0.008,0.4317,48,48,computed_co2_regression,3.0,21.16666603088379,history,24.563400268554688,2026-04-12 23:23:36.107000+00:00,138.6666717529297,2026-04-13 08:23:36.107000+09:00,0.13833328247070312,0.17619045802525113,0.3866667175292969,3.0,0.6599018096923828,3.0,0.3866667175292969,0.6599018096923828
654.3333129882812,2026-04-12T23:23:42.286Z,2026-05-12T23:23:41.277Z,43.54975891113281,1.999,,3.0,나쁨,중간수준 악화 (나쁨-2),3.0,,0.001,0.001,0.0,0.0,0.4282,48,48,computed_co2_regression,3.0,21.16666603088379,history,24.552719116210938,2026-04-12 23:23:42.286000+00:00,138.8333282470703,2026-04-13 08:23:42.286000+09:00,0.13583328247070312,0.17619045802525113,0.38833328247070314,2.9995,0.6450241088867188,2.9995,0.38833328247070314,0.6450241088867188
654.0,2026-04-12T23:23:48.166Z,2026-05-12T23:23:47.228Z,43.88545608520508,1.933,,2.933,나쁨,중간수준 악화 (나쁨-2),2.933,,0.134,0.134,0.0,0.0091,0.4177,48,48,computed_co2_regression,3.0,21.0,history,24.546043395996094,2026-04-12 23:23:48.166000+00:00,138.75,2026-04-13 08:23:48.166000+09:00,0.135,0.17142857142857143,0.3875,2.933,0.6114543914794922,2.933,0.3875,0.6114543914794922
654.0,2026-04-12T23:23:54.236Z,2026-05-12T23:23:53.303Z,44.06570816040039,1.864,,2.864,나쁨,중간수준 악화 (나쁨-2),2.864,,0.273,0.273,0.0,0.0378,0.4026,48,48,computed_co2_regression,3.0,21.0,history,24.54871368408203,2026-04-12 23:23:54.236000+00:00,138.6666717529297,2026-04-13 08:23:54.236000+09:00,0.135,0.17142857142857143,0.3866667175292969,2.8635,0.5934291839599609,2.8635,0.3866667175292969,0.5934291839599609
654.0,2026-04-12T23:24:00.293Z,2026-05-12T23:23:59.217Z,44.0418701171875,1.791,,2.791,나쁨,중간수준 악화 (나쁨-2),2.791,,0.419,0.419,0.0,0.0891,0.3923,48,48,computed_co2_regression,3.0,21.33333396911621,history,24.53803253173828,2026-04-12 23:24:00.293000+00:00,138.5833282470703,2026-04-13 08:24:00.293000+09:00,0.135,0.18095239911760602,0.38583328247070314,2.7905,0.59581298828125,2.7905,0.38583328247070314,0.59581298828125
654.0,2026-04-12T23:24:06.993Z,2026-05-12T23:24:06.028Z,44.03137969970703,1.717,,2.717,나쁨,중간수준 악화 (나쁨-2),2.717,,0.566,0.566,0.0,0.1643,0.3881,48,48,computed_co2_regression,3.0,21.83333396911621,history,24.53402709960937,2026-04-12 23:24:06.993000+00:00,138.5833282470703,2026-04-13 08:24:06.993000+09:00,0.135,0.1952381134033203,0.38583328247070314,2.717,0.5968620300292968,2.717,0.38583328247070314,0.5968620300292968
654.0,2026-04-12T23:24:15.382Z,2026-05-12T23:24:14.415Z,44.060943603515625,1.644,,2.644,나쁨,중간수준 악화 (나쁨-2),2.644,,0.712,0.712,0.0,0.2614,0.3866,48,48,computed_co2_regression,3.0,22.0,history,24.544708251953125,2026-04-12 23:24:15.382000+00:00,138.75,2026-04-13 08:24:15.382000+09:00,0.135,0.2,0.3875,2.644,0.5939056396484375,2.644,0.3875,0.5939056396484375
654.0,2026-04-12T23:24:21.074Z,2026-05-12T23:24:20.127Z,44.404273986816406,1.575,,2.575,나쁨,중간수준 악화 (나쁨-2),2.575,,0.851,0.851,0.0,0.3727,0.3897,48,48,computed_co2_regression,3.0,22.5,history,24.54871368408203,2026-04-12 23:24:21.074000+00:00,138.9166717529297,2026-04-13 08:24:21.074000+09:00,0.135,0.21428571428571427,0.3891667175292969,2.5745,0.5595726013183594,2.5745,0.3891667175292969,0.5595726013183594
654.3333129882812,2026-04-12T23:24:27.189Z,2026-05-12T23:24:26.103Z,44.9173583984375,1.51,,2.51,나쁨,중간수준 악화 (나쁨-2),2.51,,0.981,0.981,0.0,0.4925,0.3944,48,48,computed_co2_regression,3.0,22.83333396911621,history,24.546043395996094,2026-04-12 23:24:27.189000+00:00,139.0833282470703,2026-04-13 08:24:27.189000+09:00,0.13583328247070312,0.2238095419747489,0.39083328247070315,2.5095,0.50826416015625,2.5095,0.39083328247070315,0.50826416015625
654.6666870117188,2026-04-12T23:24:33.169Z,2026-05-12T23:24:32.238Z,44.96027374267578,1.45,,2.45,나쁨,중간수준 악화 (나쁨-2),2.45,,1.101,1.101,0.0,0.6125,0.4066,48,48,computed_co2_regression,3.0,23.0,history,24.554054260253903,2026-04-12 23:24:33.169000+00:00,139.1666717529297,2026-04-13 08:24:33.169000+09:00,0.13666671752929688,0.22857142857142856,0.3916667175292969,2.4495,0.5039726257324219,2.4495,0.3916667175292969,0.5039726257324219
655.0,2026-04-12T23:24:39.047Z,2026-05-12T23:24:38.116Z,44.93833923339844,1.395,,2.395,나쁨,중간수준 악화 (나쁨-2),2.395,,1.21,1.21,0.0,0.7277,0.4284,48,48,computed_co2_regression,3.0,23.0,history,24.55138397216797,2026-04-12 23:24:39.047000+00:00,139.25,2026-04-13 08:24:39.047000+09:00,0.1375,0.22857142857142856,0.3925,2.395,0.5061660766601562,2.395,0.3925,0.5061660766601562
655.3333129882812,2026-04-12T23:24:45.709Z,2026-05-12T23:24:44.616Z,45.430442810058594,1.35,,2.35,나쁨,중간수준 악화 (나쁨-2),2.35,,1.3,1.3,0.0,0.82,0.4524,48,48,computed_co2_regression,3.0,23.0,history,24.544708251953125,2026-04-12 23:24:45.709000+00:00,139.3333282470703,2026-04-13 08:24:45.709000+09:00,0.13833328247070312,0.22857142857142856,0.39333328247070315,2.35,0.4569557189941406,2.35,0.39333328247070315,0.4569557189941406
656.0,2026-04-12T23:24:51.759Z,2026-05-12T23:24:50.668Z,45.689849853515625,1.318,,2.318,나쁨,중간수준 악화 (나쁨-2),2.318,,1.364,1.364,0.0,0.8807,0.4795,48,48,computed_co2_regression,3.0,23.16666603088379,history,24.54070281982422,2026-04-12 23:24:51.759000+00:00,139.4166717529297,2026-04-13 08:24:51.759000+09:00,0.14,0.23333331516810826,0.3941667175292969,2.318,0.4310150146484375,2.318,0.3941667175292969,0.4310150146484375
657.0,2026-04-12T23:24:57.720Z,2026-05-12T23:24:56.639Z,45.81287384033203,1.305,,2.306,나쁨,중간수준 악화 (나쁨-2),2.306,,1.389,1.389,0.0,0.9007,0.4988,48,48,computed_co2_regression,3.0,23.0,history,24.536697387695312,2026-04-12 23:24:57.720000+00:00,139.5,2026-04-13 08:24:57.720000+09:00,0.1425,0.22857142857142856,0.395,2.3055,0.4187126159667969,2.3055,0.395,0.4187126159667969
658.3333129882812,2026-04-12T23:25:04.686Z,2026-05-12T23:25:03.666Z,45.99026107788086,1.316,,2.316,나쁨,중간수준 악화 (나쁨-2),2.316,,1.368,1.368,0.0,0.887,0.517,48,48,computed_co2_regression,3.0,23.16666603088379,history,24.542037963867188,2026-04-12 23:25:04.686000+00:00,139.5833282470703,2026-04-13 08:25:04.686000+09:00,0.14583328247070312,0.23333331516810826,0.39583328247070315,2.316,0.40097389221191404,2.316,0.39583328247070315,0.40097389221191404
660.0,2026-04-12T23:25:10.533Z,2026-05-12T23:25:09.579Z,45.69652557373047,1.348,,2.348,나쁨,중간수준 악화 (나쁨-2),2.348,,1.304,1.304,0.0,0.8541,0.5346,48,48,computed_co2_regression,3.0,23.5,history,24.54070281982422,2026-04-12 23:25:10.533000+00:00,139.5833282470703,2026-04-13 08:25:10.533000+09:00,0.15,0.24285714285714285,0.39583328247070315,2.348,0.4303474426269531,2.348,0.39583328247070315,0.4303474426269531
662.3333129882812,2026-04-12T23:25:18.774Z,2026-05-12T23:25:17.813Z,45.62309265136719,1.398,,2.398,나쁨,중간수준 악화 (나쁨-2),2.398,,1.205,1.205,0.0,0.8033,0.553,48,48,computed_co2_regression,3.0,23.33333396911621,history,24.54070281982422,2026-04-12 23:25:18.774000+00:00,139.5833282470703,2026-04-13 08:25:18.774000+09:00,0.15583328247070313,0.23809525626046316,0.39583328247070315,2.3975,0.43769073486328125,2.3975,0.39583328247070315,0.43769073486328125
664.6666870117188,2026-04-12T23:25:24.835Z,2026-05-12T23:25:23.737Z,46.082767486572266,1.457,,2.457,나쁨,중간수준 악화 (나쁨-2),2.457,,1.087,1.087,0.0,0.7316,0.5736,48,48,computed_co2_regression,3.0,23.0,history,24.563400268554688,2026-04-12 23:25:24.835000+00:00,139.5,2026-04-13 08:25:24.835000+09:00,0.16166671752929687,0.22857142857142856,0.395,2.4565,0.3917232513427734,2.4565,0.395,0.395
668.0,2026-04-12T23:25:30.682Z,2026-05-12T23:25:29.688Z,46.43563079833984,1.527,,2.527,나쁨,중간수준 악화 (나쁨-2),2.527,,0.947,0.947,0.0,0.6249,0.5854,48,48,computed_co2_regression,3.0,22.83333396911621,history,24.57408142089844,2026-04-12 23:25:30.682000+00:00,139.3333282470703,2026-04-13 08:25:30.682000+09:00,0.17,0.2238095419747489,0.39333328247070315,2.5265,0.35643692016601636,2.5265,0.39333328247070315,0.39333328247070315
671.3333129882812,2026-04-12T23:25:36.636Z,2026-05-12T23:25:35.678Z,46.49858093261719,1.602,,2.602,나쁨,중간수준 악화 (나쁨-2),2.602,,0.796,0.796,0.0,0.4819,0.5975,48,48,computed_co2_regression,3.0,22.5,history,24.56072998046875,2026-04-12 23:25:36.636000+00:00,139.0833282470703,2026-04-13 08:25:36.636000+09:00,0.17833328247070312,0.21428571428571427,0.39083328247070315,2.602,0.35014190673828127,2.602,0.39083328247070315,0.39083328247070315
675.6666870117188,2026-04-12T23:25:42.729Z,2026-05-12T23:25:41.751Z,46.53290939331055,1.686,,2.686,나쁨,중간수준 악화 (나쁨-2),2.686,,0.629,0.629,0.0,0.3096,0.6019,48,48,computed_co2_regression,3.0,22.0,history,24.555389404296875,2026-04-12 23:25:42.729000+00:00,138.8333282470703,2026-04-13 08:25:42.729000+09:00,0.18916671752929687,0.2,0.38833328247070314,2.6855,0.3467090606689453,2.6855,0.38833328247070314,0.38833328247070314
679.0,2026-04-12T23:25:48.787Z,2026-05-12T23:25:47.705Z,46.63972091674805,1.771,,2.771,나쁨,중간수준 악화 (나쁨-2),2.771,,0.459,0.459,0.0,0.1575,0.5962,48,48,computed_co2_regression,3.0,21.66666603088379,history,24.57675170898437,2026-04-12 23:25:48.787000+00:00,138.75,2026-04-13 08:25:48.787000+09:00,0.1975,0.1904761723109654,0.3875,2.7705,0.3360279083251953,2.7705,0.3875,0.3875
683.6666870117188,2026-04-12T23:25:54.648Z,2026-05-12T23:25:53.716Z,46.74367141723633,1.861,,2.861,나쁨,중간수준 악화 (나쁨-2),2.861,,0.278,0.278,0.0,0.0508,0.5842,48,48,computed_co2_regression,3.0,21.66666603088379,history,24.58075714111328,2026-04-12 23:25:54.648000+00:00,138.75,2026-04-13 08:25:54.648000+09:00,0.20916671752929689,0.1904761723109654,0.3875,2.8609999999999998,0.3256328582763672,2.8609999999999998,0.3875,0.3875
687.6666870117188,2026-04-12T23:26:00.673Z,2026-05-12T23:25:59.724Z,47.08509063720703,1.955,,2.956,나쁨,중간수준 악화 (나쁨-2),2.956,,0.089,0.089,0.0,0.0044,0.5669,48,48,computed_co2_regression,3.0,21.83333396911621,history,24.54871368408203,2026-04-12 23:26:00.673000+00:00,138.75,2026-04-13 08:26:00.673000+09:00,0.21916671752929687,0.1952381134033203,0.3875,2.9555,0.2914909362792969,2.9555,0.3875,0.3875
693.3333129882812,2026-04-12T23:26:07.471Z,2026-05-12T23:26:06.506Z,47.15947723388672,2.0,,3.0,나쁨,심각한 악화 (나쁨-3),3.0,,0.0,0.0,0.0,0.0061,0.5461,48,48,computed_co2_regression,3.0,21.66666603088379,history,24.53002166748047,2026-04-12 23:26:07.471000+00:00,139.0,2026-04-13 08:26:07.471000+09:00,0.23333328247070312,0.1904761723109654,0.39,3.0,0.28405227661132815,3.0,0.39,0.39
698.0,2026-04-12T23:26:14.464Z,2026-05-12T23:26:13.462Z,47.15947723388672,2.0,,3.0,나쁨,심각한 악화 (나쁨-3),3.0,,0.0,0.0,0.0,0.0408,0.5261,48,48,computed_co2_regression,3.0,21.5,history,24.53002166748047,2026-04-12 23:26:14.464000+00:00,139.25,2026-04-13 08:26:14.464000+09:00,0.245,0.18571428571428572,0.3925,3.0,0.28405227661132815,3.0,0.3925,0.3925
703.6666870117188,2026-04-12T23:26:21.925Z,2026-05-12T23:26:20.988Z,47.14421463012695,2.0,,3.0,나쁨,심각한 악화 (나쁨-3),3.0,,0.0,0.0,0.0,0.0944,0.5172,48,48,computed_co2_regression,3.0,21.5,history,24.542037963867188,2026-04-12 23:26:21.925000+00:00,139.6666717529297,2026-04-13 08:26:21.925000+09:00,0.2591667175292969,0.18571428571428572,0.3966667175292969,3.0,0.2855785369873047,3.0,0.3966667175292969,0.3966667175292969
709.0,2026-04-12T23:26:27.660Z,2026-05-12T23:26:26.731Z,47.18235778808594,2.0,,3.0,나쁨,심각한 악화 (나쁨-3),3.0,,0.0,0.0,0.0,0.156,0.5071,48,48,computed_co2_regression,3.0,21.16666603088379,history,24.550048828125,2026-04-12 23:26:27.660000+00:00,140.0833282470703,2026-04-13 08:26:27.660000+09:00,0.2725,0.17619045802525113,0.4008332824707031,3.0,0.28176422119140626,3.0,0.4008332824707031,0.4008332824707031
713.3333129882812,2026-04-12T23:26:33.793Z,2026-05-12T23:26:32.864Z,47.09366607666016,2.0,,3.0,나쁨,심각한 악화 (나쁨-3),3.0,,0.0,0.0,0.0,0.2193,0.5018,48,48,computed_co2_regression,3.0,21.16666603088379,history,24.55939483642578,2026-04-12 23:26:33.793000+00:00,140.5833282470703,2026-04-13 08:26:33.793000+09:00,0.2833332824707031,0.17619045802525113,0.4058332824707031,3.0,0.29063339233398366,3.0,0.4058332824707031,0.4058332824707031
716.3333129882812,2026-04-12T23:26:39.696Z,2026-05-12T23:26:38.725Z,47.358795166015625,2.0,,3.0,나쁨,심각한 악화 (나쁨-3),3.0,,0.0,0.0,0.0,0.2827,0.5019,48,48,computed_co2_regression,3.0,21.16666603088379,history,24.57007598876953,2026-04-12 23:26:39.696000+00:00,141.1666717529297,2026-04-13 08:26:39.696000+09:00,0.2908332824707031,0.17619045802525113,0.4116667175292969,3.0,0.2641204833984375,3.0,0.4116667175292969,0.4116667175292969
717.3333129882812,2026-04-12T23:26:45.678Z,2026-05-12T23:26:44.736Z,47.50471496582031,2.0,,3.0,나쁨,심각한 악화 (나쁨-3),3.0,,0.0,0.0,0.0,0.3441,0.491,48,48,computed_co2_regression,3.0,21.0,history,24.567405700683597,2026-04-12 23:26:45.678000+00:00,141.9166717529297,2026-04-13 08:26:45.678000+09:00,0.2933332824707031,0.17142857142857143,0.41916671752929685,3.0,0.24952850341796876,3.0,0.41916671752929685,0.41916671752929685
719.0,2026-04-12T23:26:51.674Z,2026-05-12T23:26:50.745Z,47.29299545288086,2.0,,3.0,나쁨,심각한 악화 (나쁨-3),3.0,,0.0,0.0,0.0,0.4034,0.4663,48,48,computed_co2_regression,3.0,21.16666603088379,history,24.56206512451172,2026-04-12 23:26:51.674000+00:00,142.8333282470703,2026-04-13 08:26:51.674000+09:00,0.2975,0.17619045802525113,0.4283332824707031,3.0,0.27070045471191406,3.0,0.4283332824707031,0.4283332824707031
720.3333129882812,2026-04-12T23:26:57.686Z,2026-05-12T23:26:56.748Z,47.095584869384766,2.0,,3.0,나쁨,심각한 악화 (나쁨-3),3.0,,0.0,0.0,0.0,0.4604,0.434,48,48,computed_co2_regression,3.0,21.33333396911621,history,24.56874084472656,2026-04-12 23:26:57.686000+00:00,143.9166717529297,2026-04-13 08:26:57.686000+09:00,0.3008332824707031,0.18095239911760602,0.43916671752929687,3.0,0.29044151306152344,3.0,0.43916671752929687,0.43916671752929687
722.6666870117188,2026-04-12T23:27:04.707Z,2026-05-12T23:27:03.767Z,47.18618774414063,2.0,,3.0,나쁨,심각한 악화 (나쁨-3),3.0,,0.0,0.0,0.0,0.5158,0.4069,48,48,computed_co2_regression,3.0,21.83333396911621,history,24.564735412597656,2026-04-12 23:27:04.707000+00:00,145.1666717529297,2026-04-13 08:27:04.707000+09:00,0.30666671752929686,0.1952381134033203,0.4516667175292969,3.0,0.2813812255859368,3.0,0.4516667175292969,0.4516667175292969
725.0,2026-04-12T23:27:10.713Z,2026-05-12T23:27:09.637Z,47.33592224121094,2.0,,3.0,나쁨,심각한 악화 (나쁨-3),3.0,,0.0,0.0,0.0,0.5687,0.3753,48,48,computed_co2_regression,3.0,21.83333396911621,history,24.552719116210938,2026-04-12 23:27:10.713000+00:00,146.75,2026-04-13 08:27:10.713000+09:00,0.3125,0.1952381134033203,0.4675,3.0,0.26640777587890624,3.0,0.4675,0.4675
727.6666870117188,2026-04-12T23:27:17.421Z,2026-05-12T23:27:16.490Z,47.26153564453125,2.0,,3.0,나쁨,심각한 악화 (나쁨-3),3.0,,0.0,0.0,0.0,0.6201,0.3349,48,48,computed_co2_regression,3.0,21.66666603088379,history,24.552719116210938,2026-04-12 23:27:17.421000+00:00,148.5833282470703,2026-04-13 08:27:17.421000+09:00,0.3191667175292969,0.1904761723109654,0.4858332824707031,3.0,0.273846435546875,3.0,0.4858332824707031,0.4858332824707031
730.0,2026-04-12T23:27:24.478Z,2026-05-12T23:27:23.539Z,47.47897720336914,2.0,,3.0,나쁨,심각한 악화 (나쁨-3),3.0,,0.0,0.0,0.0,0.6692,0.2987,48,48,computed_co2_regression,3.0,22.0,history,24.57007598876953,2026-04-12 23:27:24.478000+00:00,150.6666717529297,2026-04-13 08:27:24.478000+09:00,0.325,0.2,0.5066667175292969,3.0,0.25210227966308596,3.0,0.5066667175292969,0.5066667175292969
731.6666870117188,2026-04-12T23:27:30.066Z,2026-05-12T23:27:29.146Z,48.015907287597656,2.0,,3.0,나쁨,심각한 악화 (나쁨-3),3.0,,0.0,0.0,0.0,0.7152,0.2587,48,48,computed_co2_regression,3.0,21.83333396911621,history,24.57274627685547,2026-04-12 23:27:30.066000+00:00,152.9166717529297,2026-04-13 08:27:30.066000+09:00,0.3291667175292969,0.1952381134033203,0.5291667175292969,3.0,0.19840927124023439,3.0,0.5291667175292969,0.5291667175292969
734.3333129882812,2026-04-12T23:27:36.294Z,2026-05-12T23:27:35.210Z,48.10078430175781,2.0,,3.0,나쁨,심각한 악화 (나쁨-3),3.0,,0.0,0.0,0.0,0.7565,0.2029,48,48,computed_co2_regression,3.0,21.33333396911621,history,24.56874084472656,2026-04-12 23:27:36.294000+00:00,155.25,2026-04-13 08:27:36.294000+09:00,0.3358332824707031,0.18095239911760602,0.5525,3.0,0.18992156982421876,3.0,0.5525,0.5525
737.0,2026-04-12T23:27:42.190Z,2026-05-12T23:27:41.265Z,47.83184814453125,2.0,,3.0,나쁨,심각한 악화 (나쁨-3),3.0,,0.0,0.0,0.0,0.7939,0.1337,48,48,computed_co2_regression,3.0,20.83333396911621,history,24.58209228515625,2026-04-12 23:27:42.190000+00:00,157.75,2026-04-13 08:27:42.190000+09:00,0.3425,0.16666668483189173,0.5775,3.0,0.216815185546875,3.0,0.5775,0.5775
740.6666870117188,2026-04-12T23:27:48.298Z,2026-05-12T23:27:47.189Z,47.51808166503906,2.0,,3.0,나쁨,심각한 악화 (나쁨-3),3.0,,0.0,0.0,0.0,0.8263,0.0603,48,48,computed_co2_regression,3.0,20.33333396911621,history,24.579421997070312,2026-04-12 23:27:48.298000+00:00,160.3333282470703,2026-04-13 08:27:48.298000+09:00,0.3516667175292969,0.15238097054617747,0.6033332824707032,3.0,0.24819183349609375,3.0,0.6033332824707032,0.6033332824707032
743.6666870117188,2026-04-12T23:27:54.272Z,2026-05-12T23:27:53.307Z,47.36930084228516,2.0,,3.0,나쁨,심각한 악화 (나쁨-3),3.0,,0.0,0.0,0.0,0.8552,0.0082,48,48,computed_co2_regression,3.0,20.0,history,24.58209228515625,2026-04-12 23:27:54.272000+00:00,163.0,2026-04-13 08:27:54.272000+09:00,0.35916671752929685,0.14285714285714285,0.63,3.0,0.26306991577148364,3.0,0.63,0.63
746.6666870117188,2026-04-12T23:28:00.071Z,2026-05-12T23:27:59.134Z,47.54859924316406,2.0,,3.0,나쁨,심각한 악화 (나쁨-3),3.0,,0.0,0.0,0.168,0.8798,0.0079,48,48,computed_co2_regression,3.0,19.66666603088379,history,24.58209228515625,2026-04-12 23:28:00.071000+00:00,165.6666717529297,2026-04-13 08:28:00.071000+09:00,0.36666671752929686,0.13333331516810826,0.6566667175292968,3.0,0.24514007568359375,3.0,0.6566667175292968,0.6566667175292968
748.6666870117188,2026-04-12T23:28:06.903Z,2026-05-12T23:28:05.966Z,47.79941940307617,2.0,,3.0,나쁨,심각한 악화 (나쁨-3),3.0,,0.0,0.0,0.48,0.9007,0.0663,48,48,computed_co2_regression,3.0,19.66666603088379,history,24.58075714111328,2026-04-12 23:28:06.903000+00:00,168.25,2026-04-13 08:28:06.903000+09:00,0.37166671752929686,0.13333331516810826,0.6825,3.0,0.22005805969238282,3.0,0.6825,0.6825
750.6666870117188,2026-04-12T23:28:13.499Z,2026-05-12T23:28:12.543Z,47.82707214355469,2.0,,3.0,나쁨,심각한 악화 (나쁨-3),3.0,,0.0,0.0,0.703,0.9173,0.1443,48,48,computed_co2_regression,3.0,20.16666603088379,history,24.58075714111328,2026-04-12 23:28:13.499000+00:00,170.5833282470703,2026-04-13 08:28:13.499000+09:00,0.37666671752929687,0.14761902945382255,0.7058332824707031,3.0,0.21729278564453125,3.0,0.7058332824707031,0.7058332824707031
753.0,2026-04-12T23:28:19.083Z,2026-05-12T23:28:18.148Z,47.76412963867188,2.0,,3.0,나쁨,심각한 악화 (나쁨-3),3.0,,0.0,0.0,0.738,0.9221,0.164,49,49,computed_co2_regression,3.0,20.5,history,24.58609771728516,2026-04-12 23:28:19.083000+00:00,172.75,2026-04-13 08:28:19.083000+09:00,0.3825,0.15714285714285714,0.7275,3.0,0.22358703613281178,3.0,0.7275,0.7275
755.3333129882812,2026-04-12T23:28:26.441Z,2026-05-12T23:28:25.351Z,48.102684020996094,2.0,,3.0,나쁨,심각한 악화 (나쁨-3),3.0,,0.0,0.0,0.958,0.9435,0.271,48,48,computed_co2_regression,3.0,21.16666603088379,history,24.60078430175781,2026-04-12 23:28:26.441000+00:00,174.6666717529297,2026-04-13 08:28:26.441000+09:00,0.38833328247070314,0.17619045802525113,0.7466667175292969,3.0,0.18973159790039062,3.0,0.7466667175292969,0.7466667175292969
758.0,2026-04-12T23:28:32.096Z,2026-05-12T23:28:31.159Z,48.17325592041016,2.0,,3.0,나쁨,심각한 악화 (나쁨-3),3.0,,0.0,0.0,0.995,0.9533,0.2951,48,48,computed_co2_regression,3.0,21.83333396911621,history,24.608795166015625,2026-04-12 23:28:32.096000+00:00,176.25,2026-04-13 08:28:32.096000+09:00,0.395,0.1952381134033203,0.7625,3.0,0.18267440795898365,3.0,0.7625,0.7625
760.3333129882812,2026-04-12T23:28:38.085Z,2026-05-12T23:28:37.152Z,48.04450607299805,2.0,,3.0,나쁨,심각한 악화 (나쁨-3),3.0,,0.0,0.0,1.001,0.9611,0.2988,48,48,computed_co2_regression,3.0,22.16666603088379,history,24.60211944580078,2026-04-12 23:28:38.085000+00:00,177.5833282470703,2026-04-13 08:28:38.085000+09:00,0.4008332824707031,0.20476188659667968,0.7758332824707032,3.0,0.1955493927001953,3.0,0.7758332824707032,0.7758332824707032
763.3333129882812,2026-04-12T23:28:44.214Z,2026-05-12T23:28:43.275Z,48.00921630859375,2.0,,3.0,나쁨,심각한 악화 (나쁨-3),3.0,,0.0,0.0,0.999,0.967,0.2969,48,48,computed_co2_regression,3.0,22.33333396911621,history,24.60478973388672,2026-04-12 23:28:44.214000+00:00,178.6666717529297,2026-04-13 08:28:44.214000+09:00,0.4083332824707031,0.2095238276890346,0.7866667175292968,3.0,0.199078369140625,3.0,0.7866667175292968,0.7866667175292968
765.3333129882812,2026-04-12T23:28:50.086Z,2026-05-12T23:28:49.155Z,47.81275939941406,2.0,,3.0,나쁨,심각한 악화 (나쁨-3),3.0,,0.0,0.0,1.046,0.9715,0.329,48,48,computed_co2_regression,3.0,21.83333396911621,history,24.596778869628903,2026-04-12 23:28:50.086000+00:00,179.5,2026-04-13 08:28:50.086000+09:00,0.4133332824707031,0.1952381134033203,0.795,3.0,0.21872406005859374,3.0,0.795,0.795
767.3333129882812,2026-04-12T23:28:56.172Z,2026-05-12T23:28:55.166Z,48.0874252319336,2.0,,3.0,나쁨,심각한 악화 (나쁨-3),3.0,,0.0,0.0,1.13,0.975,0.3864,48,48,computed_co2_regression,3.0,21.33333396911621,history,24.59410858154297,2026-04-12 23:28:56.172000+00:00,180.25,2026-04-13 08:28:56.172000+09:00,0.4183332824707031,0.18095239911760602,0.8025,3.0,0.1912574768066399,3.0,0.8025,0.8025
768.6666870117188,2026-04-12T23:29:02.711Z,2026-05-12T23:29:01.781Z,48.761680603027344,2.0,,3.0,나쁨,심각한 악화 (나쁨-3),3.0,,0.0,0.0,1.225,0.9772,0.4462,48,48,computed_co2_regression,3.0,20.83333396911621,history,24.61146545410156,2026-04-12 23:29:02.711000+00:00,180.75,2026-04-13 08:29:02.711000+09:00,0.42166671752929685,0.16666668483189173,0.8075,3.0,0.15286636352538974,3.0,0.8075,0.8075
771.3333129882812,2026-04-12T23:29:08.614Z,2026-05-12T23:29:07.525Z,48.92476272583008,2.0,,3.0,나쁨,심각한 악화 (나쁨-3),3.0,,0.0,0.0,1.331,0.9785,0.4961,48,48,computed_co2_regression,3.0,20.16666603088379,history,24.599449157714844,2026-04-12 23:29:08.614000+00:00,181.0,2026-04-13 08:29:08.614000+09:00,0.4283332824707031,0.14761902945382255,0.81,3.0,0.14986228942871094,3.0,0.81,0.81
774.0,2026-04-12T23:29:15.570Z,2026-05-12T23:29:14.626Z,48.68347930908203,2.0,,3.0,나쁨,심각한 악화 (나쁨-3),3.0,,0.0,0.0,1.378,0.9785,0.5237,49,49,computed_co2_regression,3.0,19.83333396911621,history,24.608795166015625,2026-04-12 23:29:15.570000+00:00,181.0,2026-04-13 08:29:15.570000+09:00,0.435,0.13809525626046318,0.81,3.0,0.15219879150390625,3.0,0.81,0.81
776.6666870117188,2026-04-12T23:29:21.554Z,2026-05-12T23:29:20.553Z,48.8160400390625,2.0,,3.0,나쁨,심각한 악화 (나쁨-3),3.0,,0.0,0.0,1.503,0.9785,0.5676,49,49,computed_co2_regression,3.0,19.5,history,24.6141357421875,2026-04-12 23:29:21.554000+00:00,180.8333282470703,2026-04-13 08:29:21.554000+09:00,0.44166671752929687,0.12857142857142856,0.8083332824707031,3.0,0.153533935546875,3.0,0.8083332824707031,0.8083332824707031
778.3333129882812,2026-04-12T23:29:28.806Z,2026-05-12T23:29:27.850Z,48.758819580078125,2.0,,3.0,나쁨,심각한 악화 (나쁨-3),3.0,,0.0,0.0,1.578,0.9766,0.5776,48,48,computed_co2_regression,3.0,19.83333396911621,history,24.607460021972656,2026-04-12 23:29:28.806000+00:00,180.5833282470703,2026-04-13 08:29:28.806000+09:00,0.44583328247070314,0.13809525626046318,0.8058332824707031,3.0,0.15186500549316406,3.0,0.8058332824707031,0.8058332824707031
779.3333129882812,2026-04-12T23:29:34.628Z,2026-05-12T23:29:33.693Z,48.82843780517578,2.0,,3.0,나쁨,심각한 악화 (나쁨-3),3.0,,0.0,0.0,1.586,0.9745,0.5798,48,48,computed_co2_regression,3.0,20.0,history,24.620811462402344,2026-04-12 23:29:34.628000+00:00,180.1666717529297,2026-04-13 08:29:34.628000+09:00,0.44833328247070314,0.14285714285714285,0.8016667175292969,3.0,0.15520286560058594,3.0,0.8016667175292969,0.8016667175292969
780.6666870117188,2026-04-12T23:29:40.597Z,2026-05-12T23:29:39.659Z,49.23471450805664,2.0,,3.0,나쁨,심각한 악화 (나쁨-3),3.0,,0.0,0.0,1.561,0.9719,0.5713,48,48,computed_co2_regression,3.0,20.33333396911621,history,24.608795166015625,2026-04-12 23:29:40.597000+00:00,179.5833282470703,2026-04-13 08:29:40.597000+09:00,0.4516667175292969,0.15238097054617747,0.7958332824707032,3.0,0.15219879150390625,3.0,0.7958332824707032,0.7958332824707032
781.0,2026-04-12T23:29:47.178Z,2026-05-12T23:29:46.179Z,49.34343719482422,2.0,,3.0,나쁨,심각한 악화 (나쁨-3),3.0,,0.0,0.0,1.493,0.9687,0.5429,48,48,computed_co2_regression,3.0,20.83333396911621,history,24.590103149414062,2026-04-12 23:29:47.178000+00:00,178.8333282470703,2026-04-13 08:29:47.178000+09:00,0.4525,0.16666668483189173,0.7883332824707031,3.0,0.14752578735351562,3.0,0.7883332824707031,0.7883332824707031
781.0,2026-04-12T23:29:53.129Z,2026-05-12T23:29:52.182Z,49.39207077026367,2.0,,3.0,나쁨,심각한 악화 (나쁨-3),3.0,,0.0,0.0,1.385,0.9649,0.4948,48,48,computed_co2_regression,3.0,21.16666603088379,history,24.595443725585938,2026-04-12 23:29:53.129000+00:00,178.0833282470703,2026-04-13 08:29:53.129000+09:00,0.4525,0.17619045802525113,0.7808332824707032,3.0,0.14886093139648438,3.0,0.7808332824707032,0.7808332824707032
779.3333129882812,2026-04-12T23:29:59.080Z,2026-05-12T23:29:58.153Z,49.43117141723633,2.0,,3.0,나쁨,심각한 악화 (나쁨-3),3.0,,0.0,0.0,1.27,0.9602,0.4392,48,48,computed_co2_regression,3.0,21.33333396911621,history,24.5927734375,2026-04-12 23:29:59.080000+00:00,177.25,2026-04-13 08:29:59.080000+09:00,0.44833328247070314,0.18095239911760602,0.7725,3.0,0.148193359375,3.0,0.7725,0.7725
778.0,2026-04-12T23:30:06.500Z,2026-05-12T23:30:05.557Z,49.39874649047852,2.0,,3.0,나쁨,심각한 악화 (나쁨-3),3.0,,0.0,0.0,1.115,0.9543,0.3631,48,48,computed_co2_regression,3.0,21.66666603088379,history,24.60078430175781,2026-04-12 23:30:06.500000+00:00,176.4166717529297,2026-04-13 08:30:06.500000+09:00,0.445,0.1904761723109654,0.7641667175292969,3.0,0.15019607543945224,3.0,0.7641667175292969,0.7641667175292969
777.0,2026-04-12T23:30:12.231Z,2026-05-12T23:30:11.165Z,49.414005279541016,2.0,,3.0,나쁨,심각한 악화 (나쁨-3),3.0,,0.0,0.0,0.923,0.948,0.2759,48,48,computed_co2_regression,3.0,21.83333396911621,history,24.61280059814453,2026-04-12 23:30:12.231000+00:00,175.5,2026-04-13 08:30:12.231000+09:00,0.4425,0.1952381134033203,0.755,3.0,0.1532001495361328,3.0,0.755,0.755
777.0,2026-04-12T23:30:18.789Z,2026-05-12T23:30:17.849Z,49.60664749145508,2.0,,3.0,나쁨,심각한 악화 (나쁨-3),3.0,,0.0,0.0,0.85,0.942,0.2482,49,49,computed_co2_regression,3.0,21.5,history,24.620811462402344,2026-04-12 23:30:18.789000+00:00,174.5833282470703,2026-04-13 08:30:18.789000+09:00,0.4425,0.18571428571428572,0.7458332824707031,3.0,0.15520286560058594,3.0,0.7458332824707031,0.7458332824707031
778.0,2026-04-12T23:30:24.574Z,2026-05-12T23:30:23.648Z,49.79642868041992,2.0,,3.0,나쁨,심각한 악화 (나쁨-3),3.0,,0.0,0.0,0.727,0.9363,0.2032,49,49,computed_co2_regression,3.0,21.0,history,24.610130310058597,2026-04-12 23:30:24.574000+00:00,173.75,2026-04-13 08:30:24.574000+09:00,0.445,0.17142857142857143,0.7375,3.0,0.15253257751464933,3.0,0.7375,0.7375
779.6666870117188,2026-04-12T23:30:31.920Z,2026-05-12T23:30:30.948Z,49.542747497558594,2.0,,3.0,나쁨,심각한 악화 (나쁨-3),3.0,,0.0,0.0,0.554,0.9329,0.1328,48,48,computed_co2_regression,3.0,20.83333396911621,history,24.608795166015625,2026-04-12 23:30:31.920000+00:00,173.0,2026-04-13 08:30:31.920000+09:00,0.4491667175292969,0.16666668483189173,0.73,3.0,0.15219879150390625,3.0,0.73,0.73
781.6666870117188,2026-04-12T23:30:37.636Z,2026-05-12T23:30:36.702Z,49.50269317626953,2.0,,3.0,나쁨,심각한 악화 (나쁨-3),3.0,,0.0,0.0,0.477,0.9306,0.1048,48,48,computed_co2_regression,3.0,20.83333396911621,history,24.622146606445312,2026-04-12 23:30:37.636000+00:00,172.3333282470703,2026-04-13 08:30:37.636000+09:00,0.4541667175292969,0.16666668483189173,0.7233332824707032,3.0,0.15553665161132812,3.0,0.7233332824707032,0.7233332824707032
783.0,2026-04-12T23:30:43.728Z,2026-05-12T23:30:42.800Z,49.86509704589844,2.0,,3.0,나쁨,심각한 악화 (나쁨-3),3.0,,0.0,0.0,0.465,0.9287,0.1006,48,48,computed_co2_regression,3.0,20.33333396911621,history,24.62882232666016,2026-04-12 23:30:43.728000+00:00,171.75,2026-04-13 08:30:43.728000+09:00,0.4575,0.15238097054617747,0.7175,3.0,0.15720558166503995,3.0,0.7175,0.7175
783.6666870117188,2026-04-12T23:30:49.672Z,2026-05-12T23:30:48.710Z,50.15597534179688,2.0,,3.0,나쁨,심각한 악화 (나쁨-3),3.0,,0.0,0.0,0.509,0.9251,0.123,49,49,computed_co2_regression,3.0,20.0,history,24.63683319091797,2026-04-12 23:30:49.672000+00:00,171.25,2026-04-13 08:30:49.672000+09:00,0.4591667175292969,0.14285714285714285,0.7125,3.0,0.1592082977294922,3.0,0.7125,0.7125
784.0,2026-04-12T23:30:55.681Z,2026-05-12T23:30:54.736Z,50.219871520996094,2.0,,3.0,나쁨,심각한 악화 (나쁨-3),3.0,,0.0,0.0,0.534,0.9266,0.1244,48,48,computed_co2_regression,3.0,19.83333396911621,history,24.62882232666016,2026-04-12 23:30:55.681000+00:00,170.8333282470703,2026-04-13 08:30:55.681000+09:00,0.46,0.13809525626046318,0.7083332824707032,3.0,0.15720558166503995,3.0,0.7083332824707032,0.7083332824707032
784.0,2026-04-12T23:31:01.724Z,2026-05-12T23:31:00.780Z,50.14166641235352,2.0,,3.0,나쁨,심각한 악화 (나쁨-3),3.0,,0.0,0.0,0.555,0.9251,0.1314,48,48,computed_co2_regression,3.0,19.83333396911621,history,24.63416290283203,2026-04-12 23:31:01.724000+00:00,170.5,2026-04-13 08:31:01.724000+09:00,0.46,0.13809525626046318,0.705,3.0,0.1585407257080078,3.0,0.705,0.705
784.3333129882812,2026-04-12T23:31:08.398Z,2026-05-12T23:31:07.471Z,50.26374053955078,2.0,,3.0,나쁨,심각한 악화 (나쁨-3),3.0,,0.0,0.0,0.598,0.9207,0.1554,49,49,computed_co2_regression,3.0,19.83333396911621,history,24.6568603515625,2026-04-12 23:31:08.398000+00:00,170.1666717529297,2026-04-13 08:31:08.398000+09:00,0.4608332824707031,0.13809525626046318,0.7016667175292969,3.0,0.164215087890625,3.0,0.7016667175292969,0.7016667175292969
785.0,2026-04-12T23:31:15.281Z,2026-05-12T23:31:14.332Z,50.459251403808594,2.0,,3.0,나쁨,심각한 악화 (나쁨-3),3.0,,0.0,0.0,0.609,0.9175,0.1596,49,49,computed_co2_regression,3.0,20.0,history,24.652854919433597,2026-04-12 23:31:15.281000+00:00,169.9166717529297,2026-04-13 08:31:15.281000+09:00,0.4625,0.14285714285714285,0.6991667175292968,3.0,0.16321372985839933,3.0,0.6991667175292968,0.6991667175292968
786.6666870117188,2026-04-12T23:31:20.903Z,2026-05-12T23:31:19.982Z,50.43732070922852,2.0,,3.0,나쁨,심각한 악화 (나쁨-3),3.0,,0.0,0.0,0.603,0.9149,0.1571,49,49,computed_co2_regression,3.0,20.33333396911621,history,24.627487182617188,2026-04-12 23:31:20.903000+00:00,169.75,2026-04-13 08:31:20.903000+09:00,0.4666667175292969,0.15238097054617747,0.6975,3.0,0.15687179565429688,3.0,0.6975,0.6975
788.3333129882812,2026-04-12T23:31:26.946Z,2026-05-12T23:31:26.002Z,50.33622741699219,2.0,,3.0,나쁨,심각한 악화 (나쁨-3),3.0,,0.0,0.0,0.571,0.9115,0.1427,49,49,computed_co2_regression,3.0,20.66666603088379,history,24.630157470703125,2026-04-12 23:31:26.946000+00:00,169.5833282470703,2026-04-13 08:31:26.946000+09:00,0.4708332824707031,0.16190474373953684,0.6958332824707031,3.0,0.15753936767578125,3.0,0.6958332824707031,0.6958332824707031
790.3333129882812,2026-04-12T23:31:34.450Z,2026-05-12T23:31:33.510Z,50.42301559448242,2.0,,3.0,나쁨,심각한 악화 (나쁨-3),3.0,,0.0,0.0,0.558,0.9072,0.1372,49,49,computed_co2_regression,3.0,20.66666603088379,history,24.64484405517578,2026-04-12 23:31:34.450000+00:00,169.5833282470703,2026-04-13 08:31:34.450000+09:00,0.4758332824707031,0.16190474373953684,0.6958332824707031,3.0,0.1612110137939453,3.0,0.6958332824707031,0.6958332824707031
792.0,2026-04-12T23:31:40.062Z,2026-05-12T23:31:39.123Z,50.52315139770508,2.0,,3.0,나쁨,심각한 악화 (나쁨-3),3.0,,0.0,0.0,0.534,0.9028,0.126,49,49,computed_co2_regression,3.0,20.83333396911621,history,24.63683319091797,2026-04-12 23:31:40.062000+00:00,169.5833282470703,2026-04-13 08:31:40.062000+09:00,0.48,0.16666668483189173,0.6958332824707031,3.0,0.1592082977294922,3.0,0.6958332824707031,0.6958332824707031
793.6666870117188,2026-04-12T23:31:46.287Z,2026-05-12T23:31:45.358Z,50.61947250366211,2.0,,3.0,나쁨,심각한 악화 (나쁨-3),3.0,,0.0,0.0,0.508,0.8986,0.1148,49,49,computed_co2_regression,3.0,20.83333396911621,history,24.64350891113281,2026-04-12 23:31:46.287000+00:00,169.5833282470703,2026-04-13 08:31:46.287000+09:00,0.48416671752929685,0.16666668483189173,0.6958332824707031,3.0,0.16087722778320224,3.0,0.6958332824707031,0.6958332824707031
795.0,2026-04-12T23:31:52.053Z,2026-05-12T23:31:51.127Z,50.69099426269531,2.0,,3.0,나쁨,심각한 악화 (나쁨-3),3.0,,0.0,0.0,0.505,0.8956,0.1134,49,49,computed_co2_regression,3.0,20.66666603088379,history,24.65953063964844,2026-04-12 23:31:52.053000+00:00,169.5833282470703,2026-04-13 08:31:52.053000+09:00,0.4875,0.16190474373953684,0.6958332824707031,3.0,0.16488265991211026,3.0,0.6958332824707031,0.6958332824707031
796.0,2026-04-12T23:31:58.129Z,2026-05-12T23:31:57.199Z,50.75870513916016,2.0,,3.0,나쁨,심각한 악화 (나쁨-3),3.0,,0.0,0.0,0.501,0.8934,0.1116,49,49,computed_co2_regression,3.0,20.5,history,24.65419006347656,2026-04-12 23:31:58.129000+00:00,169.5833282470703,2026-04-13 08:31:58.129000+09:00,0.49,0.15714285714285714,0.6958332824707031,3.0,0.16354751586913974,3.0,0.6958332824707031,0.6958332824707031
797.6666870117188,2026-04-12T23:32:05.192Z,2026-05-12T23:32:04.189Z,50.72723388671875,2.0,,3.0,나쁨,심각한 악화 (나쁨-3),3.0,,0.0,0.0,0.472,0.8929,0.0999,49,49,computed_co2_regression,3.0,20.66666603088379,history,24.66754150390625,2026-04-12 23:32:05.192000+00:00,169.6666717529297,2026-04-13 08:32:05.192000+09:00,0.49416671752929686,0.16190474373953684,0.6966667175292969,3.0,0.1668853759765625,3.0,0.6966667175292969,0.6966667175292969
799.0,2026-04-12T23:32:11.095Z,2026-05-12T23:32:10.173Z,50.75870513916016,2.0,,3.0,나쁨,심각한 악화 (나쁨-3),3.0,,0.0,0.0,0.373,0.8938,0.0646,49,49,computed_co2_regression,3.0,21.16666603088379,history,24.670211791992188,2026-04-12 23:32:11.095000+00:00,169.6666717529297,2026-04-13 08:32:11.095000+09:00,0.4975,0.17619045802525113,0.6966667175292969,3.0,0.16755294799804688,3.0,0.6966667175292969,0.6966667175292969
800.6666870117188,2026-04-12T23:32:17.715Z,2026-05-12T23:32:16.633Z,50.79303741455078,2.0,,3.0,나쁨,심각한 악화 (나쁨-3),3.0,,0.0,0.0,0.239,0.8958,0.0269,49,49,computed_co2_regression,3.0,21.66666603088379,history,24.660865783691406,2026-04-12 23:32:17.715000+00:00,169.75,2026-04-13 08:32:17.715000+09:00,0.5016667175292969,0.1904761723109654,0.6975,3.0,0.16521644592285156,3.0,0.6975,0.6975
801.3333129882812,2026-04-12T23:32:23.672Z,2026-05-12T23:32:22.743Z,50.89126586914063,2.0,,3.0,나쁨,심각한 악화 (나쁨-3),3.0,,0.0,0.0,0.106,0.8985,0.0052,49,49,computed_co2_regression,3.0,21.83333396911621,history,24.652854919433597,2026-04-12 23:32:23.672000+00:00,169.8333282470703,2026-04-13 08:32:23.672000+09:00,0.5033332824707031,0.1952381134033203,0.6983332824707031,3.0,0.16321372985839933,3.0,0.6983332824707031,0.6983332824707031
802.0,2026-04-12T23:32:29.625Z,2026-05-12T23:32:28.639Z,51.14971160888672,2.0,,3.0,나쁨,심각한 악화 (나쁨-3),3.0,,0.0,0.0,0.0,0.9022,0.0016,49,49,computed_co2_regression,3.0,22.0,history,24.64751434326172,2026-04-12 23:32:29.625000+00:00,169.9166717529297,2026-04-13 08:32:29.625000+09:00,0.505,0.2,0.6991667175292968,3.0,0.1618785858154297,3.0,0.6991667175292968,0.6991667175292968
802.6666870117188,2026-04-12T23:32:36.799Z,2026-05-12T23:32:35.874Z,51.34330749511719,2.0,,3.0,나쁨,심각한 악화 (나쁨-3),3.0,,0.0,0.0,0.0,0.9076,0.0246,49,49,computed_co2_regression,3.0,22.33333396911621,history,24.640838623046875,2026-04-12 23:32:36.799000+00:00,169.9166717529297,2026-04-13 08:32:36.799000+09:00,0.5066667175292969,0.2095238276890346,0.6991667175292968,3.0,0.16020965576171875,3.0,0.6991667175292968,0.6991667175292968
804.0,2026-04-12T23:32:42.651Z,2026-05-12T23:32:41.717Z,51.71429443359375,2.0,,3.0,나쁨,심각한 악화 (나쁨-3),3.0,,0.0,0.0,0.0,0.9143,0.0613,49,49,computed_co2_regression,3.0,22.5,history,24.640838623046875,2026-04-12 23:32:42.651000+00:00,169.9166717529297,2026-04-13 08:32:42.651000+09:00,0.51,0.21428571428571427,0.6991667175292968,3.0,0.171429443359375,3.0,0.6991667175292968,0.6991667175292968
808.0,2026-04-12T23:32:48.564Z,2026-05-12T23:32:47.621Z,51.81920623779297,2.0,,3.0,나쁨,심각한 악화 (나쁨-3),3.0,,0.0,0.0,0.0,0.9228,0.0919,49,49,computed_co2_regression,3.0,22.33333396911621,history,24.64751434326172,2026-04-12 23:32:48.564000+00:00,169.75,2026-04-13 08:32:48.564000+09:00,0.52,0.2095238276890346,0.6975,3.0,0.18192062377929688,3.0,0.6975,0.6975
813.6666870117188,2026-04-12T23:32:56.605Z,2026-05-12T23:32:55.641Z,51.47969055175781,2.0,,3.0,나쁨,심각한 악화 (나쁨-3),3.0,,0.0,0.0,0.0,0.9307,0.087,48,48,computed_co2_regression,3.0,21.83333396911621,history,24.660865783691406,2026-04-12 23:32:56.605000+00:00,169.6666717529297,2026-04-13 08:32:56.605000+09:00,0.5341667175292969,0.1952381134033203,0.6966667175292969,3.0,0.16521644592285156,3.0,0.6966667175292969,0.6966667175292969
823.3333129882812,2026-04-12T23:33:02.522Z,2026-05-12T23:33:01.576Z,51.368106842041016,2.0,,3.0,나쁨,심각한 악화 (나쁨-3),3.0,,0.0,0.0,0.0,0.9265,0.0768,48,48,computed_co2_regression,3.0,21.66666603088379,history,24.682228088378903,2026-04-12 23:33:02.522000+00:00,169.6666717529297,2026-04-13 08:33:02.522000+09:00,0.5583332824707031,0.1904761723109654,0.6966667175292969,3.0,0.17055702209472567,3.0,0.6966667175292969,0.6966667175292969
833.0,2026-04-12T23:33:08.504Z,2026-05-12T23:33:07.573Z,51.588409423828125,2.0,,3.0,나쁨,심각한 악화 (나쁨-3),3.0,,0.0,0.0,0.0,0.9098,0.0655,48,48,computed_co2_regression,3.0,21.66666603088379,history,24.67955780029297,2026-04-12 23:33:08.504000+00:00,169.75,2026-04-13 08:33:08.504000+09:00,0.5825,0.1904761723109654,0.6975,3.0,0.1698894500732422,3.0,0.6975,0.6975
841.3333129882812,2026-04-12T23:33:15.658Z,2026-05-12T23:33:14.566Z,51.57696533203125,2.0,,3.0,나쁨,심각한 악화 (나쁨-3),3.0,,0.0,0.0,0.0,0.8853,0.0565,48,48,computed_co2_regression,3.0,21.33333396911621,history,24.675552368164062,2026-04-12 23:33:15.658000+00:00,169.8333282470703,2026-04-13 08:33:15.658000+09:00,0.6033332824707032,0.18095239911760602,0.6983332824707031,3.0,0.16888809204101562,3.0,0.6983332824707031,0.6983332824707031
846.6666870117188,2026-04-12T23:33:21.608Z,2026-05-12T23:33:20.607Z,51.4930419921875,2.0,,3.0,나쁨,심각한 악화 (나쁨-3),3.0,,0.0,0.0,0.0,0.8617,0.047,48,48,computed_co2_regression,3.0,21.0,history,24.66620635986328,2026-04-12 23:33:21.608000+00:00,169.9166717529297,2026-04-13 08:33:21.608000+09:00,0.6166667175292969,0.17142857142857143,0.6991667175292968,3.0,0.1665515899658203,3.0,0.6991667175292968,0.6991667175292968
849.3333129882812,2026-04-12T23:33:27.749Z,2026-05-12T23:33:26.671Z,51.56361389160156,2.0,,3.0,나쁨,심각한 악화 (나쁨-3),3.0,,0.0,0.0,0.0,0.8448,0.0472,48,48,computed_co2_regression,3.0,20.83333396911621,history,24.648849487304688,2026-04-12 23:33:27.749000+00:00,170.0833282470703,2026-04-13 08:33:27.749000+09:00,0.6233332824707031,0.16666668483189173,0.7008332824707031,3.0,0.16221237182617188,3.0,0.7008332824707031,0.7008332824707031
851.0,2026-04-12T23:33:33.662Z,2026-05-12T23:33:32.725Z,51.660892486572266,2.0,,3.0,나쁨,심각한 악화 (나쁨-3),3.0,,0.0,0.0,0.0,0.8346,0.063,48,48,computed_co2_regression,3.0,20.83333396911621,history,24.664871215820312,2026-04-12 23:33:33.662000+00:00,170.25,2026-04-13 08:33:33.662000+09:00,0.6275,0.16666668483189173,0.7025,3.0,0.16621780395507812,3.0,0.7025,0.7025
851.0,2026-04-12T23:33:40.809Z,2026-05-12T23:33:39.882Z,51.976558685302734,2.0,,3.0,나쁨,심각한 악화 (나쁨-3),3.0,,0.0,0.0,0.0,0.831,0.0888,48,48,computed_co2_regression,3.0,20.66666603088379,history,24.67154693603516,2026-04-12 23:33:40.809000+00:00,170.3333282470703,2026-04-13 08:33:40.809000+09:00,0.6275,0.16190474373953684,0.7033332824707031,3.0,0.19765586853027345,3.0,0.7033332824707031,0.7033332824707031
851.3333129882812,2026-04-12T23:33:46.682Z,2026-05-12T23:33:45.611Z,52.07955932617188,2.0,,3.0,나쁨,심각한 악화 (나쁨-3),3.0,,0.0,0.0,0.0,0.8319,0.118,48,48,computed_co2_regression,3.0,20.33333396911621,history,24.66887664794922,2026-04-12 23:33:46.682000+00:00,170.4166717529297,2026-04-13 08:33:46.682000+09:00,0.6283332824707031,0.15238097054617747,0.7041667175292968,3.0,0.2079559326171882,3.0,0.7041667175292968,0.7041667175292968
853.6666870117188,2026-04-12T23:33:52.712Z,2026-05-12T23:33:51.638Z,52.0528564453125,2.0,,3.0,나쁨,심각한 악화 (나쁨-3),3.0,,0.0,0.0,0.0,0.8348,0.1196,48,48,computed_co2_regression,3.0,20.0,history,24.683563232421875,2026-04-12 23:33:52.712000+00:00,170.6666717529297,2026-04-13 08:33:52.712000+09:00,0.6341667175292969,0.14285714285714285,0.7066667175292969,3.0,0.20528564453125,3.0,0.7066667175292969,0.7066667175292969
857.0,2026-04-12T23:33:58.587Z,2026-05-12T23:33:57.648Z,52.10912322998047,2.0,,3.0,나쁨,심각한 악화 (나쁨-3),3.0,,0.0,0.0,0.0,0.8392,0.0926,48,48,computed_co2_regression,3.0,19.66666603088379,history,24.670211791992188,2026-04-12 23:33:58.587000+00:00,170.9166717529297,2026-04-13 08:33:58.587000+09:00,0.6425,0.13333331516810826,0.7091667175292968,3.0,0.21091232299804688,3.0,0.7091667175292968,0.7091667175292968
861.6666870117188,2026-04-12T23:34:05.662Z,2026-05-12T23:34:04.650Z,52.07860565185547,2.0,,3.0,나쁨,심각한 악화 (나쁨-3),3.0,,0.0,0.0,0.0,0.8441,0.0547,48,48,computed_co2_regression,3.0,19.5,history,24.670211791992188,2026-04-12 23:34:05.662000+00:00,171.25,2026-04-13 08:34:05.662000+09:00,0.6541667175292969,0.12857142857142856,0.7125,3.0,0.20786056518554688,3.0,0.7125,0.7125
865.3333129882812,2026-04-12T23:34:11.537Z,2026-05-12T23:34:10.615Z,52.01757049560547,2.0,,3.0,나쁨,심각한 악화 (나쁨-3),3.0,,0.0,0.0,0.0,0.8512,0.0198,48,48,computed_co2_regression,3.0,19.5,history,24.680892944335938,2026-04-12 23:34:11.537000+00:00,171.5833282470703,2026-04-13 08:34:11.537000+09:00,0.6633332824707031,0.12857142857142856,0.7158332824707031,3.0,0.20175704956054688,3.0,0.7158332824707031,0.7158332824707031
869.0,2026-04-12T23:34:17.975Z,2026-05-12T23:34:17.045Z,52.056671142578125,2.0,,3.0,나쁨,심각한 악화 (나쁨-3),3.0,,0.0,0.0,0.0,0.8604,0.0021,48,48,computed_co2_regression,3.0,19.66666603088379,history,24.68623352050781,2026-04-12 23:34:17.975000+00:00,171.8333282470703,2026-04-13 08:34:17.975000+09:00,0.6725,0.13333331516810826,0.7183332824707032,3.0,0.2056671142578125,3.0,0.7183332824707032,0.7183332824707032
870.6666870117188,2026-04-12T23:34:23.992Z,2026-05-12T23:34:23.055Z,52.30844879150391,2.0,,3.0,나쁨,심각한 악화 (나쁨-3),3.0,,0.0,0.0,0.079,0.8723,0.0025,48,48,computed_co2_regression,3.0,20.0,history,24.692909240722656,2026-04-12 23:34:23.992000+00:00,171.9166717529297,2026-04-13 08:34:23.992000+09:00,0.6766667175292969,0.14285714285714285,0.7191667175292968,3.0,0.23084487915039134,3.0,0.7191667175292968,0.7191667175292968
872.0,2026-04-12T23:34:30.088Z,2026-05-12T23:34:29.086Z,52.535423278808594,2.0,,3.0,나쁨,심각한 악화 (나쁨-3),3.0,,0.0,0.0,0.182,0.885,0.0137,48,48,computed_co2_regression,3.0,20.33333396911621,history,24.703590393066406,2026-04-12 23:34:30.088000+00:00,172.0,2026-04-13 08:34:30.088000+09:00,0.68,0.15238097054617747,0.72,3.0,0.2535423278808594,3.0,0.72,0.72
874.0,2026-04-12T23:34:36.021Z,2026-05-12T23:34:35.098Z,52.59645462036133,2.0,,3.0,나쁨,심각한 악화 (나쁨-3),3.0,,0.0,0.0,0.251,0.898,0.0265,48,48,computed_co2_regression,3.0,20.66666603088379,history,24.727622985839844,2026-04-12 23:34:36.021000+00:00,172.0,2026-04-13 08:34:36.021000+09:00,0.685,0.16190474373953684,0.72,3.0,0.2596454620361328,3.0,0.72,0.72
878.0,2026-04-12T23:34:43.479Z,2026-05-12T23:34:42.547Z,52.37520217895508,2.0,,3.0,나쁨,심각한 악화 (나쁨-3),3.0,,0.0,0.0,0.296,0.9114,0.0373,48,48,computed_co2_regression,3.0,20.66666603088379,history,24.720947265625,2026-04-12 23:34:43.479000+00:00,172.0,2026-04-13 08:34:43.479000+09:00,0.695,0.16190474373953684,0.72,3.0,0.2375202178955078,3.0,0.72,0.72
883.3333129882812,2026-04-12T23:34:49.468Z,2026-05-12T23:34:48.537Z,52.19972610473633,2.0,,3.0,나쁨,심각한 악화 (나쁨-3),3.0,,0.0,0.0,0.317,0.9235,0.0427,48,48,computed_co2_regression,3.0,20.5,history,24.726287841796875,2026-04-12 23:34:49.468000+00:00,172.0833282470703,2026-04-13 08:34:49.468000+09:00,0.7083332824707032,0.15714285714285714,0.7208332824707031,3.0,0.2199726104736328,3.0,0.7208332824707031,0.7208332824707031
887.6666870117188,2026-04-12T23:34:57.788Z,2026-05-12T23:34:56.788Z,52.28174591064453,2.0,,3.0,나쁨,심각한 악화 (나쁨-3),3.0,,0.0,0.0,0.338,0.9348,0.0479,48,48,computed_co2_regression,3.0,20.16666603088379,history,24.735633850097656,2026-04-12 23:34:57.788000+00:00,172.3333282470703,2026-04-13 08:34:57.788000+09:00,0.7191667175292968,0.14761902945382255,0.7233332824707032,3.0,0.22817459106445312,3.0,0.7233332824707032,0.7233332824707032
891.3333129882812,2026-04-12T23:35:04.478Z,2026-05-12T23:35:03.555Z,52.27220916748047,2.0,,3.0,나쁨,심각한 악화 (나쁨-3),3.0,,0.0,0.0,0.38,0.9436,0.0587,48,48,computed_co2_regression,3.0,19.66666603088379,history,24.70893096923828,2026-04-12 23:35:04.478000+00:00,172.5833282470703,2026-04-13 08:35:04.478000+09:00,0.7283332824707032,0.13333331516810826,0.7258332824707031,3.0,0.22722091674804687,3.0,0.7283332824707032,0.7283332824707032
893.0,2026-04-12T23:35:10.612Z,2026-05-12T23:35:09.539Z,52.33610534667969,2.0,,3.0,나쁨,심각한 악화 (나쁨-3),3.0,,0.0,0.0,0.381,0.9502,0.0592,48,48,computed_co2_regression,3.0,19.83333396911621,history,24.706260681152344,2026-04-12 23:35:10.612000+00:00,172.8333282470703,2026-04-13 08:35:10.612000+09:00,0.7325,0.13809525626046318,0.7283332824707032,3.0,0.23361053466796874,3.0,0.7325,0.7325
893.6666870117188,2026-04-12T23:35:17.359Z,2026-05-12T23:35:16.392Z,52.40858459472656,2.0,,3.0,나쁨,심각한 악화 (나쁨-3),3.0,,0.0,0.0,0.353,0.9553,0.0523,48,48,computed_co2_regression,3.0,20.0,history,24.70092010498047,2026-04-12 23:35:17.359000+00:00,173.0833282470703,2026-04-13 08:35:17.359000+09:00,0.7341667175292969,0.14285714285714285,0.7308332824707031,3.0,0.24085845947265624,3.0,0.7341667175292969,0.7341667175292969
892.6666870117188,2026-04-12T23:35:23.063Z,2026-05-12T23:35:22.130Z,52.31607818603516,2.0,,3.0,나쁨,심각한 악화 (나쁨-3),3.0,,0.0,0.0,0.319,0.9591,0.0435,48,48,computed_co2_regression,3.0,20.33333396911621,history,24.70225524902344,2026-04-12 23:35:23.063000+00:00,173.25,2026-04-13 08:35:23.063000+09:00,0.7316667175292969,0.15238097054617747,0.7325,3.0,0.23160781860351634,3.0,0.7325,0.7325
890.3333129882812,2026-04-12T23:35:29.576Z,2026-05-12T23:35:28.630Z,52.24741363525391,2.0,,3.0,나쁨,심각한 악화 (나쁨-3),3.0,,0.0,0.0,0.293,0.9616,0.0369,48,48,computed_co2_regression,3.0,20.66666603088379,history,24.724952697753903,2026-04-12 23:35:29.576000+00:00,173.3333282470703,2026-04-13 08:35:29.576000+09:00,0.7258332824707031,0.16190474373953684,0.7333332824707032,3.0,0.22474136352539134,3.0,0.7333332824707032,0.7333332824707032
887.6666870117188,2026-04-12T23:35:35.654Z,2026-05-12T23:35:34.718Z,52.331336975097656,2.0,,3.0,나쁨,심각한 악화 (나쁨-3),3.0,,0.0,0.0,0.278,0.9624,0.0333,48,48,computed_co2_regression,3.0,20.66666603088379,history,24.726287841796875,2026-04-12 23:35:35.654000+00:00,173.4166717529297,2026-04-13 08:35:35.654000+09:00,0.7191667175292968,0.16190474373953684,0.7341667175292969,3.0,0.23313369750976562,3.0,0.7341667175292969,0.7341667175292969
884.3333129882812,2026-04-12T23:35:41.658Z,2026-05-12T23:35:40.708Z,52.48201751708984,2.0,,3.0,나쁨,심각한 악화 (나쁨-3),3.0,,0.0,0.0,0.251,0.961,0.0272,48,48,computed_co2_regression,3.0,20.83333396911621,history,24.718276977539062,2026-04-12 23:35:41.658000+00:00,173.5833282470703,2026-04-13 08:35:41.658000+09:00,0.7108332824707031,0.16666668483189173,0.7358332824707031,3.0,0.24820175170898368,3.0,0.7358332824707031,0.7358332824707031
881.6666870117188,2026-04-12T23:35:49.385Z,2026-05-12T23:35:48.443Z,52.53256988525391,2.0,,3.0,나쁨,심각한 악화 (나쁨-3),3.0,,0.0,0.0,0.295,0.9567,0.0377,48,48,computed_co2_regression,3.0,20.33333396911621,history,24.735633850097656,2026-04-12 23:35:49.385000+00:00,173.75,2026-04-13 08:35:49.385000+09:00,0.7041667175292968,0.15238097054617747,0.7375,3.0,0.25325698852539136,3.0,0.7375,0.7375
879.6666870117188,2026-04-12T23:35:55.584Z,2026-05-12T23:35:54.649Z,52.33515548706055,2.0,,3.0,나쁨,심각한 악화 (나쁨-3),3.0,,0.0,0.0,0.388,0.9493,0.0654,48,48,computed_co2_regression,3.0,20.0,history,24.75165557861328,2026-04-12 23:35:55.584000+00:00,173.9166717529297,2026-04-13 08:35:55.584000+09:00,0.6991667175292968,0.14285714285714285,0.7391667175292969,3.0,0.23351554870605468,3.0,0.7391667175292969,0.7391667175292969
877.6666870117188,2026-04-12T23:36:01.612Z,2026-05-12T23:36:00.682Z,52.2359733581543,2.0,,3.0,나쁨,심각한 악화 (나쁨-3),3.0,,0.0,0.0,0.518,0.9388,0.1153,48,48,computed_co2_regression,3.0,19.66666603088379,history,24.74765014648437,2026-04-12 23:36:01.612000+00:00,174.0833282470703,2026-04-13 08:36:01.612000+09:00,0.6941667175292969,0.13333331516810826,0.7408332824707031,3.0,0.22359733581542968,3.0,0.7408332824707031,0.7408332824707031
876.0,2026-04-12T23:36:08.476Z,2026-05-12T23:36:07.480Z,52.33802032470703,2.0,,3.0,나쁨,심각한 악화 (나쁨-3),3.0,,0.0,0.0,0.672,0.9246,0.1869,48,48,computed_co2_regression,3.0,19.33333396911621,history,24.74765014648437,2026-04-12 23:36:08.476000+00:00,174.1666717529297,2026-04-13 08:36:08.476000+09:00,0.69,0.12380954197474889,0.7416667175292969,3.0,0.23380203247070314,3.0,0.7416667175292969,0.7416667175292969
873.6666870117188,2026-04-12T23:36:15.301Z,2026-05-12T23:36:14.369Z,52.46104431152344,2.0,,3.0,나쁨,심각한 악화 (나쁨-3),3.0,,0.0,0.0,0.799,0.9062,0.2621,48,48,computed_co2_regression,3.0,19.66666603088379,history,24.74765014648437,2026-04-12 23:36:15.301000+00:00,174.1666717529297,2026-04-13 08:36:15.301000+09:00,0.6841667175292969,0.13333331516810826,0.7416667175292969,3.0,0.24610443115234376,3.0,0.7416667175292969,0.7416667175292969
873.0,2026-04-12T23:36:21.065Z,2026-05-12T23:36:20.132Z,52.6479721069336,2.0,,3.0,나쁨,심각한 악화 (나쁨-3),3.0,,0.0,0.0,0.9,0.8855,0.3305,48,48,computed_co2_regression,3.0,19.83333396911621,history,24.74497985839844,2026-04-12 23:36:21.065000+00:00,174.25,2026-04-13 08:36:21.065000+09:00,0.6825,0.13809525626046318,0.7425,3.0,0.2647972106933601,3.0,0.7425,0.7425
873.0,2026-04-12T23:36:27.020Z,2026-05-12T23:36:26.090Z,52.6899299621582,2.0,,3.0,나쁨,심각한 악화 (나쁨-3),3.0,,0.0,0.0,0.941,0.8632,0.3616,48,48,computed_co2_regression,3.0,20.33333396911621,history,24.7423095703125,2026-04-12 23:36:27.020000+00:00,174.1666717529297,2026-04-13 08:36:27.020000+09:00,0.6825,0.15238097054617747,0.7416667175292969,3.0,0.2689929962158203,3.0,0.7416667175292969,0.7416667175292969
873.3333129882812,2026-04-12T23:36:33.766Z,2026-05-12T23:36:32.692Z,52.69278717041016,2.0,,3.0,나쁨,심각한 악화 (나쁨-3),3.0,,0.0,0.0,0.946,0.8394,0.3655,48,48,computed_co2_regression,3.0,20.5,history,24.738304138183597,2026-04-12 23:36:33.766000+00:00,174.1666717529297,2026-04-13 08:36:33.766000+09:00,0.6833332824707031,0.15714285714285714,0.7416667175292969,3.0,0.26927871704101636,3.0,0.7416667175292969,0.7416667175292969
873.3333129882812,2026-04-12T23:36:39.571Z,2026-05-12T23:36:38.653Z,52.7347526550293,2.0,,3.0,나쁨,심각한 악화 (나쁨-3),3.0,,0.0,0.0,0.938,0.814,0.3599,48,48,computed_co2_regression,3.0,20.66666603088379,history,24.748985290527344,2026-04-12 23:36:39.571000+00:00,174.25,2026-04-13 08:36:39.571000+09:00,0.6833332824707031,0.16190474373953684,0.7425,3.0,0.27347526550292967,3.0,0.7425,0.7425
873.3333129882812,2026-04-12T23:36:45.536Z,2026-05-12T23:36:44.604Z,52.74237823486328,2.0,,3.0,나쁨,심각한 악화 (나쁨-3),3.0,,0.0,0.0,0.908,0.787,0.3371,48,48,computed_co2_regression,3.0,20.83333396911621,history,24.77568817138672,2026-04-12 23:36:45.536000+00:00,174.3333282470703,2026-04-13 08:36:45.536000+09:00,0.6833332824707031,0.16666668483189173,0.7433332824707031,3.0,0.27423782348632814,3.0,0.7433332824707031,0.7433332824707031
873.3333129882812,2026-04-12T23:36:52.871Z,2026-05-12T23:36:51.865Z,52.654632568359375,2.0,,3.0,나쁨,심각한 악화 (나쁨-3),3.0,,0.0,0.0,0.888,0.7577,0.3235,48,48,computed_co2_regression,3.0,20.66666603088379,history,24.758331298828125,2026-04-12 23:36:52.871000+00:00,174.4166717529297,2026-04-13 08:36:52.871000+09:00,0.6833332824707031,0.16190474373953684,0.7441667175292969,3.0,0.2654632568359375,3.0,0.7441667175292969,0.7441667175292969
873.3333129882812,2026-04-12T23:36:58.691Z,2026-05-12T23:36:57.605Z,52.80435943603516,2.0,,3.0,나쁨,심각한 악화 (나쁨-3),3.0,,0.0,0.0,0.892,0.7265,0.3266,48,48,computed_co2_regression,3.0,20.5,history,24.7423095703125,2026-04-12 23:36:58.691000+00:00,174.5,2026-04-13 08:36:58.691000+09:00,0.6833332824707031,0.15714285714285714,0.745,3.0,0.2804359436035163,3.0,0.745,0.745
873.3333129882812,2026-04-12T23:37:05.728Z,2026-05-12T23:37:04.640Z,53.0141716003418,2.0,,3.0,나쁨,심각한 악화 (나쁨-3),3.0,,0.0,0.0,0.931,0.693,0.3538,48,48,computed_co2_regression,3.0,20.16666603088379,history,24.75432586669922,2026-04-12 23:37:05.728000+00:00,174.5833282470703,2026-04-13 08:37:05.728000+09:00,0.6833332824707031,0.14761902945382255,0.7458332824707031,3.0,0.3014171600341797,3.0,0.7458332824707031,0.7458332824707031
874.0,2026-04-12T23:37:11.529Z,2026-05-12T23:37:10.594Z,52.84632110595703,2.0,,3.0,나쁨,심각한 악화 (나쁨-3),3.0,,0.0,0.0,0.969,0.6587,0.3788,48,48,computed_co2_regression,3.0,20.0,history,24.75165557861328,2026-04-12 23:37:11.529000+00:00,174.6666717529297,2026-04-13 08:37:11.529000+09:00,0.685,0.14285714285714285,0.7466667175292969,3.0,0.28463211059570315,3.0,0.7466667175292969,0.7466667175292969
874.6666870117188,2026-04-12T23:37:18.073Z,2026-05-12T23:37:17.066Z,52.79386901855469,2.0,,3.0,나쁨,심각한 악화 (나쁨-3),3.0,,0.0,0.0,0.982,0.6233,0.3857,48,48,computed_co2_regression,3.0,19.83333396911621,history,24.748985290527344,2026-04-12 23:37:18.073000+00:00,174.8333282470703,2026-04-13 08:37:18.073000+09:00,0.6866667175292969,0.13809525626046318,0.7483332824707031,3.0,0.27938690185546877,3.0,0.7483332824707031,0.7483332824707031
874.6666870117188,2026-04-12T23:37:24.108Z,2026-05-12T23:37:23.187Z,52.80436325073242,2.0,,3.0,나쁨,심각한 악화 (나쁨-3),3.0,,0.0,0.0,0.968,0.5861,0.3795,48,48,computed_co2_regression,3.0,19.66666603088379,history,24.76233673095703,2026-04-12 23:37:24.108000+00:00,175.0,2026-04-13 08:37:24.108000+09:00,0.6866667175292969,0.13333331516810826,0.75,3.0,0.2804363250732422,3.0,0.75,0.75
873.3333129882812,2026-04-12T23:37:30.060Z,2026-05-12T23:37:29.140Z,52.781471252441406,2.0,,3.0,나쁨,심각한 악화 (나쁨-3),3.0,,0.0,0.0,0.924,0.545,0.3606,48,48,computed_co2_regression,3.0,19.83333396911621,history,24.77168273925781,2026-04-12 23:37:30.060000+00:00,175.1666717529297,2026-04-13 08:37:30.060000+09:00,0.6833332824707031,0.13809525626046318,0.7516667175292969,3.0,0.27814712524414065,3.0,0.7516667175292969,0.7516667175292969
871.3333129882812,2026-04-12T23:37:36.226Z,2026-05-12T23:37:35.140Z,53.051361083984375,2.0,,3.0,나쁨,심각한 악화 (나쁨-3),3.0,,0.0,0.0,0.864,0.4984,0.3356,48,48,computed_co2_regression,3.0,19.83333396911621,history,24.767677307128903,2026-04-12 23:37:36.226000+00:00,175.25,2026-04-13 08:37:36.226000+09:00,0.6783332824707031,0.13809525626046318,0.7525,3.0,0.3051361083984375,3.0,0.7525,0.7525
869.0,2026-04-12T23:37:43.669Z,2026-05-12T23:37:42.675Z,53.142913818359375,2.0,,3.0,나쁨,심각한 악화 (나쁨-3),3.0,,0.0,0.0,0.659,0.4125,0.2513,47,47,computed_co2_regression,3.0,20.0,history,24.758331298828125,2026-04-12 23:37:43.669000+00:00,175.4166717529297,2026-04-13 08:37:43.669000+09:00,0.6725,0.14285714285714285,0.7541667175292969,3.0,0.3142913818359375,3.0,0.7541667175292969,0.7541667175292969
868.0,2026-04-12T23:37:49.519Z,2026-05-12T23:37:48.587Z,53.00463104248047,2.0,,3.0,나쁨,심각한 악화 (나쁨-3),3.0,,0.0,0.0,0.527,0.3512,0.1974,47,47,computed_co2_regression,3.0,20.16666603088379,history,24.766342163085938,2026-04-12 23:37:49.519000+00:00,175.5,2026-04-13 08:37:49.519000+09:00,0.67,0.14761902945382255,0.755,3.0,0.3004631042480469,3.0,0.755,0.755
867.3333129882812,2026-04-12T23:37:56.988Z,2026-05-12T23:37:56.054Z,52.994140625,2.0,,3.0,나쁨,심각한 악화 (나쁨-3),3.0,,0.0,0.0,0.481,0.3264,0.1747,48,48,computed_co2_regression,3.0,20.5,history,24.770347595214844,2026-04-12 23:37:56.988000+00:00,175.5833282470703,2026-04-13 08:37:56.988000+09:00,0.6683332824707031,0.15714285714285714,0.7558332824707031,3.0,0.2994140625,3.0,0.7558332824707031,0.7558332824707031
867.3333129882812,2026-04-12T23:38:04.611Z,2026-05-12T23:38:03.666Z,53.0399169921875,2.0,,3.0,나쁨,심각한 악화 (나쁨-3),3.0,,0.0,0.0,0.255,0.2128,0.0605,47,47,computed_co2_regression,3.0,20.83333396911621,history,24.746315002441406,2026-04-12 23:38:04.611000+00:00,175.6666717529297,2026-04-13 08:38:04.611000+09:00,0.6683332824707031,0.16666668483189173,0.7566667175292969,3.0,0.30399169921875,3.0,0.7566667175292969,0.7566667175292969
866.3333129882812,2026-04-12T23:38:12.094Z,2026-05-12T23:38:11.140Z,53.1009521484375,2.0,,3.0,나쁨,심각한 악화 (나쁨-3),3.0,,0.0,0.0,0.12,0.1409,0.0156,47,47,computed_co2_regression,3.0,20.66666603088379,history,24.755661010742188,2026-04-12 23:38:12.094000+00:00,175.75,2026-04-13 08:38:12.094000+09:00,0.6658332824707032,0.16190474373953684,0.7575,3.0,0.31009521484375,3.0,0.7575,0.7575
864.6666870117188,2026-04-12T23:38:28.590Z,2026-05-12T23:38:27.505Z,53.246864318847656,2.0,,3.0,나쁨,심각한 악화 (나쁨-3),3.0,,0.0,0.0,0.0,0.0455,0.0021,46,46,computed_co2_regression,3.0,20.5,history,24.777023315429688,2026-04-12 23:38:28.590000+00:00,175.8333282470703,2026-04-13 08:38:28.590000+09:00,0.6616667175292968,0.15714285714285714,0.7583332824707031,3.0,0.32468643188476565,3.0,0.7583332824707031,0.7583332824707031
863.3333129882812,2026-04-12T23:38:35.433Z,2026-05-12T23:38:34.353Z,53.29645538330078,2.0,,3.0,나쁨,심각한 악화 (나쁨-3),3.0,,0.0,0.0,0.0,0.0006,0.0217,45,45,computed_co2_regression,3.0,20.0,history,24.763671875,2026-04-12 23:38:35.433000+00:00,175.9166717529297,2026-04-13 08:38:35.433000+09:00,0.6583332824707031,0.14285714285714285,0.7591667175292969,3.0,0.32964553833007815,3.0,0.7591667175292969,0.7591667175292969
862.6666870117188,2026-04-12T23:38:41.577Z,2026-05-12T23:38:40.623Z,53.191551208496094,1.991,,2.992,나쁨,중간수준 악화 (나쁨-2),2.992,,0.017,0.017,0.0,0.0003,0.0057,46,46,computed_co2_regression,3.0,19.5,history,24.758331298828125,2026-04-12 23:38:41.577000+00:00,176.0833282470703,2026-04-13 08:38:41.577000+09:00,0.6566667175292968,0.12857142857142856,0.7608332824707031,2.9915,0.3191551208496094,2.9915,0.7608332824707031,0.7608332824707031
863.0,2026-04-12T23:38:47.666Z,2026-05-12T23:38:46.578Z,53.24495697021485,1.934,,2.934,나쁨,중간수준 악화 (나쁨-2),2.934,,0.133,0.133,0.005,0.0218,0.0,46,46,computed_co2_regression,3.0,18.83333396911621,history,24.766342163085938,2026-04-12 23:38:47.666000+00:00,176.1666717529297,2026-04-13 08:38:47.666000+09:00,0.6575,0.1095238276890346,0.7616667175292968,2.9335,0.32449569702148506,2.9335,0.7616667175292968,0.7616667175292968
863.0,2026-04-12T23:38:53.561Z,2026-05-12T23:38:52.640Z,53.31743621826172,1.876,,2.876,나쁨,중간수준 악화 (나쁨-2),2.876,,0.248,0.248,0.135,0.084,0.0152,46,46,computed_co2_regression,3.0,18.33333396911621,history,24.778358459472656,2026-04-12 23:38:53.561000+00:00,176.1666717529297,2026-04-13 08:38:53.561000+09:00,0.6575,0.09523811340332031,0.7616667175292968,2.876,0.3317436218261719,2.876,0.7616667175292968,0.7616667175292968
863.0,2026-04-12T23:39:00.824Z,2026-05-12T23:38:59.891Z,53.18678283691406,1.78,,2.78,나쁨,중간수준 악화 (나쁨-2),2.78,,0.44,0.44,0.376,0.2953,0.0793,45,45,computed_co2_regression,3.0,17.83333396911621,history,24.791709899902344,2026-04-12 23:39:00.824000+00:00,176.25,2026-04-13 08:39:00.824000+09:00,0.6575,0.08095239911760603,0.7625,2.78,0.31867828369140627,2.78,0.7625,0.7625
863.0,2026-04-12T23:39:07.669Z,2026-05-12T23:39:06.521Z,53.216346740722656,1.738,,2.738,나쁨,중간수준 악화 (나쁨-2),2.738,,0.524,0.524,0.637,0.4263,0.1661,45,45,computed_co2_regression,3.0,17.5,history,24.781028747558597,2026-04-12 23:39:07.669000+00:00,176.3333282470703,2026-04-13 08:39:07.669000+09:00,0.6575,0.07142857142857142,0.7633332824707031,2.738,0.32163467407226565,2.738,0.7633332824707031,0.7633332824707031
863.6666870117188,2026-04-12T23:39:14.411Z,2026-05-12T23:39:13.486Z,53.34795379638672,1.705,,2.705,나쁨,중간수준 악화 (나쁨-2),2.705,,0.591,0.591,0.886,0.5424,0.2565,45,45,computed_co2_regression,3.0,17.5,history,24.779693603515625,2026-04-12 23:39:14.411000+00:00,176.4166717529297,2026-04-13 08:39:14.411000+09:00,0.6591667175292969,0.07142857142857142,0.7641667175292969,2.7045,0.3347953796386719,2.7045,0.7641667175292969,0.7641667175292969
864.6666870117188,2026-04-12T23:39:20.186Z,2026-05-12T23:39:19.110Z,53.264984130859375,1.679,,2.679,나쁨,중간수준 악화 (나쁨-2),2.679,,0.642,0.642,1.125,0.6306,0.3364,45,45,computed_co2_regression,3.0,17.33333396911621,history,24.798385620117188,2026-04-12 23:39:20.186000+00:00,176.5,2026-04-13 08:39:20.186000+09:00,0.6616667175292968,0.06666668483189174,0.765,2.679,0.3264984130859375,2.679,0.765,0.765
865.6666870117188,2026-04-12T23:39:26.240Z,2026-05-12T23:39:25.167Z,53.22206878662109,1.659,,2.659,나쁨,중간수준 악화 (나쁨-2),2.659,,0.682,0.682,1.312,0.7035,0.3963,45,45,computed_co2_regression,3.0,17.5,history,24.80506134033203,2026-04-12 23:39:26.240000+00:00,176.5833282470703,2026-04-13 08:39:26.240000+09:00,0.6641667175292969,0.07142857142857142,0.7658332824707031,2.659,0.3222068786621087,2.659,0.7658332824707031,0.7658332824707031
865.6666870117188,2026-04-12T23:39:32.193Z,2026-05-12T23:39:31.193Z,53.08092498779297,1.642,,2.642,나쁨,중간수준 악화 (나쁨-2),2.642,,0.717,0.717,1.447,0.7663,0.4376,45,45,computed_co2_regression,3.0,17.66666603088379,history,24.813072204589844,2026-04-12 23:39:32.193000+00:00,176.6666717529297,2026-04-13 08:39:32.193000+09:00,0.6641667175292969,0.07619045802525111,0.7666667175292968,2.6415,0.3080924987792969,2.6415,0.7666667175292968,0.7666667175292968
864.0,2026-04-12T23:39:38.090Z,2026-05-12T23:39:37.163Z,52.82247924804688,1.624,,2.625,나쁨,중간수준 악화 (나쁨-2),2.625,,0.751,0.751,1.531,0.8191,0.4621,45,45,computed_co2_regression,3.0,17.83333396911621,history,24.834434509277344,2026-04-12 23:39:38.090000+00:00,176.8333282470703,2026-04-13 08:39:38.090000+09:00,0.66,0.08095239911760603,0.7683332824707031,2.6245,0.2822479248046882,2.6245,0.7683332824707031,0.7683332824707031
862.0,2026-04-12T23:39:44.229Z,2026-05-12T23:39:43.308Z,52.95027160644531,1.629,,2.629,나쁨,중간수준 악화 (나쁨-2),2.629,,0.742,0.742,1.553,0.8239,0.4851,46,46,computed_co2_regression,3.0,18.16666603088379,history,24.82909393310547,2026-04-12 23:39:44.229000+00:00,177.0,2026-04-13 08:39:44.229000+09:00,0.655,0.0904761723109654,0.77,2.629,0.29502716064453127,2.629,0.77,0.77
859.3333129882812,2026-04-12T23:39:50.167Z,2026-05-12T23:39:49.197Z,53.22874450683594,1.614,,2.614,나쁨,중간수준 악화 (나쁨-2),2.614,,0.773,0.773,1.577,0.8559,0.4941,46,46,computed_co2_regression,3.0,18.33333396911621,history,24.81707763671875,2026-04-12 23:39:50.167000+00:00,177.1666717529297,2026-04-13 08:39:50.167000+09:00,0.6483332824707031,0.09523811340332031,0.7716667175292968,2.6135,0.32287445068359377,2.6135,0.7716667175292968,0.7716667175292968
857.6666870117188,2026-04-12T23:39:56.174Z,2026-05-12T23:39:55.244Z,53.30503845214844,1.605,,2.605,나쁨,중간수준 악화 (나쁨-2),2.605,,0.79,0.79,1.58,0.8658,0.4957,46,46,computed_co2_regression,3.0,18.66666603088379,history,24.810401916503903,2026-04-12 23:39:56.174000+00:00,177.25,2026-04-13 08:39:56.174000+09:00,0.6441667175292969,0.10476188659667969,0.7725,2.605,0.33050384521484377,2.605,0.7725,0.7725
854.0,2026-04-12T23:40:04.338Z,2026-05-12T23:40:03.412Z,53.452857971191406,1.6,,2.6,나쁨,중간수준 악화 (나쁨-2),2.6,,0.8,0.8,1.586,0.8671,0.4996,46,46,computed_co2_regression,3.0,18.83333396911621,history,24.806396484375,2026-04-12 23:40:04.338000+00:00,177.25,2026-04-13 08:40:04.338000+09:00,0.635,0.1095238276890346,0.7725,2.6,0.34528579711914065,2.6,0.7725,0.7725
851.6666870117188,2026-04-12T23:40:10.058Z,2026-05-12T23:40:09.122Z,53.54917907714844,1.599,,2.599,나쁨,중간수준 악화 (나쁨-2),2.599,,0.802,0.802,1.626,0.867,0.5218,46,46,computed_co2_regression,3.0,18.83333396911621,history,24.81440734863281,2026-04-12 23:40:10.058000+00:00,177.3333282470703,2026-04-13 08:40:10.058000+09:00,0.6291667175292969,0.1095238276890346,0.7733332824707031,2.599,0.35491790771484377,2.599,0.7733332824707031,0.7733332824707031
849.6666870117188,2026-04-12T23:40:16.966Z,2026-05-12T23:40:15.990Z,53.55204391479492,1.6,,2.6,나쁨,중간수준 악화 (나쁨-2),2.6,,0.8,0.8,1.65,0.8686,0.5354,46,46,computed_co2_regression,3.0,18.83333396911621,history,24.813072204589844,2026-04-12 23:40:16.966000+00:00,177.3333282470703,2026-04-13 08:40:16.966000+09:00,0.6241667175292969,0.1095238276890346,0.7733332824707031,2.6,0.3552043914794922,2.6,0.7733332824707031,0.7733332824707031
851.0,2026-04-12T23:40:23.131Z,2026-05-12T23:40:22.200Z,53.68365097045898,1.608,,2.608,나쁨,중간수준 악화 (나쁨-2),2.608,,0.785,0.785,1.672,0.8764,0.5465,46,46,computed_co2_regression,3.0,18.66666603088379,history,24.821083068847656,2026-04-12 23:40:23.131000+00:00,177.3333282470703,2026-04-13 08:40:23.131000+09:00,0.6275,0.10476188659667969,0.7733332824707031,2.6075,0.3683650970458977,2.6075,0.7733332824707031,0.7733332824707031
853.3333129882812,2026-04-12T23:40:29.251Z,2026-05-12T23:40:28.179Z,53.89822769165039,1.62,,2.62,나쁨,중간수준 악화 (나쁨-2),2.62,,0.76,0.76,1.679,0.8862,0.5497,46,46,computed_co2_regression,3.0,18.5,history,24.8277587890625,2026-04-12 23:40:29.251000+00:00,177.4166717529297,2026-04-13 08:40:29.251000+09:00,0.6333332824707031,0.1,0.7741667175292969,2.62,0.38982276916503905,2.62,0.7741667175292969,0.7741667175292969
859.0,2026-04-12T23:40:35.206Z,2026-05-12T23:40:34.270Z,53.99931335449219,1.64,,2.641,나쁨,중간수준 악화 (나쁨-2),2.641,,0.719,0.719,1.644,0.8837,0.5358,46,46,computed_co2_regression,3.0,18.66666603088379,history,24.819747924804688,2026-04-12 23:40:35.206000+00:00,177.5,2026-04-13 08:40:35.206000+09:00,0.6475,0.10476188659667969,0.775,2.6405,0.39993133544921877,2.6405,0.775,0.775
866.3333129882812,2026-04-12T23:40:41.776Z,2026-05-12T23:40:40.628Z,53.913482666015625,1.671,,2.671,나쁨,중간수준 악화 (나쁨-2),2.671,,0.658,0.658,1.577,0.8361,0.5064,46,46,computed_co2_regression,3.0,19.0,history,24.822418212890625,2026-04-12 23:40:41.776000+00:00,177.5833282470703,2026-04-13 08:40:41.776000+09:00,0.6658332824707032,0.11428571428571428,0.7758332824707032,2.671,0.3913482666015625,2.671,0.7758332824707032,0.7758332824707032
873.0,2026-04-12T23:40:47.538Z,2026-05-12T23:40:46.603Z,53.74945068359375,1.709,,2.709,나쁨,중간수준 악화 (나쁨-2),2.709,,0.583,0.583,1.481,0.7174,0.4641,46,46,computed_co2_regression,3.0,19.16666603088379,history,24.835769653320312,2026-04-12 23:40:47.538000+00:00,177.75,2026-04-13 08:40:47.538000+09:00,0.6825,0.11904760088239397,0.7775,2.7085,0.374945068359375,2.7085,0.7775,0.7775
876.6666870117188,2026-04-12T23:40:53.630Z,2026-05-12T23:40:52.691Z,53.67505645751953,1.748,,2.748,나쁨,중간수준 악화 (나쁨-2),2.748,,0.505,0.505,1.392,0.5604,0.4174,46,46,computed_co2_regression,3.0,19.5,history,24.835769653320312,2026-04-12 23:40:53.630000+00:00,177.8333282470703,2026-04-13 08:40:53.630000+09:00,0.6916667175292969,0.12857142857142856,0.7783332824707031,2.7475,0.3675056457519531,2.7475,0.7783332824707031,0.7783332824707031
878.6666870117188,2026-04-12T23:40:59.693Z,2026-05-12T23:40:58.606Z,53.67314529418945,1.787,,2.787,나쁨,중간수준 악화 (나쁨-2),2.787,,0.426,0.426,1.29,0.4018,0.3577,46,46,computed_co2_regression,3.0,20.0,history,24.82909393310547,2026-04-12 23:40:59.693000+00:00,177.9166717529297,2026-04-13 08:40:59.693000+09:00,0.6966667175292969,0.14285714285714285,0.7791667175292969,2.787,0.3673145294189453,2.787,0.7791667175292969,0.7791667175292969
879.6666870117188,2026-04-12T23:41:08.325Z,2026-05-12T23:41:07.121Z,53.67314529418945,1.826,,2.826,나쁨,중간수준 악화 (나쁨-2),2.826,,0.349,0.349,1.199,0.2649,0.305,46,46,computed_co2_regression,3.0,20.16666603088379,history,24.82909393310547,2026-04-12 23:41:08.325000+00:00,178.0,2026-04-13 08:41:08.325000+09:00,0.6991667175292968,0.14761902945382255,0.78,2.8255,0.3673145294189453,2.8255,0.78,0.78
880.0,2026-04-12T23:41:14.932Z,2026-05-12T23:41:14.003Z,53.71319961547852,1.862,,2.862,나쁨,중간수준 악화 (나쁨-2),2.862,,0.276,0.276,1.134,0.161,0.2693,46,46,computed_co2_regression,3.0,20.16666603088379,history,24.79705047607422,2026-04-12 23:41:14.932000+00:00,178.0833282470703,2026-04-13 08:41:14.932000+09:00,0.7,0.14761902945382255,0.7808332824707032,2.862,0.3713199615478523,2.862,0.7808332824707032,0.7808332824707032
879.0,2026-04-12T23:41:20.575Z,2026-05-12T23:41:19.644Z,53.77900314331055,1.892,,2.892,나쁨,중간수준 악화 (나쁨-2),2.892,,0.216,0.216,1.06,0.0948,0.2333,46,46,computed_co2_regression,3.0,20.0,history,24.78236389160156,2026-04-12 23:41:20.575000+00:00,178.25,2026-04-13 08:41:20.575000+09:00,0.6975,0.14285714285714285,0.7825,2.892,0.3779003143310547,2.892,0.7825,0.7825
878.6666870117188,2026-04-12T23:41:26.503Z,2026-05-12T23:41:25.575Z,53.86101531982422,1.92,,2.92,나쁨,중간수준 악화 (나쁨-2),2.92,,0.16,0.16,0.963,0.05,0.1905,46,46,computed_co2_regression,3.0,20.16666603088379,history,24.806396484375,2026-04-12 23:41:26.503000+00:00,178.4166717529297,2026-04-13 08:41:26.503000+09:00,0.6966667175292969,0.14761902945382255,0.7841667175292969,2.92,0.38610153198242186,2.92,0.7841667175292969,0.7841667175292969
879.0,2026-04-12T23:41:32.581Z,2026-05-12T23:41:31.617Z,53.85338592529297,1.949,,2.949,나쁨,중간수준 악화 (나쁨-2),2.949,,0.103,0.103,0.817,0.02,0.1367,46,46,computed_co2_regression,3.0,20.33333396911621,history,24.80506134033203,2026-04-12 23:41:32.581000+00:00,178.6666717529297,2026-04-13 08:41:32.581000+09:00,0.6975,0.15238097054617747,0.7866667175292968,2.9485,0.38533859252929686,2.9485,0.7866667175292968,0.7866667175292968
879.3333129882812,2026-04-12T23:41:38.601Z,2026-05-12T23:41:37.670Z,53.79425811767578,1.978,,2.978,나쁨,중간수준 악화 (나쁨-2),2.978,,0.045,0.045,0.67,0.0036,0.0927,46,46,computed_co2_regression,2.9166667461395264,20.16666603088379,history,24.79438018798828,2026-04-12 23:41:38.601000+00:00,178.9166717529297,2026-04-13 08:41:38.601000+09:00,0.6983332824707031,0.14761902945382255,0.7891667175292969,2.9775,0.3794258117675781,2.9775,0.7891667175292969,0.7891667175292969
879.3333129882812,2026-04-12T23:41:44.657Z,2026-05-12T23:41:43.723Z,53.83049774169922,2.0,,3.0,나쁨,심각한 악화 (나쁨-3),3.0,,0.0,0.0,0.485,0.0003,0.0487,46,46,computed_co2_regression,2.8333332538604736,20.5,history,24.802391052246094,2026-04-12 23:41:44.657000+00:00,179.0833282470703,2026-04-13 08:41:44.657000+09:00,0.6983332824707031,0.15714285714285714,0.7908332824707032,3.0,0.38304977416992186,3.0,0.7908332824707032,0.7908332824707032
878.3333129882812,2026-04-12T23:41:50.721Z,2026-05-12T23:41:49.653Z,53.93063354492188,2.0,,3.0,나쁨,심각한 악화 (나쁨-3),3.0,,0.0,0.0,0.273,0.0077,0.0155,46,46,computed_co2_regression,2.75,20.66666603088379,history,24.80773162841797,2026-04-12 23:41:50.721000+00:00,179.3333282470703,2026-04-13 08:41:50.721000+09:00,0.6958332824707031,0.16190474373953684,0.7933332824707031,3.0,0.3930633544921882,3.0,0.7933332824707031,0.7933332824707031
877.0,2026-04-12T23:41:56.624Z,2026-05-12T23:41:55.691Z,53.726539611816406,2.0,,3.0,나쁨,심각한 악화 (나쁨-3),3.0,,0.0,0.0,0.072,0.0229,0.0011,46,46,computed_co2_regression,2.6666667461395264,20.66666603088379,history,24.803726196289062,2026-04-12 23:41:56.624000+00:00,179.5833282470703,2026-04-13 08:41:56.624000+09:00,0.6925,0.16190474373953684,0.7958332824707032,3.0,0.3726539611816406,3.0,0.7958332824707032,0.7958332824707032
874.6666870117188,2026-04-12T23:42:02.754Z,2026-05-12T23:42:01.673Z,53.59302520751953,2.0,,3.0,나쁨,심각한 악화 (나쁨-3),3.0,,0.0,0.0,0.0,0.0422,0.0024,46,46,computed_co2_regression,2.5833332538604736,20.5,history,24.81574249267578,2026-04-12 23:42:02.754000+00:00,179.75,2026-04-13 08:42:02.754000+09:00,0.6866667175292969,0.15714285714285714,0.7975,3.0,0.3593025207519531,3.0,0.7975,0.7975
872.6666870117188,2026-04-12T23:42:09.927Z,2026-05-12T23:42:08.996Z,53.69316101074219,2.0,,3.0,나쁨,심각한 악화 (나쁨-3),3.0,,0.0,0.0,0.0,0.0634,0.0116,46,46,computed_co2_regression,2.5,20.16666603088379,history,24.81440734863281,2026-04-12 23:42:09.927000+00:00,179.9166717529297,2026-04-13 08:42:09.927000+09:00,0.6816667175292969,0.14761902945382255,0.7991667175292969,3.0,0.36931610107421875,3.0,0.7991667175292969,0.7991667175292969
870.6666870117188,2026-04-12T23:42:16.880Z,2026-05-12T23:42:15.939Z,53.73893737792969,2.0,,3.0,나쁨,심각한 악화 (나쁨-3),3.0,,0.0,0.0,0.0,0.0868,0.0244,46,46,computed_co2_regression,2.4166667461395264,20.0,history,24.7850341796875,2026-04-12 23:42:16.880000+00:00,180.0833282470703,2026-04-13 08:42:16.880000+09:00,0.6766667175292969,0.14285714285714285,0.8008332824707032,3.0,0.37389373779296875,3.0,0.8008332824707032,0.8008332824707032
868.3333129882812,2026-04-12T23:42:22.494Z,2026-05-12T23:42:21.567Z,53.85433578491211,2.0,,3.0,나쁨,심각한 악화 (나쁨-3),3.0,,0.0,0.0,0.0,0.111,0.0332,46,46,computed_co2_regression,2.3333332538604736,19.5,history,24.770347595214844,2026-04-12 23:42:22.494000+00:00,180.25,2026-04-13 08:42:22.494000+09:00,0.6708332824707032,0.12857142857142856,0.8025,3.0,0.38543357849121096,3.0,0.8025,0.8025
865.6666870117188,2026-04-12T23:42:28.585Z,2026-05-12T23:42:27.657Z,53.886756896972656,2.0,,3.0,나쁨,심각한 악화 (나쁨-3),3.0,,0.0,0.0,0.0,0.1315,0.0344,46,46,computed_co2_regression,2.25,19.0,history,24.79438018798828,2026-04-12 23:42:28.585000+00:00,180.4166717529297,2026-04-13 08:42:28.585000+09:00,0.6641667175292969,0.11428571428571428,0.8041667175292969,3.0,0.3886756896972656,3.0,0.8041667175292969,0.8041667175292969
862.6666870117188,2026-04-12T23:42:34.718Z,2026-05-12T23:42:33.775Z,53.89820098876953,2.0,,3.0,나쁨,심각한 악화 (나쁨-3),3.0,,0.0,0.0,0.0,0.1395,0.0386,46,46,computed_co2_regression,2.1666667461395264,19.0,history,24.809066772460938,2026-04-12 23:42:34.718000+00:00,180.5833282470703,2026-04-13 08:42:34.718000+09:00,0.6566667175292968,0.11428571428571428,0.8058332824707031,3.0,0.3898200988769531,3.0,0.8058332824707031,0.8058332824707031
860.6666870117188,2026-04-12T23:42:40.601Z,2026-05-12T23:42:39.628Z,53.8323974609375,2.0,,3.0,나쁨,심각한 악화 (나쁨-3),3.0,,0.0,0.0,0.0,0.1344,0.0437,46,46,computed_co2_regression,2.0833332538604736,19.0,history,24.81707763671875,2026-04-12 23:42:40.601000+00:00,180.75,2026-04-13 08:42:40.601000+09:00,0.6516667175292968,0.11428571428571428,0.8075,3.0,0.38323974609375,3.0,0.8075,0.8075
858.3333129882812,2026-04-12T23:42:46.602Z,2026-05-12T23:42:45.678Z,53.85528564453125,2.0,,3.0,나쁨,심각한 악화 (나쁨-3),3.0,,0.0,0.0,0.0,0.1142,0.0558,46,46,computed_co2_regression,2.0,19.16666603088379,history,24.809066772460938,2026-04-12 23:42:46.602000+00:00,180.8333282470703,2026-04-13 08:42:46.602000+09:00,0.6458332824707032,0.11904760088239397,0.8083332824707031,3.0,0.385528564453125,3.0,0.8083332824707031,0.8083332824707031
857.0,2026-04-12T23:42:52.588Z,2026-05-12T23:42:51.654Z,53.95637512207031,2.0,,3.0,나쁨,심각한 악화 (나쁨-3),3.0,,0.0,0.0,0.0,0.0904,0.0745,46,46,computed_co2_regression,2.0,19.16666603088379,history,24.801055908203125,2026-04-12 23:42:52.588000+00:00,180.9166717529297,2026-04-13 08:42:52.588000+09:00,0.6425,0.11904760088239397,0.8091667175292969,3.0,0.39563751220703125,3.0,0.8091667175292969,0.8091667175292969
855.0,2026-04-12T23:42:58.567Z,2026-05-12T23:42:57.635Z,53.9849853515625,2.0,,3.0,나쁨,심각한 악화 (나쁨-3),3.0,,0.0,0.0,0.0,0.064,0.1112,46,46,computed_co2_regression,2.0,19.33333396911621,history,24.811737060546875,2026-04-12 23:42:58.567000+00:00,181.0,2026-04-13 08:42:58.567000+09:00,0.6375,0.12380954197474889,0.81,3.0,0.39849853515625,3.0,0.81,0.81
853.3333129882812,2026-04-12T23:43:05.498Z,2026-05-12T23:43:04.538Z,54.001197814941406,2.0,,3.0,나쁨,심각한 악화 (나쁨-3),3.0,,0.0,0.0,0.0,0.035,0.1147,47,47,computed_co2_regression,2.0,19.66666603088379,history,24.79705047607422,2026-04-12 23:43:05.498000+00:00,181.0,2026-04-13 08:43:05.498000+09:00,0.6333332824707031,0.13333331516810826,0.81,3.0,0.4001197814941406,3.0,0.81,0.81
850.6666870117188,2026-04-12T23:43:12.820Z,2026-05-12T23:43:11.898Z,54.07749176025391,2.0,,3.0,나쁨,심각한 악화 (나쁨-3),3.0,,0.0,0.0,0.0,0.0163,0.1803,47,47,computed_co2_regression,2.0,19.5,history,24.789039611816406,2026-04-12 23:43:12.820000+00:00,180.9166717529297,2026-04-13 08:43:12.820000+09:00,0.6266667175292969,0.12857142857142856,0.8091667175292969,3.0,0.40774917602539135,3.0,0.8091667175292969,0.8091667175292969
847.3333129882812,2026-04-12T23:43:19.060Z,2026-05-12T23:43:17.995Z,54.17762756347656,2.0,,3.0,나쁨,심각한 악화 (나쁨-3),3.0,,0.0,0.0,0.0,0.0031,0.2406,47,47,computed_co2_regression,2.0,19.0,history,24.78369903564453,2026-04-12 23:43:19.060000+00:00,180.8333282470703,2026-04-13 08:43:19.060000+09:00,0.6183332824707031,0.11428571428571428,0.8083332824707031,3.0,0.41776275634765625,3.0,0.8083332824707031,0.8083332824707031
844.3333129882812,2026-04-12T23:43:25.225Z,2026-05-12T23:43:24.290Z,54.161415100097656,1.989,,2.989,나쁨,중간수준 악화 (나쁨-2),2.989,,0.023,0.023,0.0,0.0006,0.2139,48,48,computed_co2_regression,2.0,18.83333396911621,history,24.769012451171875,2026-04-12 23:43:25.225000+00:00,180.75,2026-04-13 08:43:25.225000+09:00,0.6108332824707031,0.1095238276890346,0.8075,2.9885,0.4161415100097656,2.9885,0.8075,0.8075
841.6666870117188,2026-04-12T23:43:31.662Z,2026-05-12T23:43:30.666Z,54.14997100830078,1.95,,2.95,나쁨,중간수준 악화 (나쁨-2),2.95,,0.101,0.101,0.0,0.0108,0.2554,48,48,computed_co2_regression,2.0,18.66666603088379,history,24.77435302734375,2026-04-12 23:43:31.662000+00:00,180.6666717529297,2026-04-13 08:43:31.662000+09:00,0.6041667175292968,0.10476188659667969,0.8066667175292969,2.9495,0.4149971008300781,2.9495,0.8066667175292969,0.8066667175292969
840.6666870117188,2026-04-12T23:43:37.648Z,2026-05-12T23:43:36.579Z,54.22626495361328,1.909,,2.909,나쁨,중간수준 악화 (나쁨-2),2.909,,0.183,0.183,0.0,0.0321,0.2778,48,48,computed_co2_regression,2.0,18.66666603088379,history,24.76500701904297,2026-04-12 23:43:37.648000+00:00,180.5833282470703,2026-04-13 08:43:37.648000+09:00,0.6016667175292969,0.10476188659667969,0.8058332824707031,2.9085,0.4226264953613281,2.9085,0.8058332824707031,0.8058332824707031
839.0,2026-04-12T23:43:43.531Z,2026-05-12T23:43:42.601Z,54.305419921875,1.865,,2.865,나쁨,중간수준 악화 (나쁨-2),2.865,,0.27,0.27,0.0,0.0631,0.2621,48,48,computed_co2_regression,2.0,18.33333396911621,history,24.75432586669922,2026-04-12 23:43:43.531000+00:00,180.5,2026-04-13 08:43:43.531000+09:00,0.5975,0.09523811340332031,0.805,2.865,0.4305419921875,2.865,0.805,0.805
837.6666870117188,2026-04-12T23:43:49.560Z,2026-05-12T23:43:48.629Z,54.34165954589844,1.821,,2.821,나쁨,중간수준 악화 (나쁨-2),2.821,,0.358,0.358,0.0,0.0998,0.2068,48,48,computed_co2_regression,2.0,18.0,history,24.770347595214844,2026-04-12 23:43:49.560000+00:00,180.4166717529297,2026-04-13 08:43:49.560000+09:00,0.5941667175292968,0.08571428571428572,0.8041667175292969,2.821,0.43416595458984375,2.821,0.8041667175292969,0.8041667175292969
836.0,2026-04-12T23:43:55.716Z,2026-05-12T23:43:54.784Z,54.34642791748047,1.776,,2.776,나쁨,중간수준 악화 (나쁨-2),2.776,,0.448,0.448,0.0,0.1412,0.1589,48,48,computed_co2_regression,2.0,18.33333396911621,history,24.770347595214844,2026-04-12 23:43:55.716000+00:00,180.3333282470703,2026-04-13 08:43:55.716000+09:00,0.59,0.09523811340332031,0.8033332824707031,2.776,0.4346427917480469,2.776,0.8033332824707031,0.8033332824707031
835.3333129882812,2026-04-12T23:44:01.630Z,2026-05-12T23:44:00.697Z,54.37408447265625,1.746,,2.746,나쁨,중간수준 악화 (나쁨-2),2.746,,0.508,0.508,0.0,0.1766,0.1276,49,49,computed_co2_regression,2.0,18.33333396911621,history,24.769012451171875,2026-04-12 23:44:01.630000+00:00,180.25,2026-04-13 08:44:01.630000+09:00,0.5883332824707032,0.09523811340332031,0.8025,2.746,0.437408447265625,2.746,0.8025,0.8025
835.3333129882812,2026-04-12T23:44:08.473Z,2026-05-12T23:44:07.547Z,54.39125061035156,1.705,,2.706,나쁨,중간수준 악화 (나쁨-2),2.706,,0.589,0.589,0.0,0.219,0.0817,49,49,computed_co2_regression,2.0,18.33333396911621,history,24.77568817138672,2026-04-12 23:44:08.473000+00:00,180.1666717529297,2026-04-13 08:44:08.473000+09:00,0.5883332824707032,0.09523811340332031,0.8016667175292969,2.7055,0.43912506103515625,2.7055,0.8016667175292969,0.8016667175292969
836.3333129882812,2026-04-12T23:44:16.877Z,2026-05-12T23:44:15.760Z,54.44084930419922,1.653,,2.653,나쁨,중간수준 악화 (나쁨-2),2.653,,0.694,0.694,0.0,0.2681,0.0231,48,48,computed_co2_regression,2.0,18.5,history,24.77168273925781,2026-04-12 23:44:16.877000+00:00,180.1666717529297,2026-04-13 08:44:16.877000+09:00,0.5908332824707031,0.1,0.8016667175292969,2.653,0.44408493041992186,2.653,0.8016667175292969,0.8016667175292969
837.6666870117188,2026-04-12T23:44:22.669Z,2026-05-12T23:44:21.589Z,54.46183013916016,1.622,,2.622,나쁨,중간수준 악화 (나쁨-2),2.622,,0.756,0.756,0.0,0.3028,0.0034,48,48,computed_co2_regression,2.0,18.66666603088379,history,24.77168273925781,2026-04-12 23:44:22.669000+00:00,180.1666717529297,2026-04-13 08:44:22.669000+09:00,0.5941667175292968,0.10476188659667969,0.8016667175292969,2.622,0.44618301391601634,2.622,0.8016667175292969,0.8016667175292969
839.0,2026-04-12T23:44:28.675Z,2026-05-12T23:44:27.602Z,54.35978317260742,1.597,,2.597,나쁨,중간수준 악화 (나쁨-2),2.597,,0.806,0.806,0.041,0.3315,0.0006,48,48,computed_co2_regression,2.0,19.0,history,24.778358459472656,2026-04-12 23:44:28.675000+00:00,180.25,2026-04-13 08:44:28.675000+09:00,0.5975,0.11428571428571428,0.8025,2.597,0.4359783172607422,2.597,0.8025,0.8025
839.6666870117188,2026-04-12T23:44:34.729Z,2026-05-12T23:44:33.805Z,54.37790298461914,1.575,,2.575,나쁨,중간수준 악화 (나쁨-2),2.575,,0.85,0.85,0.202,0.3573,0.0153,48,48,computed_co2_regression,2.0,18.66666603088379,history,24.78636932373047,2026-04-12 23:44:34.729000+00:00,180.3333282470703,2026-04-13 08:44:34.729000+09:00,0.5991667175292968,0.10476188659667969,0.8033332824707031,2.575,0.4377902984619141,2.575,0.8033332824707031,0.8033332824707031
840.0,2026-04-12T23:44:40.728Z,2026-05-12T23:44:39.651Z,54.46183013916016,1.553,,2.553,나쁨,중간수준 악화 (나쁨-2),2.553,,0.895,0.895,0.365,0.3849,0.0529,48,48,computed_co2_regression,2.0,18.5,history,24.7850341796875,2026-04-12 23:44:40.728000+00:00,180.5,2026-04-13 08:44:40.728000+09:00,0.6,0.1,0.805,2.5525,0.44618301391601634,2.5525,0.805,0.805
839.6666870117188,2026-04-12T23:44:46.611Z,2026-05-12T23:44:45.676Z,54.47994613647461,1.527,,2.528,나쁨,중간수준 악화 (나쁨-2),2.528,,0.945,0.945,0.49,0.4165,0.0983,48,48,computed_co2_regression,2.0,18.66666603088379,history,24.7850341796875,2026-04-12 23:44:46.611000+00:00,180.6666717529297,2026-04-13 08:44:46.611000+09:00,0.5991667175292968,0.10476188659667969,0.8066667175292969,2.5275,0.44799461364746096,2.5275,0.8066667175292969,0.8066667175292969
839.3333129882812,2026-04-12T23:44:52.607Z,2026-05-12T23:44:51.671Z,54.36073684692383,1.499,,2.499,나쁨,중간수준 악화 (나쁨-2),2.499,,1.003,1.003,0.616,0.455,0.1569,48,48,computed_co2_regression,2.0,18.5,history,24.793045043945312,2026-04-12 23:44:52.607000+00:00,180.8333282470703,2026-04-13 08:44:52.607000+09:00,0.5983332824707032,0.1,0.8083332824707031,2.4985,0.43607368469238283,2.4985,0.8083332824707031,0.8083332824707031
838.6666870117188,2026-04-12T23:44:58.573Z,2026-05-12T23:44:57.646Z,54.3111457824707,1.467,,2.467,나쁨,중간수준 악화 (나쁨-2),2.467,,1.066,1.066,0.69,0.4987,0.1976,48,48,computed_co2_regression,2.0,18.83333396911621,history,24.77435302734375,2026-04-12 23:44:58.573000+00:00,181.0,2026-04-13 08:44:58.573000+09:00,0.5966667175292969,0.1095238276890346,0.81,2.467,0.43111457824707033,2.467,0.81,0.81
838.0,2026-04-12T23:45:05.561Z,2026-05-12T23:45:04.625Z,54.44943237304688,1.43,,2.43,나쁨,중간수준 악화 (나쁨-2),2.43,,1.141,1.141,0.736,0.5544,0.2258,48,48,computed_co2_regression,2.0,19.0,history,24.766342163085938,2026-04-12 23:45:05.561000+00:00,181.1666717529297,2026-04-13 08:45:05.561000+09:00,0.595,0.11428571428571428,0.8116667175292969,2.4295,0.4449432373046882,2.4295,0.8116667175292969,0.8116667175292969
837.3333129882812,2026-04-12T23:45:11.607Z,2026-05-12T23:45:10.527Z,54.48377227783203,1.388,,2.388,나쁨,중간수준 악화 (나쁨-2),2.388,,1.224,1.224,0.745,0.6202,0.2322,48,48,computed_co2_regression,2.0,19.5,history,24.76233673095703,2026-04-12 23:45:11.607000+00:00,181.3333282470703,2026-04-13 08:45:11.607000+09:00,0.5933332824707032,0.12857142857142856,0.8133332824707031,2.388,0.4483772277832031,2.388,0.8133332824707031,0.8133332824707031
836.6666870117188,2026-04-12T23:45:19.718Z,2026-05-12T23:45:18.793Z,54.47518539428711,1.344,,2.344,나쁨,중간수준 악화 (나쁨-2),2.344,,1.312,1.312,0.717,0.6953,0.2121,48,48,computed_co2_regression,2.0,20.0,history,24.77301788330078,2026-04-12 23:45:19.718000+00:00,181.5,2026-04-13 08:45:19.718000+09:00,0.5916667175292969,0.14285714285714285,0.815,2.344,0.44751853942871095,2.344,0.815,0.815
836.0,2026-04-12T23:45:25.727Z,2026-05-12T23:45:24.648Z,54.57055282592773,1.301,,2.302,나쁨,중간수준 악화 (나쁨-2),2.302,,1.397,1.397,0.707,0.7663,0.2051,48,48,computed_co2_regression,2.0,20.0,history,24.79972076416016,2026-04-12 23:45:25.727000+00:00,181.6666717529297,2026-04-13 08:45:25.727000+09:00,0.59,0.14285714285714285,0.8166667175292969,2.3015,0.4570552825927727,2.3015,0.8166667175292969,0.8166667175292969
835.3333129882812,2026-04-12T23:45:31.721Z,2026-05-12T23:45:30.638Z,54.58390426635742,1.264,,2.264,나쁨,중간수준 악화 (나쁨-2),2.264,,1.473,1.473,0.728,0.8279,0.2204,48,48,computed_co2_regression,2.0,19.83333396911621,history,24.79037475585937,2026-04-12 23:45:31.721000+00:00,181.75,2026-04-13 08:45:31.721000+09:00,0.5883332824707032,0.13809525626046318,0.8175,2.2635,0.4583904266357422,2.2635,0.8175,0.8175
835.0,2026-04-12T23:45:37.537Z,2026-05-12T23:45:36.606Z,54.20051956176758,1.236,,2.236,나쁨,중간수준 악화 (나쁨-2),2.236,,1.529,1.529,0.776,0.8673,0.2554,48,48,computed_co2_regression,2.0,19.33333396911621,history,24.777023315429688,2026-04-12 23:45:37.537000+00:00,181.8333282470703,2026-04-13 08:45:37.537000+09:00,0.5875,0.12380954197474889,0.8183332824707031,2.2355,0.42005195617675783,2.2355,0.8183332824707031,0.8183332824707031
835.6666870117188,2026-04-12T23:45:43.526Z,2026-05-12T23:45:42.590Z,54.140438079833984,1.223,,2.223,나쁨,중간수준 악화 (나쁨-2),2.223,,1.554,1.554,0.813,0.882,0.2813,48,48,computed_co2_regression,2.0,19.16666603088379,history,24.778358459472656,2026-04-12 23:45:43.526000+00:00,182.5,2026-04-13 08:45:43.526000+09:00,0.5891667175292968,0.11904760088239397,0.825,2.223,0.41404380798339846,2.223,0.825,0.825
836.3333129882812,2026-04-12T23:45:49.593Z,2026-05-12T23:45:48.657Z,54.235801696777344,1.225,,2.225,나쁨,중간수준 악화 (나쁨-2),2.225,,1.551,1.551,0.864,0.88,0.3141,48,48,computed_co2_regression,2.0,18.83333396911621,history,24.77301788330078,2026-04-12 23:45:49.593000+00:00,185.0,2026-04-13 08:45:49.593000+09:00,0.5908332824707031,0.1095238276890346,0.85,2.2245,0.4235801696777344,2.2245,0.85,0.85
837.0,2026-04-12T23:45:55.695Z,2026-05-12T23:45:54.761Z,54.27680969238281,1.237,,2.237,나쁨,중간수준 악화 (나쁨-2),2.237,,1.527,1.527,0.913,0.8697,0.3418,48,48,computed_co2_regression,2.0,18.5,history,24.76233673095703,2026-04-12 23:45:55.695000+00:00,189.6666717529297,2026-04-13 08:45:55.695000+09:00,0.5925,0.1,0.8966667175292968,2.2365,0.42768096923828125,2.2365,0.8966667175292968,0.8966667175292968
837.0,2026-04-12T23:46:01.603Z,2026-05-12T23:46:00.645Z,54.50569915771485,1.254,,2.254,나쁨,중간수준 악화 (나쁨-2),2.254,,1.492,1.492,0.933,0.8553,0.3509,48,48,computed_co2_regression,2.0,18.33333396911621,history,24.767677307128903,2026-04-12 23:46:01.603000+00:00,196.75,2026-04-13 08:46:01.603000+09:00,0.5925,0.09523811340332031,0.9675,2.254,0.4505699157714851,2.254,0.9675,0.9675
837.0,2026-04-12T23:46:08.387Z,2026-05-12T23:46:07.401Z,54.48376083374024,1.417,,2.274,나쁨,중간수준 악화 (나쁨-2),2.274,,1.451,1.451,0.934,0.8469,0.3655,49,49,computed_co2_regression,2.0,18.5,history,24.77168273925781,2026-04-12 23:46:08.387000+00:00,214.25,2026-04-13 08:46:08.387000+09:00,0.5925,0.1,1.1425,2.2744999999999997,0.4483760833740241,2.2744999999999997,1.1425,1.1425
837.0,2026-04-12T23:46:15.170Z,2026-05-12T23:46:14.235Z,54.5085563659668,1.539,,2.298,나쁨,중간수준 악화 (나쁨-2),2.298,,1.404,1.404,0.921,0.829,0.3594,49,49,computed_co2_regression,2.0,18.5,history,24.78369903564453,2026-04-12 23:46:15.170000+00:00,224.0833282470703,2026-04-13 08:46:15.170000+09:00,0.5925,0.1,1.2408332824707031,2.298,0.4508556365966797,2.298,1.2408332824707031,1.2408332824707031
837.0,2026-04-12T23:46:22.356Z,2026-05-12T23:46:21.428Z,54.56673431396485,1.679,,2.333,나쁨,중간수준 악화 (나쁨-2),2.333,,1.334,1.334,0.895,0.797,0.3339,48,48,computed_co2_regression,2.0,18.5,history,24.798385620117188,2026-04-12 23:46:22.356000+00:00,234.5833282470703,2026-04-13 08:46:22.356000+09:00,0.5925,0.1,1.345833282470703,2.333,0.4566734313964851,2.333,1.345833282470703,1.345833282470703
838.0,2026-04-12T23:46:28.055Z,2026-05-12T23:46:27.136Z,54.46564102172852,1.818,,2.366,나쁨,중간수준 악화 (나쁨-2),2.366,,1.269,1.269,0.855,0.7713,0.3146,48,48,computed_co2_regression,2.0,18.66666603088379,history,24.803726196289062,2026-04-12 23:46:28.055000+00:00,245.25,2026-04-13 08:46:28.055000+09:00,0.595,0.10476188659667969,1.4525,2.3655,0.44656410217285225,2.3655,1.4525,1.4525
839.6666870117188,2026-04-12T23:46:34.200Z,2026-05-12T23:46:33.209Z,54.57626724243164,1.962,,2.404,나쁨,중간수준 악화 (나쁨-2),2.404,,1.192,1.192,0.797,0.7391,0.2886,48,48,computed_co2_regression,2.0,18.66666603088379,history,24.79705047607422,2026-04-12 23:46:34.200000+00:00,255.8333282470703,2026-04-13 08:46:34.200000+09:00,0.5991667175292968,0.10476188659667969,1.558333282470703,2.404,0.4576267242431641,2.404,1.558333282470703,1.558333282470703
841.3333129882812,2026-04-12T23:46:40.075Z,2026-05-12T23:46:39.139Z,54.762237548828125,2.11,,2.449,나쁨,심각한 악화 (나쁨-3),2.449,,1.103,1.103,0.722,0.6997,0.2487,48,48,computed_co2_regression,2.0,19.0,history,24.791709899902344,2026-04-12 23:46:40.075000+00:00,266.1666564941406,2026-04-13 08:46:40.075000+09:00,0.6033332824707032,0.11428571428571428,1.6616665649414062,2.4485,0.4762237548828125,2.4485,1.6616665649414062,1.6616665649414062
842.0,2026-04-12T23:46:46.203Z,2026-05-12T23:46:45.279Z,54.773681640625,2.259,,2.497,나쁨,심각한 악화 (나쁨-3),2.497,,1.006,1.006,0.618,0.6564,0.2002,48,48,computed_co2_regression,2.0,19.0,history,24.79571533203125,2026-04-12 23:46:46.203000+00:00,276.1666564941406,2026-04-13 08:46:46.203000+09:00,0.605,0.11428571428571428,1.7616665649414063,2.497,0.4773681640625,2.497,1.7616665649414063,1.7616665649414063
842.0,2026-04-12T23:46:52.062Z,2026-05-12T23:46:51.133Z,54.76700592041016,2.396,,2.546,나쁨,심각한 악화 (나쁨-3),2.546,,0.908,0.908,0.497,0.6113,0.1484,48,48,computed_co2_regression,2.0,19.0,history,24.779693603515625,2026-04-12 23:46:52.062000+00:00,285.0,2026-04-13 08:46:52.062000+09:00,0.605,0.11428571428571428,1.85,2.546,0.47670059204101634,2.546,1.85,1.85
842.0,2026-04-12T23:46:58.197Z,2026-05-12T23:46:57.205Z,54.83662414550781,2.51,,2.595,나쁨,심각한 악화 (나쁨-3),2.595,,0.81,0.81,0.37,0.5638,0.0972,48,48,computed_co2_regression,2.0,19.0,history,24.79571533203125,2026-04-12 23:46:58.197000+00:00,291.5,2026-04-13 08:46:58.197000+09:00,0.605,0.11428571428571428,1.915,2.5949999999999998,0.48366241455078124,2.5949999999999998,1.915,1.915
842.0,2026-04-12T23:47:05.075Z,2026-05-12T23:47:04.145Z,54.89289093017578,2.595,,2.644,나쁨,심각한 악화 (나쁨-3),2.644,,0.713,0.713,0.251,0.5129,0.0525,48,48,computed_co2_regression,2.0,19.0,history,24.809066772460938,2026-04-12 23:47:05.075000+00:00,295.1666564941406,2026-04-13 08:47:05.075000+09:00,0.605,0.11428571428571428,1.9516665649414062,2.6435,0.4892890930175781,2.6435,1.9516665649414062,1.9516665649414062
842.0,2026-04-12T23:47:10.709Z,2026-05-12T23:47:09.763Z,54.82422637939453,2.62,,2.662,나쁨,심각한 악화 (나쁨-3),2.662,,0.676,0.676,0.232,0.4904,0.0477,49,49,computed_co2_regression,2.0,19.0,history,24.798385620117188,2026-04-12 23:47:10.709000+00:00,295.8333435058594,2026-04-13 08:47:10.709000+09:00,0.605,0.11428571428571428,1.9583334350585937,2.662,0.4824226379394531,2.662,1.9583334350585937,1.9583334350585937
841.3333129882812,2026-04-12T23:47:17.580Z,2026-05-12T23:47:16.649Z,54.774635314941406,2.653,,2.706,나쁨,심각한 악화 (나쁨-3),2.706,,0.588,0.588,0.174,0.4406,0.03,49,49,computed_co2_regression,2.0,18.5,history,24.802391052246094,2026-04-12 23:47:17.580000+00:00,294.6666564941406,2026-04-13 08:47:17.580000+09:00,0.6033332824707032,0.1,1.9466665649414063,2.706,0.4774635314941406,2.706,1.9466665649414063,1.9466665649414063
840.6666870117188,2026-04-12T23:47:24.954Z,2026-05-12T23:47:24.002Z,54.769866943359375,2.701,,2.778,나쁨,심각한 악화 (나쁨-3),2.778,,0.445,0.445,0.109,0.3537,0.0123,48,48,computed_co2_regression,2.0,18.16666603088379,history,24.81574249267578,2026-04-12 23:47:24.954000+00:00,292.3333435058594,2026-04-13 08:47:24.954000+09:00,0.6016667175292969,0.0904761723109654,1.9233334350585938,2.7775,0.4769866943359375,2.7775,1.9233334350585938,1.9233334350585938
839.6666870117188,2026-04-12T23:47:30.583Z,2026-05-12T23:47:29.650Z,54.820411682128906,2.702,,2.815,나쁨,심각한 악화 (나쁨-3),2.815,,0.37,0.37,0.153,0.3026,0.023,48,48,computed_co2_regression,2.0,18.16666603088379,history,24.80773162841797,2026-04-12 23:47:30.583000+00:00,288.75,2026-04-13 08:47:30.583000+09:00,0.5991667175292968,0.0904761723109654,1.8875,2.815,0.4820411682128906,2.815,1.8875,1.8875
839.0,2026-04-12T23:47:36.768Z,2026-05-12T23:47:35.688Z,54.83280944824219,2.691,,2.848,나쁨,심각한 악화 (나쁨-3),2.848,,0.304,0.304,0.207,0.2523,0.0395,48,48,computed_co2_regression,2.0,18.0,history,24.803726196289062,2026-04-12 23:47:36.768000+00:00,284.25,2026-04-13 08:47:36.768000+09:00,0.5975,0.08571428571428572,1.8425,2.848,0.48328094482421874,2.848,1.8425,1.8425
838.0,2026-04-12T23:47:42.692Z,2026-05-12T23:47:41.696Z,54.81564331054688,2.67,,2.878,나쁨,심각한 악화 (나쁨-3),2.878,,0.245,0.245,0.285,0.2051,0.0665,48,48,computed_co2_regression,2.0,17.66666603088379,history,24.81440734863281,2026-04-12 23:47:42.692000+00:00,279.25,2026-04-13 08:47:42.692000+09:00,0.595,0.07619045802525111,1.7925,2.8775,0.4815643310546882,2.8775,1.7925,1.7925
837.0,2026-04-12T23:47:48.669Z,2026-05-12T23:47:47.722Z,54.85188293457031,2.644,,2.904,나쁨,심각한 악화 (나쁨-3),2.904,,0.193,0.193,0.36,0.1618,0.0932,48,48,computed_co2_regression,2.0,17.5,history,24.79972076416016,2026-04-12 23:47:48.669000+00:00,274.0833435058594,2026-04-13 08:47:48.669000+09:00,0.5925,0.07142857142857142,1.7408334350585937,2.9035,0.48518829345703124,2.9035,1.7408334350585937,1.7408334350585937
836.0,2026-04-12T23:47:54.735Z,2026-05-12T23:47:53.795Z,54.957740783691406,2.616,,2.927,나쁨,심각한 악화 (나쁨-3),2.927,,0.147,0.147,0.414,0.122,0.1148,48,48,computed_co2_regression,2.0,17.66666603088379,history,24.79705047607422,2026-04-12 23:47:54.735000+00:00,268.9166564941406,2026-04-13 08:47:54.735000+09:00,0.59,0.07619045802525111,1.6891665649414063,2.9265,0.4957740783691406,2.9265,1.6891665649414063,1.6891665649414063
835.0,2026-04-12T23:48:00.650Z,2026-05-12T23:47:59.718Z,55.04357147216797,2.586,,2.946,나쁨,심각한 악화 (나쁨-3),2.946,,0.108,0.108,0.438,0.087,0.124,48,48,computed_co2_regression,2.0,17.83333396911621,history,24.791709899902344,2026-04-12 23:48:00.650000+00:00,264.0,2026-04-13 08:48:00.650000+09:00,0.5875,0.08095239911760603,1.64,2.946,0.5043571472167969,2.946,1.64,1.64
834.3333129882812,2026-04-12T23:48:07.411Z,2026-05-12T23:48:06.462Z,55.05596923828125,2.557,,2.963,나쁨,심각한 악화 (나쁨-3),2.963,,0.074,0.074,0.416,0.0561,0.1153,48,48,computed_co2_regression,2.0,18.0,history,24.78369903564453,2026-04-12 23:48:07.411000+00:00,259.4166564941406,2026-04-13 08:48:07.411000+09:00,0.5858332824707031,0.08571428571428572,1.5941665649414063,2.963,0.505596923828125,2.963,1.5941665649414063,1.5941665649414063
834.6666870117188,2026-04-12T23:48:13.609Z,2026-05-12T23:48:12.668Z,55.04166412353516,2.511,,2.958,나쁨,심각한 악화 (나쁨-3),2.958,,0.084,0.084,0.442,0.0733,0.1342,49,49,computed_co2_regression,2.0,18.0,history,24.801055908203125,2026-04-12 23:48:13.609000+00:00,255.25,2026-04-13 08:48:13.609000+09:00,0.5866667175292969,0.08571428571428572,1.5525,2.958,0.5041664123535163,2.958,1.5525,1.5525
835.3333129882812,2026-04-12T23:48:19.517Z,2026-05-12T23:48:18.583Z,55.01019287109375,2.489,,2.973,나쁨,심각한 악화 (나쁨-3),2.973,,0.054,0.054,0.413,0.0415,0.1214,49,49,computed_co2_regression,2.0,18.16666603088379,history,24.79705047607422,2026-04-12 23:48:19.517000+00:00,251.5833282470703,2026-04-13 08:48:19.517000+09:00,0.5883332824707032,0.0904761723109654,1.515833282470703,2.973,0.501019287109375,2.973,1.515833282470703,1.515833282470703
836.0,2026-04-12T23:48:26.994Z,2026-05-12T23:48:26.048Z,55.04166412353516,2.478,,2.995,나쁨,심각한 악화 (나쁨-3),2.995,,0.011,0.011,0.427,0.0024,0.1216,48,48,computed_co2_regression,2.0,18.16666603088379,history,24.7850341796875,2026-04-12 23:48:26.994000+00:00,248.3333282470703,2026-04-13 08:48:26.994000+09:00,0.59,0.0904761723109654,1.483333282470703,2.9945,0.5041664123535163,2.9945,1.483333282470703,1.483333282470703
836.0,2026-04-12T23:48:33.215Z,2026-05-12T23:48:32.127Z,55.12940216064453,2.452,,2.998,나쁨,심각한 악화 (나쁨-3),2.998,,0.005,0.005,0.455,0.0006,0.1369,48,48,computed_co2_regression,2.0,18.16666603088379,history,24.77435302734375,2026-04-12 23:48:33.215000+00:00,245.4166717529297,2026-04-13 08:48:33.215000+09:00,0.59,0.0904761723109654,1.454166717529297,2.9975,0.5129402160644532,2.9975,1.454166717529297,1.454166717529297
836.0,2026-04-12T23:48:39.172Z,2026-05-12T23:48:38.088Z,55.08839416503906,2.429,,2.999,나쁨,심각한 악화 (나쁨-3),2.999,,0.002,0.002,0.496,0.0001,0.1588,48,48,computed_co2_regression,2.0,18.0,history,24.778358459472656,2026-04-12 23:48:39.172000+00:00,243.0,2026-04-13 08:48:39.172000+09:00,0.59,0.08571428571428572,1.43,2.999,0.5088394165039063,2.999,1.43,1.43
836.3333129882812,2026-04-12T23:48:45.189Z,2026-05-12T23:48:44.248Z,55.05406188964844,2.408,,2.999,나쁨,심각한 악화 (나쁨-3),2.999,,0.003,0.003,0.576,0.0002,0.2069,48,48,computed_co2_regression,2.0,17.83333396911621,history,24.802391052246094,2026-04-12 23:48:45.189000+00:00,240.9166717529297,2026-04-13 08:48:45.189000+09:00,0.5908332824707031,0.08095239911760603,1.4091667175292968,2.9985,0.5054061889648438,2.9985,1.4091667175292968,1.4091667175292968
836.6666870117188,2026-04-12T23:48:51.718Z,2026-05-12T23:48:50.618Z,55.18757629394531,2.386,,2.996,나쁨,심각한 악화 (나쁨-3),2.996,,0.008,0.008,0.683,0.0012,0.2862,48,48,computed_co2_regression,2.0,17.83333396911621,history,24.801055908203125,2026-04-12 23:48:51.718000+00:00,239.0,2026-04-13 08:48:51.718000+09:00,0.5916667175292969,0.08095239911760603,1.39,2.996,0.5187576293945313,2.996,1.39,1.39
837.0,2026-04-12T23:48:57.485Z,2026-05-12T23:48:56.558Z,55.16850280761719,2.365,,2.992,나쁨,심각한 악화 (나쁨-3),2.992,,0.017,0.017,0.748,0.0059,0.3369,48,48,computed_co2_regression,2.0,18.0,history,24.78770446777344,2026-04-12 23:48:57.485000+00:00,237.3333282470703,2026-04-13 08:48:57.485000+09:00,0.5925,0.08571428571428572,1.3733332824707032,2.9915,0.5168502807617188,2.9915,1.3733332824707032,1.3733332824707032
837.3333129882812,2026-04-12T23:49:03.551Z,2026-05-12T23:49:02.614Z,55.02545166015625,2.345,,2.986,나쁨,심각한 악화 (나쁨-3),2.986,,0.028,0.028,0.812,0.0161,0.3899,48,48,computed_co2_regression,2.0,18.0,history,24.7850341796875,2026-04-12 23:49:03.551000+00:00,235.9166717529297,2026-04-13 08:49:03.551000+09:00,0.5933332824707032,0.08571428571428572,1.359166717529297,2.986,0.502545166015625,2.986,1.359166717529297,1.359166717529297
837.6666870117188,2026-04-12T23:49:09.557Z,2026-05-12T23:49:08.569Z,55.006378173828125,2.328,,2.981,나쁨,심각한 악화 (나쁨-3),2.981,,0.038,0.038,0.861,0.0303,0.4355,48,48,computed_co2_regression,2.0,18.16666603088379,history,24.803726196289062,2026-04-12 23:49:09.557000+00:00,234.6666717529297,2026-04-13 08:49:09.557000+09:00,0.5941667175292968,0.0904761723109654,1.3466667175292968,2.981,0.5006378173828125,2.981,1.3466667175292968,1.3466667175292968
838.0,2026-04-12T23:49:16.360Z,2026-05-12T23:49:15.432Z,55.128448486328125,2.318,,2.983,나쁨,심각한 악화 (나쁨-3),2.983,,0.035,0.035,0.826,0.0278,0.4247,49,49,computed_co2_regression,2.0,18.33333396911621,history,24.79571533203125,2026-04-12 23:49:16.360000+00:00,233.5,2026-04-13 08:49:16.360000+09:00,0.595,0.09523811340332031,1.335,2.9825,0.5128448486328125,2.9825,1.335,1.335
837.6666870117188,2026-04-12T23:49:22.080Z,2026-05-12T23:49:21.152Z,55.26482391357422,2.305,,2.98,나쁨,심각한 악화 (나쁨-3),2.98,,0.041,0.041,0.844,0.0388,0.4429,49,49,computed_co2_regression,2.0,18.33333396911621,history,24.77568817138672,2026-04-12 23:49:22.080000+00:00,232.5833282470703,2026-04-13 08:49:22.080000+09:00,0.5941667175292968,0.09523811340332031,1.325833282470703,2.9795,0.5264823913574219,2.9795,1.325833282470703,1.325833282470703
837.3333129882812,2026-04-12T23:49:29.321Z,2026-05-12T23:49:28.387Z,55.349700927734375,2.295,,2.978,나쁨,심각한 악화 (나쁨-3),2.978,,0.044,0.044,0.836,0.0442,0.4351,49,49,computed_co2_regression,2.0,18.5,history,24.789039611816406,2026-04-12 23:49:29.321000+00:00,231.6666717529297,2026-04-13 08:49:29.321000+09:00,0.5933332824707032,0.1,1.316666717529297,2.978,0.5349700927734375,2.978,1.316666717529297,1.316666717529297
837.0,2026-04-12T23:49:35.364Z,2026-05-12T23:49:34.229Z,55.308692932128906,2.286,,2.979,나쁨,심각한 악화 (나쁨-3),2.979,,0.043,0.043,0.802,0.0428,0.4057,49,49,computed_co2_regression,2.0,18.5,history,24.789039611816406,2026-04-12 23:49:35.364000+00:00,230.75,2026-04-13 08:49:35.364000+09:00,0.5925,0.1,1.3075,2.9785,0.5308692932128907,2.9785,1.3075,1.3075
837.0,2026-04-12T23:49:41.063Z,2026-05-12T23:49:40.129Z,55.42504119873047,2.28,,2.98,나쁨,심각한 악화 (나쁨-3),2.98,,0.04,0.04,0.805,0.0367,0.4083,49,49,computed_co2_regression,2.0,18.33333396911621,history,24.77435302734375,2026-04-12 23:49:41.063000+00:00,230.0,2026-04-13 08:49:41.063000+09:00,0.5925,0.09523811340332031,1.3,2.98,0.5425041198730469,2.98,1.3,1.3
837.3333129882812,2026-04-12T23:49:47.580Z,2026-05-12T23:49:46.649Z,55.61101531982422,2.278,,2.986,나쁨,심각한 악화 (나쁨-3),2.986,,0.029,0.029,0.9,0.019,0.4671,48,48,computed_co2_regression,2.0,17.83333396911621,history,24.77168273925781,2026-04-12 23:49:47.580000+00:00,229.25,2026-04-13 08:49:47.580000+09:00,0.5933332824707032,0.08095239911760603,1.2925,2.9855,0.5611015319824219,2.9855,1.2925,1.2925
839.3333129882812,2026-04-12T23:49:54.156Z,2026-05-12T23:49:53.083Z,55.73881149291992,2.278,,2.992,나쁨,심각한 악화 (나쁨-3),2.992,,0.017,0.017,0.982,0.0069,0.5228,48,48,computed_co2_regression,2.0,17.5,history,24.767677307128903,2026-04-12 23:49:54.156000+00:00,228.6666717529297,2026-04-13 08:49:54.156000+09:00,0.5983332824707032,0.07142857142857142,1.286666717529297,2.9915,0.5738811492919922,2.9915,1.286666717529297,1.286666717529297
843.3333129882812,2026-04-12T23:50:00.088Z,2026-05-12T23:49:59.094Z,55.78649520874024,2.282,,3.0,나쁨,심각한 악화 (나쁨-3),3.0,,0.0,0.0,1.061,0.0006,0.5572,48,48,computed_co2_regression,2.0,17.16666603088379,history,24.767677307128903,2026-04-12 23:50:00.088000+00:00,228.1666717529297,2026-04-13 08:50:00.088000+09:00,0.6083332824707032,0.06190474373953683,1.2816667175292968,3.0,0.5786495208740241,3.0,1.2816667175292968,1.2816667175292968
849.3333129882812,2026-04-12T23:50:07.034Z,2026-05-12T23:50:05.962Z,55.74834442138672,2.278,,3.0,나쁨,심각한 악화 (나쁨-3),3.0,,0.0,0.0,1.135,0.0278,0.5811,48,48,computed_co2_regression,2.0,17.0,history,24.77568817138672,2026-04-12 23:50:07.034000+00:00,227.75,2026-04-13 08:50:07.034000+09:00,0.6233332824707031,0.05714285714285714,1.2775,3.0,0.5748344421386719,3.0,1.2775,1.2775
857.6666870117188,2026-04-12T23:50:13.015Z,2026-05-12T23:50:12.081Z,55.77218627929688,2.274,,3.0,나쁨,심각한 악화 (나쁨-3),3.0,,0.0,0.0,1.192,0.0818,0.5842,48,48,computed_co2_regression,2.0,16.66666603088379,history,24.778358459472656,2026-04-12 23:50:13.015000+00:00,227.4166717529297,2026-04-13 08:50:13.015000+09:00,0.6441667175292969,0.04761902945382254,1.2741667175292968,3.0,0.5772186279296883,3.0,1.2741667175292968,1.2741667175292968
866.0,2026-04-12T23:50:19.547Z,2026-05-12T23:50:18.470Z,55.78076934814453,2.272,,3.0,나쁨,심각한 악화 (나쁨-3),3.0,,0.0,0.0,1.241,0.1367,0.6094,49,49,computed_co2_regression,2.0,16.83333396911621,history,24.79571533203125,2026-04-12 23:50:19.547000+00:00,227.1666717529297,2026-04-13 08:50:19.547000+09:00,0.665,0.052380970546177456,1.2716667175292968,3.0,0.5780769348144531,3.0,1.2716667175292968,1.2716667175292968
876.0,2026-04-12T23:50:25.700Z,2026-05-12T23:50:24.755Z,55.99534606933594,2.27,,3.0,나쁨,심각한 악화 (나쁨-3),3.0,,0.0,0.0,1.215,0.1825,0.6086,49,49,computed_co2_regression,2.0,17.0,history,24.81574249267578,2026-04-12 23:50:25.700000+00:00,227.0,2026-04-13 08:50:25.700000+09:00,0.69,0.05714285714285714,1.27,3.0,0.5995346069335937,3.0,1.27,1.27
891.0,2026-04-12T23:50:32.938Z,2026-05-12T23:50:32.014Z,55.72163391113281,2.268,,3.0,나쁨,심각한 악화 (나쁨-3),3.0,,0.0,0.0,1.093,0.2156,0.5753,48,48,computed_co2_regression,2.0,17.33333396911621,history,24.81707763671875,2026-04-12 23:50:32.938000+00:00,226.8333282470703,2026-04-13 08:50:32.938000+09:00,0.7275,0.06666668483189174,1.2683332824707032,3.0,0.5721633911132813,3.0,1.2683332824707032,1.2683332824707032
907.6666870117188,2026-04-12T23:50:38.671Z,2026-05-12T23:50:37.745Z,55.50801086425781,2.268,,3.0,나쁨,심각한 악화 (나쁨-3),3.0,,0.0,0.0,1.051,0.248,0.5591,48,48,computed_co2_regression,2.0,17.5,history,24.819747924804688,2026-04-12 23:50:38.671000+00:00,226.75,2026-04-13 08:50:38.671000+09:00,0.7691667175292969,0.07142857142857142,1.2675,3.0,0.5508010864257813,3.0,1.2675,1.2675
926.0,2026-04-12T23:50:44.865Z,2026-05-12T23:50:43.845Z,55.61005401611328,2.268,,3.0,나쁨,심각한 악화 (나쁨-3),3.0,,0.0,0.0,1.017,0.2807,0.5437,48,48,computed_co2_regression,2.0,17.5,history,24.82642364501953,2026-04-12 23:50:44.865000+00:00,226.75,2026-04-13 08:50:44.865000+09:00,0.815,0.07142857142857142,1.2675,3.0,0.5610054016113282,3.0,1.2675,1.2675
938.3333129882812,2026-04-12T23:50:50.730Z,2026-05-12T23:50:49.775Z,55.64533996582031,2.268,,3.0,나쁨,심각한 악화 (나쁨-3),3.0,,0.0,0.0,0.976,0.3175,0.5153,48,48,computed_co2_regression,2.0,17.83333396911621,history,24.831764221191406,2026-04-12 23:50:50.730000+00:00,226.8333282470703,2026-04-13 08:50:50.730000+09:00,0.8458332824707031,0.08095239911760603,1.2683332824707032,3.0,0.5645339965820313,3.0,1.2683332824707032,1.2683332824707032
951.6666870117188,2026-04-12T23:50:56.750Z,2026-05-12T23:50:55.817Z,55.73022079467773,2.269,,3.0,나쁨,심각한 악화 (나쁨-3),3.0,,0.0,0.0,0.945,0.3553,0.4889,48,48,computed_co2_regression,2.0,18.0,history,24.82508850097656,2026-04-12 23:50:56.750000+00:00,226.9166717529297,2026-04-13 08:50:56.750000+09:00,0.8791667175292969,0.08571428571428572,1.2691667175292969,3.0,0.5730220794677727,3.0,1.2691667175292969,1.2691667175292969
961.0,2026-04-12T23:51:02.697Z,2026-05-12T23:51:01.763Z,55.506103515625,2.272,,3.0,나쁨,심각한 악화 (나쁨-3),3.0,,0.0,0.0,0.888,0.3936,0.4276,48,48,computed_co2_regression,2.0,18.5,history,24.811737060546875,2026-04-12 23:51:02.697000+00:00,227.1666717529297,2026-04-13 08:51:02.697000+09:00,0.9025,0.1,1.2716667175292968,3.0,0.5506103515625,3.0,1.2716667175292968,1.2716667175292968
967.3333129882812,2026-04-12T23:51:09.485Z,2026-05-12T23:51:08.546Z,55.48321533203125,2.274,,3.0,나쁨,심각한 악화 (나쁨-3),3.0,,0.0,0.0,0.816,0.4325,0.3608,48,48,computed_co2_regression,2.0,18.5,history,24.809066772460938,2026-04-12 23:51:09.485000+00:00,227.4166717529297,2026-04-13 08:51:09.485000+09:00,0.9183332824707031,0.1,1.2741667175292968,3.0,0.548321533203125,3.0,1.2741667175292968,1.2741667175292968
968.0,2026-04-12T23:51:16.223Z,2026-05-12T23:51:15.276Z,55.60243225097656,2.277,,3.0,나쁨,심각한 악화 (나쁨-3),3.0,,0.0,0.0,0.73,0.4718,0.2862,48,48,computed_co2_regression,2.0,18.66666603088379,history,24.8277587890625,2026-04-12 23:51:16.223000+00:00,227.6666717529297,2026-04-13 08:51:16.223000+09:00,0.92,0.10476188659667969,1.276666717529297,3.0,0.5602432250976562,3.0,1.276666717529297,1.276666717529297
968.0,2026-04-12T23:51:21.965Z,2026-05-12T23:51:21.030Z,55.60243606567383,2.279,,3.0,나쁨,심각한 악화 (나쁨-3),3.0,,0.0,0.0,0.652,0.5032,0.2406,49,49,computed_co2_regression,2.0,18.5,history,24.841110229492188,2026-04-12 23:51:21.965000+00:00,227.9166717529297,2026-04-13 08:51:21.965000+09:00,0.92,0.1,1.279166717529297,3.0,0.5602436065673828,3.0,1.279166717529297,1.279166717529297
968.3333129882812,2026-04-12T23:51:27.939Z,2026-05-12T23:51:26.989Z,55.40788650512695,2.282,,3.0,나쁨,심각한 악화 (나쁨-3),3.0,,0.0,0.0,0.585,0.5388,0.1935,49,49,computed_co2_regression,2.0,18.5,history,24.83710479736328,2026-04-12 23:51:27.939000+00:00,228.1666717529297,2026-04-13 08:51:27.939000+09:00,0.9208332824707032,0.1,1.2816667175292968,3.0,0.5407886505126953,3.0,1.2816667175292968,1.2816667175292968
971.0,2026-04-12T23:51:35.489Z,2026-05-12T23:51:34.535Z,54.633487701416016,2.283,,3.0,나쁨,심각한 악화 (나쁨-3),3.0,,0.0,0.0,0.486,0.5837,0.1298,48,48,computed_co2_regression,2.0,18.5,history,24.855796813964844,2026-04-12 23:51:35.489000+00:00,228.3333282470703,2026-04-13 08:51:35.489000+09:00,0.9275,0.1,1.283333282470703,3.0,0.4633487701416016,3.0,1.283333282470703,1.283333282470703
973.0,2026-04-12T23:51:41.540Z,2026-05-12T23:51:40.584Z,54.20433044433594,2.286,,3.0,나쁨,심각한 악화 (나쁨-3),3.0,,0.0,0.0,0.399,0.6205,0.0923,48,48,computed_co2_regression,2.0,18.16666603088379,history,24.86113739013672,2026-04-12 23:51:41.540000+00:00,228.5833282470703,2026-04-13 08:51:41.540000+09:00,0.9325,0.0904761723109654,1.285833282470703,3.0,0.42043304443359375,3.0,1.285833282470703,1.285833282470703
974.3333129882812,2026-04-12T23:51:49.282Z,2026-05-12T23:51:48.302Z,54.72409057617188,2.288,,3.0,나쁨,심각한 악화 (나쁨-3),3.0,,0.0,0.0,0.309,0.6561,0.0587,48,48,computed_co2_regression,2.0,18.16666603088379,history,24.83309936523437,2026-04-12 23:51:49.282000+00:00,228.8333282470703,2026-04-13 08:51:49.282000+09:00,0.9358332824707031,0.0904761723109654,1.2883332824707032,3.0,0.4724090576171882,3.0,1.2883332824707032,1.2883332824707032
973.3333129882812,2026-04-12T23:51:55.176Z,2026-05-12T23:51:54.242Z,54.93962860107422,2.29,,3.0,나쁨,심각한 악화 (나쁨-3),3.0,,0.0,0.0,0.23,0.6891,0.0347,48,48,computed_co2_regression,2.0,18.0,history,24.83042907714844,2026-04-12 23:51:55.176000+00:00,229.0,2026-04-13 08:51:55.176000+09:00,0.9333332824707031,0.08571428571428572,1.29,3.0,0.49396286010742185,3.0,1.29,1.29
971.3333129882812,2026-04-12T23:52:01.121Z,2026-05-12T23:52:00.157Z,55.25816345214844,2.291,,3.0,나쁨,심각한 악화 (나쁨-3),3.0,,0.0,0.0,0.121,0.7193,0.0102,48,48,computed_co2_regression,2.0,18.33333396911621,history,24.84244537353516,2026-04-12 23:52:01.121000+00:00,229.0833282470703,2026-04-13 08:52:01.121000+09:00,0.9283332824707031,0.09523811340332031,1.2908332824707032,3.0,0.5258163452148438,3.0,1.2908332824707032,1.2908332824707032
969.6666870117188,2026-04-12T23:52:08.431Z,2026-05-12T23:52:07.503Z,55.68636322021485,2.292,,3.0,나쁨,심각한 악화 (나쁨-3),3.0,,0.0,0.0,0.023,0.7466,0.0004,48,48,computed_co2_regression,2.0,18.16666603088379,history,24.86113739013672,2026-04-12 23:52:08.431000+00:00,229.1666717529297,2026-04-13 08:52:08.431000+09:00,0.9241667175292969,0.0904761723109654,1.2916667175292968,3.0,0.5686363220214851,3.0,1.2916667175292968,1.2916667175292968
968.3333129882812,2026-04-12T23:52:14.107Z,2026-05-12T23:52:13.168Z,55.281044006347656,2.292,,3.0,나쁨,심각한 악화 (나쁨-3),3.0,,0.0,0.0,0.0,0.7711,0.0034,48,48,computed_co2_regression,2.0,18.0,history,24.86914825439453,2026-04-12 23:52:14.107000+00:00,229.1666717529297,2026-04-13 08:52:14.107000+09:00,0.9208332824707032,0.08571428571428572,1.2916667175292968,3.0,0.5281044006347656,3.0,1.2916667175292968,1.2916667175292968
967.3333129882812,2026-04-12T23:52:20.085Z,2026-05-12T23:52:19.148Z,55.29058456420898,2.291,,3.0,나쁨,심각한 악화 (나쁨-3),3.0,,0.0,0.0,0.0,0.792,0.0137,48,48,computed_co2_regression,2.0,18.16666603088379,history,24.85846710205078,2026-04-12 23:52:20.085000+00:00,229.0833282470703,2026-04-13 08:52:20.085000+09:00,0.9183332824707031,0.0904761723109654,1.2908332824707032,3.0,0.5290584564208978,3.0,1.2908332824707032,1.2908332824707032
966.6666870117188,2026-04-12T23:52:26.184Z,2026-05-12T23:52:25.252Z,55.6787338256836,2.29,,3.0,나쁨,심각한 악화 (나쁨-3),3.0,,0.0,0.0,0.0,0.8092,0.0262,48,48,computed_co2_regression,2.0,18.33333396911621,history,24.85713195800781,2026-04-12 23:52:26.184000+00:00,229.0,2026-04-13 08:52:26.184000+09:00,0.9166667175292968,0.09523811340332031,1.29,3.0,0.5678733825683601,3.0,1.29,1.29
966.6666870117188,2026-04-12T23:52:32.055Z,2026-05-12T23:52:31.126Z,55.66632843017578,2.289,,3.0,나쁨,심각한 악화 (나쁨-3),3.0,,0.0,0.0,0.0,0.8234,0.0468,48,48,computed_co2_regression,2.0,18.5,history,24.85045623779297,2026-04-12 23:52:32.055000+00:00,228.9166717529297,2026-04-13 08:52:32.055000+09:00,0.9166667175292968,0.1,1.289166717529297,3.0,0.5666328430175781,3.0,1.289166717529297,1.289166717529297
966.6666870117188,2026-04-12T23:52:39.449Z,2026-05-12T23:52:38.489Z,55.73403930664063,2.288,,3.0,나쁨,심각한 악화 (나쁨-3),3.0,,0.0,0.0,0.0,0.8344,0.0656,48,48,computed_co2_regression,2.0,18.5,history,24.86781311035156,2026-04-12 23:52:39.449000+00:00,228.8333282470703,2026-04-13 08:52:39.449000+09:00,0.9166667175292968,0.1,1.2883332824707032,3.0,0.5734039306640633,3.0,1.2883332824707032,1.2883332824707032
966.3333129882812,2026-04-12T23:52:45.292Z,2026-05-12T23:52:44.340Z,55.8732795715332,2.287,,3.0,나쁨,심각한 악화 (나쁨-3),3.0,,0.0,0.0,0.0,0.8423,0.0727,48,48,computed_co2_regression,2.0,18.5,history,24.88116455078125,2026-04-12 23:52:45.292000+00:00,228.6666717529297,2026-04-13 08:52:45.292000+09:00,0.9158332824707032,0.1,1.286666717529297,3.0,0.5873279571533203,3.0,1.286666717529297,1.286666717529297
966.0,2026-04-12T23:52:52.136Z,2026-05-12T23:52:51.067Z,55.85515594482422,2.285,,3.0,나쁨,심각한 악화 (나쁨-3),3.0,,0.0,0.0,0.0,0.8468,0.0727,48,48,computed_co2_regression,2.0,18.5,history,24.88249969482422,2026-04-12 23:52:52.136000+00:00,228.5,2026-04-13 08:52:52.136000+09:00,0.915,0.1,1.285,3.0,0.5855155944824219,3.0,1.285,1.285
965.3333129882812,2026-04-12T23:52:58.033Z,2026-05-12T23:52:57.105Z,55.73976135253906,2.282,,3.0,나쁨,심각한 악화 (나쁨-3),3.0,,0.0,0.0,0.0,0.848,0.0718,48,48,computed_co2_regression,2.0,18.33333396911621,history,24.88249969482422,2026-04-12 23:52:58.033000+00:00,228.25,2026-04-13 08:52:58.033000+09:00,0.9133332824707031,0.09523811340332031,1.2825,3.0,0.5739761352539062,3.0,1.2825,1.2825
964.0,2026-04-12T23:53:04.080Z,2026-05-12T23:53:03.153Z,55.83226776123047,2.28,,3.0,나쁨,심각한 악화 (나쁨-3),3.0,,0.0,0.0,0.0,0.8458,0.0761,48,48,computed_co2_regression,2.0,18.33333396911621,history,24.86781311035156,2026-04-12 23:53:04.080000+00:00,228.0,2026-04-13 08:53:04.080000+09:00,0.91,0.09523811340332031,1.28,3.0,0.5832267761230469,3.0,1.28,1.28
961.6666870117188,2026-04-12T23:53:10.087Z,2026-05-12T23:53:09.097Z,55.952430725097656,2.278,,3.0,나쁨,심각한 악화 (나쁨-3),3.0,,0.0,0.0,0.0,0.8396,0.0804,48,48,computed_co2_regression,2.0,18.16666603088379,history,24.87582397460937,2026-04-12 23:53:10.087000+00:00,227.75,2026-04-13 08:53:10.087000+09:00,0.9041667175292969,0.0904761723109654,1.2775,3.0,0.5952430725097656,3.0,1.2775,1.2775
960.3333129882812,2026-04-12T23:53:16.879Z,2026-05-12T23:53:15.959Z,55.901885986328125,2.275,,3.0,나쁨,심각한 악화 (나쁨-3),3.0,,0.0,0.0,0.0,0.8302,0.0778,48,48,computed_co2_regression,2.0,18.0,history,24.891849517822266,2026-04-12 23:53:16.879000+00:00,227.5,2026-04-13 08:53:16.879000+09:00,0.9008332824707032,0.08571428571428572,1.275,3.0,0.5901885986328125,3.0,1.275,1.275
960.0,2026-04-12T23:53:22.683Z,2026-05-12T23:53:21.604Z,55.81605529785156,2.273,,3.0,나쁨,심각한 악화 (나쁨-3),3.0,,0.0,0.0,0.0,0.8187,0.0755,48,48,computed_co2_regression,2.0,17.83333396911621,history,24.89719009399414,2026-04-12 23:53:22.683000+00:00,227.25,2026-04-13 08:53:22.683000+09:00,0.9,0.08095239911760603,1.2725,3.0,0.5816055297851562,3.0,1.2725,1.2725
960.6666870117188,2026-04-12T23:53:28.527Z,2026-05-12T23:53:27.599Z,55.75120544433594,2.271,,3.0,나쁨,심각한 악화 (나쁨-3),3.0,,0.0,0.0,0.0,0.8051,0.0736,48,48,computed_co2_regression,2.0,17.83333396911621,history,24.8704833984375,2026-04-12 23:53:28.527000+00:00,227.0833282470703,2026-04-13 08:53:28.527000+09:00,0.9016667175292968,0.08095239911760603,1.2708332824707032,3.0,0.5751205444335937,3.0,1.2708332824707032,1.2708332824707032
961.0,2026-04-12T23:53:34.785Z,2026-05-12T23:53:33.813Z,55.68730926513672,2.269,,3.0,나쁨,심각한 악화 (나쁨-3),3.0,,0.0,0.0,0.0,0.7892,0.0655,48,48,computed_co2_regression,2.0,17.66666603088379,history,24.86113739013672,2026-04-12 23:53:34.785000+00:00,226.9166717529297,2026-04-13 08:53:34.785000+09:00,0.9025,0.07619045802525111,1.2691667175292969,3.0,0.5687309265136719,3.0,1.2691667175292969,1.2691667175292969
961.0,2026-04-12T23:53:42.349Z,2026-05-12T23:53:41.411Z,55.886627197265625,2.268,,3.0,나쁨,심각한 악화 (나쁨-3),3.0,,0.0,0.0,0.0,0.7704,0.0467,48,48,computed_co2_regression,2.0,17.5,history,24.890514373779297,2026-04-12 23:53:42.349000+00:00,226.75,2026-04-13 08:53:42.349000+09:00,0.9025,0.07142857142857142,1.2675,3.0,0.5886627197265625,3.0,1.2675,1.2675
961.3333129882812,2026-04-12T23:53:48.237Z,2026-05-12T23:53:47.160Z,56.15079879760742,2.267,,3.0,나쁨,심각한 악화 (나쁨-3),3.0,,0.0,0.0,0.0,0.7497,0.0324,48,48,computed_co2_regression,2.0,17.66666603088379,history,24.87716293334961,2026-04-12 23:53:48.237000+00:00,226.6666717529297,2026-04-13 08:53:48.237000+09:00,0.9033332824707031,0.07619045802525111,1.266666717529297,3.0,0.6150798797607422,3.0,1.266666717529297,1.266666717529297
963.6666870117188,2026-04-12T23:53:54.094Z,2026-05-12T23:53:53.159Z,55.665374755859375,2.266,,3.0,나쁨,심각한 악화 (나쁨-3),3.0,,0.0,0.0,0.0,0.7279,0.0209,48,48,computed_co2_regression,2.0,17.66666603088379,history,24.85980224609375,2026-04-12 23:53:54.094000+00:00,226.5833282470703,2026-04-13 08:53:54.094000+09:00,0.9091667175292969,0.07619045802525111,1.265833282470703,3.0,0.5665374755859375,3.0,1.265833282470703,1.265833282470703
967.6666870117188,2026-04-12T23:54:00.188Z,2026-05-12T23:53:59.210Z,55.44698333740234,2.266,,3.0,나쁨,심각한 악화 (나쁨-3),3.0,,0.0,0.0,0.0,0.7064,0.018,48,48,computed_co2_regression,2.0,17.83333396911621,history,24.87582397460937,2026-04-12 23:54:00.188000+00:00,226.5833282470703,2026-04-13 08:54:00.188000+09:00,0.9191667175292969,0.08095239911760603,1.265833282470703,3.0,0.5446983337402337,3.0,1.265833282470703,1.265833282470703
972.6666870117188,2026-04-12T23:54:07.178Z,2026-05-12T23:54:06.097Z,55.71401977539063,2.267,,3.0,나쁨,심각한 악화 (나쁨-3),3.0,,0.0,0.0,0.0,0.6852,0.0155,48,48,computed_co2_regression,2.0,17.83333396911621,history,24.893184661865234,2026-04-12 23:54:07.178000+00:00,226.6666717529297,2026-04-13 08:54:07.178000+09:00,0.9316667175292969,0.08095239911760603,1.266666717529297,3.0,0.5714019775390632,3.0,1.266666717529297,1.266666717529297
976.0,2026-04-12T23:54:13.148Z,2026-05-12T23:54:12.188Z,55.72164916992188,2.267,,3.0,나쁨,심각한 악화 (나쁨-3),3.0,,0.0,0.0,0.0,0.6638,0.0226,48,48,computed_co2_regression,2.0,18.16666603088379,history,24.87182235717773,2026-04-12 23:54:13.148000+00:00,226.6666717529297,2026-04-13 08:54:13.148000+09:00,0.94,0.0904761723109654,1.266666717529297,3.0,0.5721649169921882,3.0,1.266666717529297,1.266666717529297
977.6666870117188,2026-04-12T23:54:20.063Z,2026-05-12T23:54:18.997Z,55.660606384277344,2.267,,3.0,나쁨,심각한 악화 (나쁨-3),3.0,,0.0,0.0,0.0,0.6411,0.0359,48,48,computed_co2_regression,2.0,18.16666603088379,history,24.855796813964844,2026-04-12 23:54:20.063000+00:00,226.6666717529297,2026-04-13 08:54:20.063000+09:00,0.9441667175292969,0.0904761723109654,1.266666717529297,3.0,0.5660606384277344,3.0,1.266666717529297,1.266666717529297
977.3333129882812,2026-04-12T23:54:26.364Z,2026-05-12T23:54:25.290Z,55.62627410888672,2.267,,3.0,나쁨,심각한 악화 (나쁨-3),3.0,,0.0,0.0,0.0,0.6158,0.0525,48,48,computed_co2_regression,2.0,18.16666603088379,history,24.863807678222656,2026-04-12 23:54:26.364000+00:00,226.6666717529297,2026-04-13 08:54:26.364000+09:00,0.9433332824707031,0.0904761723109654,1.266666717529297,3.0,0.5626274108886719,3.0,1.266666717529297,1.266666717529297
975.6666870117188,2026-04-12T23:54:33.429Z,2026-05-12T23:54:32.347Z,55.71592330932617,2.268,,3.0,나쁨,심각한 악화 (나쁨-3),3.0,,0.0,0.0,0.0,0.5875,0.0802,48,48,computed_co2_regression,2.0,18.16666603088379,history,24.85713195800781,2026-04-12 23:54:33.429000+00:00,226.75,2026-04-13 08:54:33.429000+09:00,0.9391667175292969,0.0904761723109654,1.2675,3.0,0.5715923309326172,3.0,1.2675,1.2675
971.3333129882812,2026-04-12T23:54:39.107Z,2026-05-12T23:54:38.158Z,55.881866455078125,2.268,,3.0,나쁨,심각한 악화 (나쁨-3),3.0,,0.0,0.0,0.0,0.5544,0.1153,48,48,computed_co2_regression,2.0,18.16666603088379,history,24.85846710205078,2026-04-12 23:54:39.107000+00:00,226.8333282470703,2026-04-13 08:54:39.107000+09:00,0.9283332824707031,0.0904761723109654,1.2683332824707032,3.0,0.5881866455078125,3.0,1.2683332824707032,1.2683332824707032
966.3333129882812,2026-04-12T23:54:46.864Z,2026-05-12T23:54:45.551Z,55.99630737304688,2.269,,3.0,나쁨,심각한 악화 (나쁨-3),3.0,,0.0,0.0,0.0,0.515,0.1384,48,48,computed_co2_regression,2.0,18.0,history,24.86781311035156,2026-04-12 23:54:46.864000+00:00,226.9166717529297,2026-04-13 08:54:46.864000+09:00,0.9158332824707032,0.08571428571428572,1.2691667175292969,3.0,0.5996307373046882,3.0,1.2691667175292969,1.2691667175292969
962.3333129882812,2026-04-12T23:54:52.538Z,2026-05-12T23:54:51.593Z,56.05638885498047,2.269,,3.0,나쁨,심각한 악화 (나쁨-3),3.0,,0.0,0.0,0.0,0.4707,0.1252,48,48,computed_co2_regression,2.0,17.83333396911621,history,24.87582397460937,2026-04-12 23:54:52.538000+00:00,226.9166717529297,2026-04-13 08:54:52.538000+09:00,0.9058332824707032,0.08095239911760603,1.2691667175292969,3.0,0.6056388854980469,3.0,1.2691667175292969,1.2691667175292969
961.0,2026-04-12T23:54:58.687Z,2026-05-12T23:54:57.617Z,56.01251983642578,2.269,,3.0,나쁨,심각한 악화 (나쁨-3),3.0,,0.0,0.0,0.0,0.4239,0.0897,48,48,computed_co2_regression,2.0,17.66666603088379,history,24.87181854248047,2026-04-12 23:54:58.687000+00:00,226.9166717529297,2026-04-13 08:54:58.687000+09:00,0.9025,0.07619045802525111,1.2691667175292969,3.0,0.6012519836425781,3.0,1.2691667175292969,1.2691667175292969
961.3333129882812,2026-04-12T23:55:05.409Z,2026-05-12T23:55:04.485Z,55.70543670654297,2.268,,3.0,나쁨,심각한 악화 (나쁨-3),3.0,,0.0,0.0,0.0,0.3755,0.0432,48,48,computed_co2_regression,2.0,17.5,history,24.87982940673828,2026-04-12 23:55:05.409000+00:00,226.8333282470703,2026-04-13 08:55:05.409000+09:00,0.9033332824707031,0.07142857142857142,1.2683332824707032,3.0,0.5705436706542969,3.0,1.2683332824707032,1.2683332824707032
962.0,2026-04-12T23:55:11.561Z,2026-05-12T23:55:10.612Z,55.17137145996094,2.268,,3.0,나쁨,심각한 악화 (나쁨-3),3.0,,0.0,0.0,0.0,0.3267,0.0098,48,48,computed_co2_regression,2.0,17.5,history,24.91321182250977,2026-04-12 23:55:11.561000+00:00,226.75,2026-04-13 08:55:11.561000+09:00,0.905,0.07142857142857142,1.2675,3.0,0.5171371459960937,3.0,1.2675,1.2675
963.3333129882812,2026-04-12T23:55:18.384Z,2026-05-12T23:55:17.443Z,55.287723541259766,2.268,,3.0,나쁨,심각한 악화 (나쁨-3),3.0,,0.0,0.0,0.05,0.2768,0.0027,48,48,computed_co2_regression,2.0,17.5,history,24.921226501464844,2026-04-12 23:55:18.384000+00:00,226.75,2026-04-13 08:55:18.384000+09:00,0.9083332824707031,0.07142857142857142,1.2675,3.0,0.5287723541259766,3.0,1.2675,1.2675
964.3333129882812,2026-04-12T23:55:24.050Z,2026-05-12T23:55:23.092Z,55.91525268554688,2.267,,3.0,나쁨,심각한 악화 (나쁨-3),3.0,,0.0,0.0,0.164,0.2265,0.0353,48,48,computed_co2_regression,2.0,17.83333396911621,history,24.91321563720703,2026-04-12 23:55:24.050000+00:00,226.6666717529297,2026-04-13 08:55:24.050000+09:00,0.9108332824707032,0.08095239911760603,1.266666717529297,3.0,0.5915252685546882,3.0,1.266666717529297,1.266666717529297
965.3333129882812,2026-04-12T23:55:30.026Z,2026-05-12T23:55:29.082Z,56.07260894775391,2.267,,3.0,나쁨,심각한 악화 (나쁨-3),3.0,,0.0,0.0,0.266,0.1755,0.1102,48,48,computed_co2_regression,2.0,17.83333396911621,history,24.91321563720703,2026-04-12 23:55:30.026000+00:00,226.6666717529297,2026-04-13 08:55:30.026000+09:00,0.9133332824707031,0.08095239911760603,1.266666717529297,3.0,0.6072608947753914,3.0,1.266666717529297,1.266666717529297
966.0,2026-04-12T23:55:36.362Z,2026-05-12T23:55:35.362Z,56.00203704833984,2.267,,3.0,나쁨,심각한 악화 (나쁨-3),3.0,,0.0,0.0,0.328,0.1217,0.1837,48,48,computed_co2_regression,2.0,18.0,history,24.89719009399414,2026-04-12 23:55:36.362000+00:00,226.6666717529297,2026-04-13 08:55:36.362000+09:00,0.915,0.08571428571428572,1.266666717529297,3.0,0.6002037048339837,3.0,1.266666717529297,1.266666717529297
967.3333129882812,2026-04-12T23:55:42.071Z,2026-05-12T23:55:41.138Z,55.98487091064453,2.267,,3.0,나쁨,심각한 악화 (나쁨-3),3.0,,0.0,0.0,0.365,0.0654,0.2413,48,48,computed_co2_regression,2.0,18.16666603088379,history,24.89051055908203,2026-04-12 23:55:42.071000+00:00,226.6666717529297,2026-04-13 08:55:42.071000+09:00,0.9183332824707031,0.0904761723109654,1.266666717529297,3.0,0.5984870910644531,3.0,1.266666717529297,1.266666717529297
968.3333129882812,2026-04-12T23:55:49.511Z,2026-05-12T23:55:48.432Z,56.03160095214844,2.267,,3.0,나쁨,심각한 악화 (나쁨-3),3.0,,0.0,0.0,0.405,0.0182,0.3159,48,48,computed_co2_regression,2.0,18.16666603088379,history,24.88516998291016,2026-04-12 23:55:49.511000+00:00,226.6666717529297,2026-04-13 08:55:49.511000+09:00,0.9208332824707032,0.0904761723109654,1.266666717529297,3.0,0.6031600952148437,3.0,1.266666717529297,1.266666717529297
969.0,2026-04-12T23:55:55.664Z,2026-05-12T23:55:54.730Z,56.09263610839844,2.265,,2.999,나쁨,심각한 악화 (나쁨-3),2.999,,0.003,0.003,0.431,0.0001,0.3629,48,48,computed_co2_regression,2.0,18.0,history,24.890514373779297,2026-04-12 23:55:55.664000+00:00,226.6666717529297,2026-04-13 08:55:55.664000+09:00,0.9225,0.08571428571428572,1.266666717529297,2.9985,0.6092636108398437,2.9985,1.266666717529297,1.266666717529297
969.3333129882812,2026-04-12T23:56:01.758Z,2026-05-12T23:56:00.615Z,56.118385314941406,2.248,,2.981,나쁨,심각한 악화 (나쁨-3),2.981,,0.038,0.038,0.458,0.0114,0.4046,48,48,computed_co2_regression,2.0,17.83333396911621,history,24.91321563720703,2026-04-12 23:56:01.758000+00:00,226.6666717529297,2026-04-13 08:56:01.758000+09:00,0.9233332824707031,0.08095239911760603,1.266666717529297,2.981,0.6118385314941406,2.981,1.266666717529297,1.266666717529297
969.6666870117188,2026-04-12T23:56:08.381Z,2026-05-12T23:56:07.454Z,55.986778259277344,2.244,,2.976,나쁨,심각한 악화 (나쁨-3),2.976,,0.048,0.048,0.443,0.0185,0.3879,48,48,computed_co2_regression,2.0,17.83333396911621,history,24.918556213378903,2026-04-12 23:56:08.381000+00:00,226.75,2026-04-13 08:56:08.381000+09:00,0.9241667175292969,0.08095239911760603,1.2675,2.976,0.5986778259277343,2.976,1.2675,1.2675
970.0,2026-04-12T23:56:14.038Z,2026-05-12T23:56:13.108Z,55.90380859375,2.248,,2.98,나쁨,심각한 악화 (나쁨-3),2.98,,0.04,0.04,0.439,0.0128,0.3841,48,48,computed_co2_regression,2.0,17.66666603088379,history,24.917221069335938,2026-04-12 23:56:14.038000+00:00,226.8333282470703,2026-04-13 08:56:14.038000+09:00,0.925,0.07619045802525111,1.2683332824707032,2.98,0.590380859375,2.98,1.2683332824707032,1.2683332824707032
969.6666870117188,2026-04-12T23:56:20.592Z,2026-05-12T23:56:19.517Z,56.07833099365234,2.254,,2.985,나쁨,심각한 악화 (나쁨-3),2.985,,0.031,0.031,0.446,0.0079,0.3866,48,48,computed_co2_regression,2.0,17.33333396911621,history,24.90653610229492,2026-04-12 23:56:20.592000+00:00,226.9166717529297,2026-04-13 08:56:20.592000+09:00,0.9241667175292969,0.06666668483189174,1.2691667175292969,2.9845,0.6078330993652337,2.9845,1.2691667175292969,1.2691667175292969
970.0,2026-04-12T23:56:26.394Z,2026-05-12T23:56:25.470Z,56.25189971923828,2.258,,2.989,나쁨,심각한 악화 (나쁨-3),2.989,,0.022,0.022,0.49,0.0039,0.3979,48,48,computed_co2_regression,2.0,17.0,history,24.89318084716797,2026-04-12 23:56:26.394000+00:00,226.9166717529297,2026-04-13 08:56:26.394000+09:00,0.925,0.05714285714285714,1.2691667175292969,2.989,0.6251899719238281,2.989,1.2691667175292969,1.2691667175292969
970.6666870117188,2026-04-12T23:56:32.245Z,2026-05-12T23:56:31.322Z,56.22138214111328,2.263,,2.995,나쁨,심각한 악화 (나쁨-3),2.995,,0.01,0.01,0.558,0.0009,0.4025,48,48,computed_co2_regression,2.0,16.66666603088379,history,24.90653610229492,2026-04-12 23:56:32.245000+00:00,226.8333282470703,2026-04-13 08:56:32.245000+09:00,0.9266667175292969,0.04761902945382254,1.2683332824707032,2.995,0.6221382141113281,2.995,1.2683332824707032,1.2683332824707032
972.0,2026-04-12T23:56:38.289Z,2026-05-12T23:56:37.358Z,56.144134521484375,2.268,,3.0,나쁨,심각한 악화 (나쁨-3),3.0,,0.0,0.0,0.634,0.0011,0.4093,48,48,computed_co2_regression,2.0,16.5,history,24.90787124633789,2026-04-12 23:56:38.289000+00:00,226.75,2026-04-13 08:56:38.289000+09:00,0.93,0.04285714285714286,1.2675,3.0,0.6144134521484375,3.0,1.2675,1.2675
972.3333129882812,2026-04-12T23:56:44.331Z,2026-05-12T23:56:43.401Z,56.18418884277344,2.267,,3.0,나쁨,심각한 악화 (나쁨-3),3.0,,0.0,0.0,0.73,0.0128,0.4432,48,48,computed_co2_regression,2.0,16.5,history,24.91454696655273,2026-04-12 23:56:44.331000+00:00,226.6666717529297,2026-04-13 08:56:44.331000+09:00,0.9308332824707031,0.04285714285714286,1.266666717529297,3.0,0.6184188842773437,3.0,1.266666717529297,1.266666717529297
972.6666870117188,2026-04-12T23:56:51.386Z,2026-05-12T23:56:50.423Z,56.20707702636719,2.266,,3.0,나쁨,심각한 악화 (나쁨-3),3.0,,0.0,0.0,0.792,0.0432,0.4769,48,48,computed_co2_regression,2.0,16.83333396911621,history,24.918556213378903,2026-04-12 23:56:51.386000+00:00,226.5833282470703,2026-04-13 08:56:51.386000+09:00,0.9316667175292969,0.052380970546177456,1.265833282470703,3.0,0.6207077026367187,3.0,1.265833282470703,1.265833282470703
972.6666870117188,2026-04-12T23:56:57.370Z,2026-05-12T23:56:56.286Z,56.21375274658203,2.265,,3.0,나쁨,심각한 악화 (나쁨-3),3.0,,0.0,0.0,0.821,0.0872,0.5023,48,48,computed_co2_regression,2.0,17.33333396911621,history,24.91321563720703,2026-04-12 23:56:57.370000+00:00,226.5,2026-04-13 08:56:57.370000+09:00,0.9316667175292969,0.06666668483189174,1.265,3.0,0.6213752746582031,3.0,1.265,1.265
972.6666870117188,2026-04-12T23:57:03.083Z,2026-05-12T23:57:02.155Z,56.26239013671875,2.264,,3.0,나쁨,심각한 악화 (나쁨-3),3.0,,0.0,0.0,0.779,0.1331,0.4615,48,48,computed_co2_regression,2.0,17.83333396911621,history,24.92523193359375,2026-04-12 23:57:03.083000+00:00,226.4166717529297,2026-04-13 08:57:03.083000+09:00,0.9316667175292969,0.08095239911760603,1.2641667175292968,3.0,0.626239013671875,3.0,1.2641667175292968,1.2641667175292968
972.0,2026-04-12T23:57:09.878Z,2026-05-12T23:57:08.937Z,56.26525115966797,2.263,,3.0,나쁨,심각한 악화 (나쁨-3),3.0,,0.0,0.0,0.695,0.1717,0.3579,48,48,computed_co2_regression,2.0,18.5,history,24.92256164550781,2026-04-12 23:57:09.878000+00:00,226.3333282470703,2026-04-13 08:57:09.878000+09:00,0.93,0.1,1.263333282470703,3.0,0.6265251159667968,3.0,1.263333282470703,1.263333282470703
971.3333129882812,2026-04-12T23:57:16.806Z,2026-05-12T23:57:15.727Z,56.2080307006836,2.263,,3.0,나쁨,심각한 악화 (나쁨-3),3.0,,0.0,0.0,0.613,0.2006,0.2645,48,48,computed_co2_regression,2.0,18.66666603088379,history,24.931907653808597,2026-04-12 23:57:16.806000+00:00,226.25,2026-04-13 08:57:16.806000+09:00,0.9283332824707031,0.10476188659667969,1.2625,3.0,0.6208030700683601,3.0,1.2625,1.2625
970.3333129882812,2026-04-12T23:57:22.655Z,2026-05-12T23:57:21.576Z,56.156532287597656,2.262,,3.0,나쁨,심각한 악화 (나쁨-3),3.0,,0.0,0.0,0.52,0.2177,0.1822,48,48,computed_co2_regression,2.0,18.66666603088379,history,24.92389678955078,2026-04-12 23:57:22.655000+00:00,226.1666717529297,2026-04-13 08:57:22.655000+09:00,0.9258332824707032,0.10476188659667969,1.2616667175292968,3.0,0.6156532287597656,3.0,1.2616667175292968,1.2616667175292968
969.3333129882812,2026-04-12T23:57:28.784Z,2026-05-12T23:57:27.705Z,56.11933898925781,2.261,,3.0,나쁨,심각한 악화 (나쁨-3),3.0,,0.0,0.0,0.44,0.2239,0.1305,48,48,computed_co2_regression,2.0,18.33333396911621,history,24.921226501464844,2026-04-12 23:57:28.784000+00:00,226.0833282470703,2026-04-13 08:57:28.784000+09:00,0.9233332824707031,0.09523811340332031,1.2608332824707031,3.0,0.6119338989257812,3.0,1.2608332824707031,1.2608332824707031
967.6666870117188,2026-04-12T23:57:36.285Z,2026-05-12T23:57:35.132Z,56.11170959472656,2.26,,3.0,나쁨,심각한 악화 (나쁨-3),3.0,,0.0,0.0,0.346,0.2183,0.0818,48,48,computed_co2_regression,2.0,18.33333396911621,history,24.942588806152344,2026-04-12 23:57:36.285000+00:00,226.0,2026-04-13 08:57:36.285000+09:00,0.9191667175292969,0.09523811340332031,1.26,3.0,0.6111709594726562,3.0,1.26,1.26
966.6666870117188,2026-04-12T23:57:42.039Z,2026-05-12T23:57:41.115Z,56.22615051269531,2.26,,3.0,나쁨,심각한 악화 (나쁨-3),3.0,,0.0,0.0,0.278,0.2055,0.0546,48,48,computed_co2_regression,2.0,18.0,history,24.939918518066406,2026-04-12 23:57:42.039000+00:00,226.0,2026-04-13 08:57:42.039000+09:00,0.9166667175292968,0.08571428571428572,1.26,3.0,0.6226150512695312,3.0,1.26,1.26
966.0,2026-04-12T23:57:48.853Z,2026-05-12T23:57:47.773Z,56.31198120117188,2.26,,3.0,나쁨,심각한 악화 (나쁨-3),3.0,,0.0,0.0,0.25,0.1864,0.0451,48,48,computed_co2_regression,2.0,17.5,history,24.949264526367188,2026-04-12 23:57:48.853000+00:00,226.0,2026-04-13 08:57:48.853000+09:00,0.915,0.07142857142857142,1.26,3.0,0.6311981201171882,3.0,1.26,1.26
967.6666870117188,2026-04-12T23:57:56.092Z,2026-05-12T23:57:55.000Z,56.13364410400391,2.26,,3.0,나쁨,심각한 악화 (나쁨-3),3.0,,0.0,0.0,0.232,0.1767,0.0398,48,48,computed_co2_regression,2.0,17.33333396911621,history,24.954605102539062,2026-04-12 23:57:56.092000+00:00,226.0,2026-04-13 08:57:56.092000+09:00,0.9191667175292969,0.06666668483189174,1.26,3.0,0.6133644104003914,3.0,1.26,1.26
969.3333129882812,2026-04-12T23:58:02.032Z,2026-05-12T23:58:01.092Z,56.07260894775391,2.26,,3.0,나쁨,심각한 악화 (나쁨-3),3.0,,0.0,0.0,0.224,0.1728,0.0374,48,48,computed_co2_regression,2.0,17.33333396911621,history,24.93858337402344,2026-04-12 23:58:02.032000+00:00,226.0,2026-04-13 08:58:02.032000+09:00,0.9233332824707031,0.06666668483189174,1.26,3.0,0.6072608947753914,3.0,1.26,1.26
971.3333129882812,2026-04-12T23:58:08.874Z,2026-05-12T23:58:07.932Z,56.391143798828125,2.26,,3.0,나쁨,심각한 악화 (나쁨-3),3.0,,0.0,0.0,0.212,0.1715,0.0341,48,48,computed_co2_regression,2.0,17.33333396911621,history,24.94525909423828,2026-04-12 23:58:08.874000+00:00,226.0,2026-04-13 08:58:08.874000+09:00,0.9283332824707031,0.06666668483189174,1.26,3.0,0.6391143798828125,3.0,1.26,1.26
972.6666870117188,2026-04-12T23:58:15.339Z,2026-05-12T23:58:14.407Z,56.43501281738281,2.26,,3.0,나쁨,심각한 악화 (나쁨-3),3.0,,0.0,0.0,0.225,0.164,0.0379,48,48,computed_co2_regression,2.0,17.16666603088379,history,24.94525909423828,2026-04-12 23:58:15.339000+00:00,226.0,2026-04-13 08:58:15.339000+09:00,0.9316667175292969,0.06190474373953683,1.26,3.0,0.6435012817382812,3.0,1.26,1.26
975.3333129882812,2026-04-12T23:58:21.273Z,2026-05-12T23:58:20.154Z,56.170841217041016,2.26,,3.0,나쁨,심각한 악화 (나쁨-3),3.0,,0.0,0.0,0.249,0.1605,0.0453,48,48,computed_co2_regression,2.0,17.16666603088379,history,24.917221069335938,2026-04-12 23:58:21.273000+00:00,226.0,2026-04-13 08:58:21.273000+09:00,0.9383332824707031,0.06190474373953683,1.26,3.0,0.6170841217041015,3.0,1.26,1.26
978.3333129882812,2026-04-12T23:58:27.115Z,2026-05-12T23:58:26.180Z,56.00775909423828,2.26,,3.0,나쁨,심각한 악화 (나쁨-3),3.0,,0.0,0.0,0.283,0.1637,0.0574,48,48,computed_co2_regression,2.0,17.16666603088379,history,24.91455078125,2026-04-12 23:58:27.115000+00:00,226.0,2026-04-13 08:58:27.115000+09:00,0.9458332824707031,0.06190474373953683,1.26,3.0,0.6007759094238281,3.0,1.26,1.26
980.3333129882812,2026-04-12T23:58:33.242Z,2026-05-12T23:58:32.171Z,55.925743103027344,2.26,,3.0,나쁨,심각한 악화 (나쁨-3),3.0,,0.0,0.0,0.315,0.1726,0.0697,48,48,computed_co2_regression,2.0,17.16666603088379,history,24.917221069335938,2026-04-12 23:58:33.242000+00:00,226.0,2026-04-13 08:58:33.242000+09:00,0.9508332824707031,0.06190474373953683,1.26,3.0,0.5925743103027343,3.0,1.26,1.26
980.0,2026-04-12T23:58:39.149Z,2026-05-12T23:58:38.217Z,55.84849548339844,2.261,,3.0,나쁨,심각한 악화 (나쁨-3),3.0,,0.0,0.0,0.388,0.1791,0.0996,48,48,computed_co2_regression,2.0,16.83333396911621,history,24.917221069335938,2026-04-12 23:58:39.149000+00:00,226.0833282470703,2026-04-13 08:58:39.149000+09:00,0.95,0.052380970546177456,1.2608332824707031,3.0,0.5848495483398437,3.0,1.2608332824707031,1.2608332824707031
978.0,2026-04-12T23:58:45.278Z,2026-05-12T23:58:44.148Z,55.729286193847656,2.261,,3.0,나쁨,심각한 악화 (나쁨-3),3.0,,0.0,0.0,0.458,0.1768,0.1342,48,48,computed_co2_regression,2.0,17.0,history,24.929237365722656,2026-04-12 23:58:45.278000+00:00,226.0833282470703,2026-04-13 08:58:45.278000+09:00,0.945,0.05714285714285714,1.2608332824707031,3.0,0.5729286193847656,3.0,1.2608332824707031,1.2608332824707031
973.0,2026-04-12T23:58:51.202Z,2026-05-12T23:58:50.278Z,55.59099578857422,2.261,,3.0,나쁨,심각한 악화 (나쁨-3),3.0,,0.0,0.0,0.497,0.1517,0.1556,48,48,computed_co2_regression,2.0,17.16666603088379,history,24.93858337402344,2026-04-12 23:58:51.202000+00:00,226.0833282470703,2026-04-13 08:58:51.202000+09:00,0.9325,0.06190474373953683,1.2608332824707031,3.0,0.5590995788574219,3.0,1.2608332824707031,1.2608332824707031
967.6666870117188,2026-04-12T23:58:58.385Z,2026-05-12T23:58:57.455Z,55.45842742919922,2.261,,3.0,나쁨,심각한 악화 (나쁨-3),3.0,,0.0,0.0,0.507,0.1065,0.1616,48,48,computed_co2_regression,2.0,17.5,history,24.95059967041016,2026-04-12 23:58:58.385000+00:00,226.0833282470703,2026-04-13 08:58:58.385000+09:00,0.9191667175292969,0.07142857142857142,1.2608332824707031,3.0,0.5458427429199219,3.0,1.2608332824707031,1.2608332824707031
960.3333129882812,2026-04-12T23:59:04.128Z,2026-05-12T23:59:03.209Z,55.323001861572266,2.261,,3.0,나쁨,심각한 악화 (나쁨-3),3.0,,0.0,0.0,0.462,0.0495,0.1329,48,48,computed_co2_regression,2.0,18.0,history,24.94525909423828,2026-04-12 23:59:04.128000+00:00,226.0833282470703,2026-04-13 08:59:04.128000+09:00,0.9008332824707032,0.08571428571428572,1.2608332824707031,3.0,0.5323001861572265,3.0,1.2608332824707031,1.2608332824707031
954.3333129882812,2026-04-12T23:59:10.579Z,2026-05-12T23:59:09.431Z,55.28962707519531,2.261,,3.0,나쁨,심각한 악화 (나쁨-3),3.0,,0.0,0.0,0.416,0.0135,0.1073,48,48,computed_co2_regression,2.0,18.0,history,24.954605102539062,2026-04-12 23:59:10.579000+00:00,226.0833282470703,2026-04-13 08:59:10.579000+09:00,0.8858332824707031,0.08571428571428572,1.2608332824707031,3.0,0.5289627075195312,3.0,1.2608332824707031,1.2608332824707031
943.6666870117188,2026-04-12T23:59:17.301Z,2026-05-12T23:59:16.359Z,55.3735580444336,2.258,,2.997,나쁨,심각한 악화 (나쁨-3),2.997,,0.006,0.006,0.316,0.0002,0.061,48,48,computed_co2_regression,2.0,18.33333396911621,history,24.9786376953125,2026-04-12 23:59:17.301000+00:00,226.0833282470703,2026-04-13 08:59:17.301000+09:00,0.8591667175292969,0.09523811340332031,1.2608332824707031,2.997,0.5373558044433601,2.997,1.2608332824707031,1.2608332824707031
931.3333129882812,2026-04-12T23:59:23.061Z,2026-05-12T23:59:22.133Z,55.39739990234375,2.218,,2.957,나쁨,심각한 악화 (나쁨-3),2.957,,0.086,0.086,0.23,0.0181,0.0322,48,48,computed_co2_regression,2.0,18.16666603088379,history,24.99332427978516,2026-04-12 23:59:23.061000+00:00,226.0833282470703,2026-04-13 08:59:23.061000+09:00,0.8283332824707031,0.0904761723109654,1.2608332824707031,2.957,0.539739990234375,2.957,1.2608332824707031,1.2608332824707031
918.3333129882812,2026-04-12T23:59:29.225Z,2026-05-12T23:59:28.151Z,55.38309097290039,2.162,,2.901,나쁨,심각한 악화 (나쁨-3),2.901,,0.198,0.198,0.17,0.0555,0.018,48,48,computed_co2_regression,2.0,17.83333396911621,history,25.014686584472656,2026-04-12 23:59:29.225000+00:00,226.0833282470703,2026-04-13 08:59:29.225000+09:00,0.7958332824707032,0.08095239911760603,1.2608332824707031,2.901,0.5383090972900391,2.901,1.2608332824707031,1.2608332824707031
908.3333129882812,2026-04-12T23:59:35.565Z,2026-05-12T23:59:34.624Z,55.36592864990234,2.092,,2.831,나쁨,심각한 악화 (나쁨-3),2.831,,0.338,0.338,0.137,0.1004,0.0119,48,48,computed_co2_regression,2.0,17.5,history,25.028038024902344,2026-04-12 23:59:35.565000+00:00,226.0833282470703,2026-04-13 08:59:35.565000+09:00,0.7708332824707032,0.07142857142857142,1.2608332824707031,2.831,0.5365928649902336,2.831,1.2608332824707031,1.2608332824707031
901.0,2026-04-12T23:59:41.665Z,2026-05-12T23:59:40.738Z,55.32015228271485,2.008,,2.748,나쁨,심각한 악화 (나쁨-3),2.748,,0.504,0.504,0.102,0.1512,0.0067,48,48,computed_co2_regression,2.0,17.5,history,25.028038024902344,2026-04-12 23:59:41.665000+00:00,226.0,2026-04-13 08:59:41.665000+09:00,0.7525,0.07142857142857142,1.26,2.748,0.5320152282714851,2.748,1.26,1.26
892.3333129882812,2026-04-12T23:59:47.557Z,2026-05-12T23:59:46.626Z,55.30870819091797,1.924,,2.665,나쁨,중간수준 악화 (나쁨-2),2.665,,0.67,0.67,0.079,0.2016,0.0042,49,49,computed_co2_regression,2.0,17.83333396911621,history,25.014686584472656,2026-04-12 23:59:47.557000+00:00,225.9166717529297,2026-04-13 08:59:47.557000+09:00,0.7308332824707031,0.08095239911760603,1.2591667175292969,2.665,0.5308708190917969,2.665,1.2591667175292969,1.2591667175292969
885.0,2026-04-12T23:59:53.499Z,2026-05-12T23:59:52.579Z,55.28582000732422,1.796,,2.539,나쁨,중간수준 악화 (나쁨-2),2.539,,0.923,0.923,0.001,0.2674,0.0,48,48,computed_co2_regression,2.0,18.0,history,25.02670288085937,2026-04-12 23:59:53.499000+00:00,225.75,2026-04-13 08:59:53.499000+09:00,0.7125,0.08571428571428572,1.2575,2.5385,0.5285820007324219,2.5385,1.2575,1.2575
877.3333129882812,2026-04-13T00:00:00.955Z,2026-05-13T00:00:00.018Z,55.24481201171875,1.674,,2.418,나쁨,중간수준 악화 (나쁨-2),2.418,,1.165,1.165,0.0,0.3266,0.0015,48,48,computed_co2_regression,2.0,18.16666603088379,history,25.040054321289062,2026-04-13 00:00:00.955000+00:00,225.6666717529297,2026-04-13 09:00:00.955000+09:00,0.6933332824707031,0.0904761723109654,1.256666717529297,2.4175,0.524481201171875,2.4175,1.256666717529297,1.256666717529297
871.0,2026-04-13T00:00:07.456Z,2026-05-13T00:00:06.525Z,55.20380401611328,1.548,,2.293,나쁨,중간수준 악화 (나쁨-2),2.293,,1.415,1.415,0.0,0.3821,0.0056,48,48,computed_co2_regression,2.0,18.33333396911621,history,25.042724609375,2026-04-13 00:00:07.456000+00:00,225.5833282470703,2026-04-13 09:00:07.456000+09:00,0.6775,0.09523811340332031,1.255833282470703,2.2925,0.5203804016113281,2.2925,1.255833282470703,1.255833282470703
865.0,2026-04-13T00:00:13.681Z,2026-05-13T00:00:12.580Z,55.131324768066406,1.419,,2.165,나쁨,중간수준 악화 (나쁨-2),2.165,,1.671,1.671,0.0,0.4334,0.0116,48,48,computed_co2_regression,2.0,18.33333396911621,history,25.070762634277344,2026-04-13 00:00:13.681000+00:00,225.5,2026-04-13 09:00:13.681000+09:00,0.6625,0.09523811340332031,1.255,2.1645,0.5131324768066406,2.1645,1.255,1.255
860.3333129882812,2026-04-13T00:00:20.233Z,2026-05-13T00:00:19.150Z,55.07124328613281,1.291,,2.037,나쁨,중간수준 악화 (나쁨-2),2.037,,1.926,1.926,0.0,0.4808,0.0141,48,48,computed_co2_regression,2.0,18.0,history,25.08678436279297,2026-04-13 00:00:20.233000+00:00,225.4166717529297,2026-04-13 09:00:20.233000+09:00,0.6508332824707032,0.08571428571428572,1.254166717529297,2.037,0.5071243286132813,2.037,1.254166717529297,1.254166717529297
857.6666870117188,2026-04-13T00:00:26.159Z,2026-05-13T00:00:25.079Z,55.01783752441406,1.166,,1.913,나쁨,중간수준 악화 (나쁨-2),1.913,,2.175,2.175,0.0,0.525,0.0168,48,48,computed_co2_regression,2.0,17.66666603088379,history,25.08544921875,2026-04-13 00:00:26.159000+00:00,225.3333282470703,2026-04-13 09:00:26.159000+09:00,0.6441667175292969,0.07619045802525111,1.253333282470703,1.9125,0.5017837524414063,1.9125,1.253333282470703,1.253333282470703
856.3333129882812,2026-04-13T00:00:32.167Z,2026-05-13T00:00:31.251Z,54.93772888183594,1.047,,1.794,나쁨,중간수준 악화 (나쁨-2),1.794,,2.412,2.412,0.0,0.5665,0.0117,48,48,computed_co2_regression,2.0,17.16666603088379,history,25.09346008300781,2026-04-13 00:00:32.167000+00:00,225.25,2026-04-13 09:00:32.167000+09:00,0.6408332824707031,0.06190474373953683,1.2525,1.794,0.49377288818359377,1.794,1.2525,1.2525
856.0,2026-04-13T00:00:38.181Z,2026-05-13T00:00:37.222Z,54.88909149169922,0.935,,1.683,나쁨,경미한 악화 (나쁨-1),1.683,,2.634,2.634,0.0,0.6054,0.0059,48,48,computed_co2_regression,2.0,16.83333396911621,history,25.11749267578125,2026-04-13 00:00:38.181000+00:00,225.1666717529297,2026-04-13 09:00:38.181000+09:00,0.64,0.052380970546177456,1.2516667175292968,1.683,0.4889091491699219,1.683,1.2516667175292968,1.2516667175292968
855.6666870117188,2026-04-13T00:00:44.298Z,2026-05-13T00:00:43.210Z,54.856666564941406,0.829,,1.579,나쁨,경미한 악화 (나쁨-1),1.579,,2.842,2.842,0.0,0.6411,0.0025,48,48,computed_co2_regression,2.0,16.66666603088379,history,25.13885498046875,2026-04-13 00:00:44.298000+00:00,225.0,2026-04-13 09:00:44.298000+09:00,0.6391667175292969,0.04761902945382254,1.25,1.579,0.48566665649414065,1.579,1.25,1.25
855.3333129882812,2026-04-13T00:00:50.198Z,2026-05-13T00:00:49.271Z,54.80516815185547,0.785,,1.537,나쁨,경미한 악화 (나쁨-1),1.537,,2.926,2.926,0.012,0.6624,0.0001,49,49,computed_co2_regression,2.0,16.66666603088379,history,25.12950897216797,2026-04-13 00:00:50.198000+00:00,224.8333282470703,2026-04-13 09:00:50.198000+09:00,0.6383332824707031,0.04761902945382254,1.2483332824707032,1.537,0.4805168151855469,1.537,1.2483332824707032,1.2483332824707032
855.0,2026-04-13T00:00:57.432Z,2026-05-13T00:00:56.343Z,54.74317932128906,0.645,,1.397,나쁨,경미한 악화 (나쁨-1),1.397,,3.206,3.206,0.0,0.7034,0.0004,48,48,computed_co2_regression,2.0,17.0,history,25.11749267578125,2026-04-13 00:00:57.432000+00:00,224.75,2026-04-13 09:00:57.432000+09:00,0.6375,0.05714285714285714,1.2475,1.397,0.47431793212890627,1.397,1.2475,1.2475
855.0,2026-04-13T00:01:05.721Z,2026-05-13T00:01:04.744Z,54.69740295410156,0.565,,1.319,나쁨,경미한 악화 (나쁨-1),1.319,,3.363,3.363,0.0,0.7311,0.0006,48,48,computed_co2_regression,2.0,17.33333396911621,history,25.12683868408203,2026-04-13 00:01:05.721000+00:00,224.6666717529297,2026-04-13 09:01:05.721000+09:00,0.6375,0.06666668483189174,1.246666717529297,1.3185,0.46974029541015627,1.3185,1.246666717529297,1.246666717529297
855.0,2026-04-13T00:01:11.617Z,2026-05-13T00:01:10.690Z,54.65924835205078,0.494,,1.248,나쁨,경미한 악화 (나쁨-1),1.248,,3.504,3.504,0.0,0.7558,0.0037,48,48,computed_co2_regression,2.0,17.83333396911621,history,25.153541564941406,2026-04-13 00:01:11.617000+00:00,224.5833282470703,2026-04-13 09:01:11.617000+09:00,0.6375,0.08095239911760603,1.245833282470703,1.248,0.4659248352050781,1.248,1.245833282470703,1.245833282470703
855.0,2026-04-13T00:01:18.788Z,2026-05-13T00:01:17.690Z,54.617279052734375,0.43,,1.245,나쁨,경미한 악화 (나쁨-1),1.245,,3.63,3.63,0.0,0.778,0.0094,48,48,computed_co2_regression,2.0,18.0,history,25.15487670898437,2026-04-13 00:01:18.788000+00:00,224.5,2026-04-13 09:01:18.788000+09:00,0.6375,0.08571428571428572,1.245,1.185,0.4617279052734375,1.245,1.245,1.245
855.0,2026-04-13T00:01:24.684Z,2026-05-13T00:01:23.706Z,54.57055282592773,0.373,,1.244,나쁨,경미한 악화 (나쁨-1),1.244,,3.742,3.742,0.0,0.7978,0.0123,48,48,computed_co2_regression,2.0,18.0,history,25.165557861328125,2026-04-13 00:01:24.684000+00:00,224.4166717529297,2026-04-13 09:01:24.684000+09:00,0.6375,0.08571428571428572,1.244166717529297,1.129,0.4570552825927727,1.244166717529297,1.244166717529297,1.244166717529297
855.3333129882812,2026-04-13T00:01:30.627Z,2026-05-13T00:01:29.701Z,54.50951766967773,0.324,,1.243,나쁨,경미한 악화 (나쁨-1),1.243,,3.838,3.838,0.0,0.815,0.0106,48,48,computed_co2_regression,2.0,18.0,history,25.20160675048828,2026-04-13 00:01:30.627000+00:00,224.3333282470703,2026-04-13 09:01:30.627000+09:00,0.6383332824707031,0.08571428571428572,1.243333282470703,1.081,0.4509517669677727,1.243333282470703,1.243333282470703,1.243333282470703
855.6666870117188,2026-04-13T00:01:36.590Z,2026-05-13T00:01:35.646Z,54.50951766967773,0.283,,1.243,나쁨,경미한 악화 (나쁨-1),1.243,,3.919,3.919,0.0,0.8292,0.0039,48,48,computed_co2_regression,2.0,17.83333396911621,history,25.20160675048828,2026-04-13 00:01:36.590000+00:00,224.25,2026-04-13 09:01:36.590000+09:00,0.6391667175292969,0.08095239911760603,1.2425,1.0405,0.4509517669677727,1.2425,1.2425,1.2425
856.0,2026-04-13T00:01:42.652Z,2026-05-13T00:01:41.711Z,54.468509674072266,0.251,,1.242,나쁨,경미한 악화 (나쁨-1),1.242,,3.982,3.982,0.021,0.84,0.0003,48,48,computed_co2_regression,2.0,17.5,history,25.19092559814453,2026-04-13 00:01:42.652000+00:00,224.1666717529297,2026-04-13 09:01:42.652000+09:00,0.64,0.07142857142857142,1.2416667175292968,1.009,0.4468509674072266,1.2416667175292968,1.2416667175292968,1.2416667175292968
856.0,2026-04-13T00:01:49.597Z,2026-05-13T00:01:48.665Z,54.40270614624024,0.24,,1.24,나쁨,경미한 악화 (나쁨-1),1.24,,4.029,4.029,0.159,0.8482,0.0162,48,48,computed_co2_regression,2.0,17.16666603088379,history,25.19359588623047,2026-04-13 00:01:49.597000+00:00,224.0,2026-04-13 09:01:49.597000+09:00,0.64,0.06190474373953683,1.24,0.9855,0.44027061462402417,1.24,1.24,1.24
856.3333129882812,2026-04-13T00:01:55.561Z,2026-05-13T00:01:54.618Z,54.4027099609375,0.238,,1.238,나쁨,경미한 악화 (나쁨-1),1.238,,4.058,4.058,0.269,0.8533,0.0477,48,48,computed_co2_regression,2.0,17.16666603088379,history,25.21228790283203,2026-04-13 00:01:55.561000+00:00,223.8333282470703,2026-04-13 09:01:55.561000+09:00,0.6408332824707031,0.06190474373953683,1.2383332824707032,0.9710000000000001,0.44027099609375,1.2383332824707032,1.2383332824707032,1.2383332824707032
857.0,2026-04-13T00:02:01.558Z,2026-05-13T00:02:00.604Z,54.3721923828125,0.238,,1.238,나쁨,경미한 악화 (나쁨-1),1.238,,4.072,4.072,0.307,0.8557,0.0628,48,48,computed_co2_regression,2.0,17.5,history,25.23498916625977,2026-04-13 00:02:01.558000+00:00,223.75,2026-04-13 09:02:01.558000+09:00,0.6425,0.07142857142857142,1.2375,0.964,0.43721923828125,1.2375,1.2375,1.2375
858.0,2026-04-13T00:02:09.876Z,2026-05-13T00:02:08.947Z,54.325462341308594,0.237,,1.237,나쁨,경미한 악화 (나쁨-1),1.237,,4.066,4.066,0.289,0.8547,0.0558,48,48,computed_co2_regression,2.0,17.66666603088379,history,25.25635528564453,2026-04-13 00:02:09.876000+00:00,223.6666717529297,2026-04-13 09:02:09.876000+09:00,0.645,0.07619045802525111,1.236666717529297,0.9670000000000001,0.43254623413085935,1.236666717529297,1.236666717529297,1.236666717529297
859.0,2026-04-13T00:02:16.549Z,2026-05-13T00:02:15.453Z,54.28254699707031,0.236,,1.236,나쁨,경미한 악화 (나쁨-1),1.236,,4.042,4.042,0.187,0.8506,0.0245,48,48,computed_co2_regression,2.0,18.0,history,25.261695861816406,2026-04-13 00:02:16.549000+00:00,223.5833282470703,2026-04-13 09:02:16.549000+09:00,0.6475,0.08571428571428572,1.2358332824707032,0.9790000000000001,0.42825469970703123,1.2358332824707032,1.2358332824707032,1.2358332824707032
860.0,2026-04-13T00:02:22.697Z,2026-05-13T00:02:21.608Z,54.22055816650391,0.235,,1.235,나쁨,경미한 악화 (나쁨-1),1.235,,4.001,4.001,0.057,0.8434,0.0024,48,48,computed_co2_regression,2.0,18.16666603088379,history,25.26837158203125,2026-04-13 00:02:22.697000+00:00,223.5,2026-04-13 09:02:22.697000+09:00,0.65,0.0904761723109654,1.235,0.9994999999999998,0.4220558166503913,1.235,1.235,1.235
861.0,2026-04-13T00:02:28.532Z,2026-05-13T00:02:27.589Z,54.182411193847656,0.26,,1.234,나쁨,경미한 악화 (나쁨-1),1.234,,3.948,3.948,0.0,0.8335,0.0044,48,48,computed_co2_regression,2.0,18.16666603088379,history,25.29774475097656,2026-04-13 00:02:28.532000+00:00,223.4166717529297,2026-04-13 09:02:28.532000+09:00,0.6525,0.0904761723109654,1.234166717529297,1.026,0.4182411193847656,1.234166717529297,1.234166717529297,1.234166717529297
862.0,2026-04-13T00:02:34.571Z,2026-05-13T00:02:33.583Z,54.15093994140625,0.292,,1.233,나쁨,경미한 악화 (나쁨-1),1.233,,3.883,3.883,0.0,0.8208,0.0299,48,48,computed_co2_regression,2.0,18.33333396911621,history,25.30976104736328,2026-04-13 00:02:34.571000+00:00,223.3333282470703,2026-04-13 09:02:34.571000+09:00,0.655,0.09523811340332031,1.233333282470703,1.0585,0.415093994140625,1.233333282470703,1.233333282470703,1.233333282470703
863.0,2026-04-13T00:02:40.698Z,2026-05-13T00:02:39.754Z,54.08513641357422,0.331,,1.233,나쁨,경미한 악화 (나쁨-1),1.233,,3.803,3.803,0.0,0.8053,0.0778,48,48,computed_co2_regression,2.0,18.33333396911621,history,25.30175018310547,2026-04-13 00:02:40.698000+00:00,223.25,2026-04-13 09:02:40.698000+09:00,0.6575,0.09523811340332031,1.2325,1.0985,0.40851364135742185,1.2325,1.2325,1.2325
863.6666870117188,2026-04-13T00:02:46.688Z,2026-05-13T00:02:45.756Z,54.01074981689453,0.375,,1.232,나쁨,경미한 악화 (나쁨-1),1.232,,3.713,3.713,0.0,0.7871,0.1257,48,48,computed_co2_regression,2.0,18.33333396911621,history,25.31243133544922,2026-04-13 00:02:46.688000+00:00,223.1666717529297,2026-04-13 09:02:46.688000+09:00,0.6591667175292969,0.09523811340332031,1.2316667175292968,1.1435,0.4010749816894531,1.2316667175292968,1.2316667175292968,1.2316667175292968
864.6666870117188,2026-04-13T00:02:52.742Z,2026-05-13T00:02:51.645Z,53.99835205078125,0.426,,1.23,나쁨,경미한 악화 (나쁨-1),1.23,,3.609,3.609,0.0,0.7658,0.1446,48,48,computed_co2_regression,2.0,18.16666603088379,history,25.33112335205078,2026-04-13 00:02:52.742000+00:00,223.0,2026-04-13 09:02:52.742000+09:00,0.6616667175292968,0.0904761723109654,1.23,1.1955,0.399835205078125,1.23,1.23,1.23
865.3333129882812,2026-04-13T00:02:59.193Z,2026-05-13T00:02:58.203Z,53.979278564453125,0.486,,1.258,나쁨,경미한 악화 (나쁨-1),1.258,,3.484,3.484,0.0,0.7407,0.1541,48,48,computed_co2_regression,2.0,18.16666603088379,history,25.327117919921875,2026-04-13 00:02:59.193000+00:00,222.8333282470703,2026-04-13 09:02:59.193000+09:00,0.6633332824707031,0.0904761723109654,1.2283332824707032,1.258,0.3979278564453125,1.258,1.2283332824707032,1.2283332824707032
866.3333129882812,2026-04-13T00:03:06.026Z,2026-05-13T00:03:05.089Z,53.92396545410156,0.559,,1.331,나쁨,경미한 악화 (나쁨-1),1.331,,3.338,3.338,0.0,0.7114,0.1622,48,48,computed_co2_regression,2.0,18.16666603088379,history,25.33112335205078,2026-04-13 00:03:06.026000+00:00,222.75,2026-04-13 09:03:06.026000+09:00,0.6658332824707032,0.0904761723109654,1.2275,1.331,0.39239654541015623,1.331,1.2275,1.2275
867.6666870117188,2026-04-13T00:03:13.637Z,2026-05-13T00:03:12.553Z,53.87628173828125,0.643,,1.417,나쁨,경미한 악화 (나쁨-1),1.417,,3.167,3.167,0.0,0.6774,0.1757,48,48,computed_co2_regression,2.0,18.33333396911621,history,25.337799072265625,2026-04-13 00:03:13.637000+00:00,222.6666717529297,2026-04-13 09:03:13.637000+09:00,0.6691667175292969,0.09523811340332031,1.226666717529297,1.4165,0.387628173828125,1.4165,1.226666717529297,1.226666717529297
869.6666870117188,2026-04-13T00:03:20.504Z,2026-05-13T00:03:19.577Z,53.821922302246094,0.74,,1.514,나쁨,경미한 악화 (나쁨-1),1.514,,2.972,2.972,0.0,0.6382,0.1648,48,48,computed_co2_regression,2.0,18.0,history,25.361831665039062,2026-04-13 00:03:20.504000+00:00,222.5833282470703,2026-04-13 09:03:20.504000+09:00,0.6741667175292969,0.08571428571428572,1.2258332824707032,1.514,0.38219223022460935,1.514,1.2258332824707032,1.2258332824707032
871.3333129882812,2026-04-13T00:03:26.273Z,2026-05-13T00:03:25.344Z,53.7923583984375,0.848,,1.623,나쁨,경미한 악화 (나쁨-1),1.623,,2.755,2.755,0.0,0.5947,0.1525,48,48,computed_co2_regression,2.0,18.0,history,25.389869689941406,2026-04-13 00:03:26.273000+00:00,222.5,2026-04-13 09:03:26.273000+09:00,0.6783332824707031,0.08571428571428572,1.225,1.6225,0.37923583984375,1.6225,1.225,1.225
872.3333129882812,2026-04-13T00:03:32.375Z,2026-05-13T00:03:31.428Z,53.73036193847656,0.966,,1.742,나쁨,경미한 악화 (나쁨-1),1.742,,2.516,2.516,0.0,0.5473,0.1226,48,48,computed_co2_regression,2.0,17.66666603088379,history,25.38719940185547,2026-04-13 00:03:32.375000+00:00,222.4166717529297,2026-04-13 09:03:32.375000+09:00,0.6808332824707031,0.07619045802525111,1.224166717529297,1.742,0.37303619384765624,1.742,1.224166717529297,1.224166717529297
873.0,2026-04-13T00:03:38.283Z,2026-05-13T00:03:37.317Z,53.67790222167969,1.094,,1.871,나쁨,중간수준 악화 (나쁨-2),1.871,,2.259,2.259,0.0,0.4967,0.0944,48,48,computed_co2_regression,2.0,17.66666603088379,history,25.38853454589844,2026-04-13 00:03:38.283000+00:00,222.3333282470703,2026-04-13 09:03:38.283000+09:00,0.6825,0.07619045802525111,1.223333282470703,1.8705,0.36779022216796875,1.8705,1.223333282470703,1.223333282470703
873.3333129882812,2026-04-13T00:03:46.099Z,2026-05-13T00:03:45.099Z,53.64928817749024,1.23,,2.007,나쁨,중간수준 악화 (나쁨-2),2.007,,1.986,1.986,0.0,0.4428,0.0704,48,48,computed_co2_regression,2.0,18.0,history,25.404556274414062,2026-04-13 00:03:46.099000+00:00,222.25,2026-04-13 09:03:46.099000+09:00,0.6833332824707031,0.08571428571428572,1.2225,2.007,0.36492881774902414,2.007,1.2225,1.2225
873.3333129882812,2026-04-13T00:03:52.174Z,2026-05-13T00:03:51.239Z,53.57394790649414,1.462,,2.24,나쁨,중간수준 악화 (나쁨-2),2.24,,1.52,1.52,0.0,0.347,0.0353,47,47,computed_co2_regression,2.0,18.0,history,25.42591857910156,2026-04-13 00:03:52.174000+00:00,222.1666717529297,2026-04-13 09:03:52.174000+09:00,0.6833332824707031,0.08571428571428572,1.2216667175292968,2.24,0.35739479064941404,2.24,1.2216667175292968,1.2216667175292968
873.0,2026-04-13T00:03:58.031Z,2026-05-13T00:03:57.101Z,53.5071907043457,1.505,,2.284,나쁨,중간수준 악화 (나쁨-2),2.284,,1.432,1.432,0.0,0.3281,0.0436,48,48,computed_co2_regression,2.0,18.16666603088379,history,25.444610595703125,2026-04-13 00:03:58.031000+00:00,222.0833282470703,2026-04-13 09:03:58.031000+09:00,0.6825,0.0904761723109654,1.220833282470703,2.284,0.36115264892578125,2.284,1.220833282470703,1.220833282470703
873.0,2026-04-13T00:04:04.086Z,2026-05-13T00:04:03.143Z,53.47762680053711,1.641,,2.421,나쁨,중간수준 악화 (나쁨-2),2.421,,1.159,1.159,0.0,0.2675,0.0445,48,48,computed_co2_regression,2.0,18.16666603088379,history,25.452621459960938,2026-04-13 00:04:04.086000+00:00,222.0,2026-04-13 09:04:04.086000+09:00,0.6825,0.0904761723109654,1.22,2.4205,0.3631553649902344,2.4205,1.22,1.22
873.0,2026-04-13T00:04:10.390Z,2026-05-13T00:04:09.396Z,53.47762680053711,1.772,,2.552,나쁨,중간수준 악화 (나쁨-2),2.552,,0.896,0.896,0.0,0.2042,0.0626,48,48,computed_co2_regression,2.0,18.16666603088379,history,25.452621459960938,2026-04-13 00:04:10.390000+00:00,222.0,2026-04-13 09:04:10.390000+09:00,0.6825,0.0904761723109654,1.22,2.552,0.3631553649902344,2.552,1.22,1.22
873.0,2026-04-13T00:04:18.144Z,2026-05-13T00:04:17.218Z,53.41086959838867,1.901,,2.682,나쁨,중간수준 악화 (나쁨-2),2.682,,0.637,0.637,0.0,0.139,0.0769,48,48,computed_co2_regression,2.0,18.0,history,25.453956604003903,2026-04-13 00:04:18.144000+00:00,221.9166717529297,2026-04-13 09:04:18.144000+09:00,0.6825,0.08571428571428572,1.2191667175292968,2.6814999999999998,0.3634891510009757,2.6814999999999998,1.2191667175292968,1.2191667175292968
872.6666870117188,2026-04-13T00:04:24.022Z,2026-05-13T00:04:23.071Z,53.33266830444336,2.106,,2.888,나쁨,심각한 악화 (나쁨-3),2.888,,0.224,0.224,0.0,0.0312,0.1217,47,47,computed_co2_regression,2.0,17.66666603088379,history,25.488670349121094,2026-04-13 00:04:24.022000+00:00,221.8333282470703,2026-04-13 09:04:24.022000+09:00,0.6816667175292969,0.07619045802525111,1.2183332824707032,2.888,0.37216758728027344,2.888,1.2183332824707032,1.2183332824707032
872.3333129882812,2026-04-13T00:04:30.175Z,2026-05-13T00:04:29.245Z,53.27068328857422,2.199,,2.981,나쁨,심각한 악화 (나쁨-3),2.981,,0.038,0.038,0.0,0.0012,0.0859,47,47,computed_co2_regression,2.0,17.16666603088379,history,25.51537322998047,2026-04-13 00:04:30.175000+00:00,221.75,2026-04-13 09:04:30.175000+09:00,0.6808332824707031,0.06190474373953683,1.2175,2.981,0.3788433074951172,2.981,1.2175,1.2175
872.3333129882812,2026-04-13T00:04:36.179Z,2026-05-13T00:04:35.071Z,53.23444366455078,2.209,,2.993,나쁨,심각한 악화 (나쁨-3),2.993,,0.015,0.015,0.0,0.0002,0.0334,48,48,computed_co2_regression,2.0,16.66666603088379,history,25.51670837402344,2026-04-13 00:04:36.179000+00:00,221.6666717529297,2026-04-13 09:04:36.179000+09:00,0.6808332824707031,0.04761902945382254,1.216666717529297,2.9925,0.37917709350586026,2.9925,1.216666717529297,1.216666717529297
872.6666870117188,2026-04-13T00:04:42.312Z,2026-05-13T00:04:41.224Z,53.225860595703125,2.216,,3.0,나쁨,심각한 악화 (나쁨-3),3.0,,0.0,0.0,0.0,0.0232,0.0014,48,48,computed_co2_regression,2.0,16.16666603088379,history,25.52471923828125,2026-04-13 00:04:42.312000+00:00,221.5833282470703,2026-04-13 09:04:42.312000+09:00,0.6816667175292969,0.03333331516810826,1.2158332824707032,3.0,0.3811798095703125,3.0,1.2158332824707032,1.2158332824707032
873.0,2026-04-13T00:04:48.059Z,2026-05-13T00:04:47.135Z,53.22395324707031,2.215,,3.0,나쁨,심각한 악화 (나쁨-3),3.0,,0.0,0.0,0.151,0.1202,0.0112,48,48,computed_co2_regression,2.0,15.666666984558104,history,25.52605438232422,2026-04-13 00:04:48.059000+00:00,221.5,2026-04-13 09:04:48.059000+09:00,0.6825,0.019047628130231534,1.215,3.0,0.3815135955810547,3.0,1.215,1.215
873.0,2026-04-13T00:04:54.146Z,2026-05-13T00:04:53.209Z,53.19915771484375,2.214,,3.0,나쁨,심각한 악화 (나쁨-3),3.0,,0.0,0.0,0.328,0.2919,0.0411,48,48,computed_co2_regression,2.0,15.5,history,25.53673553466797,2026-04-13 00:04:54.146000+00:00,221.4166717529297,2026-04-13 09:04:54.146000+09:00,0.6825,0.014285714285714285,1.214166717529297,3.0,0.3841838836669922,3.0,1.214166717529297,1.214166717529297
873.6666870117188,2026-04-13T00:05:00.228Z,2026-05-13T00:04:59.268Z,53.15814971923828,2.213,,3.0,나쁨,심각한 악화 (나쁨-3),3.0,,0.0,0.0,0.498,0.507,0.0759,48,48,computed_co2_regression,2.0,15.333333015441896,history,25.55809783935547,2026-04-13 00:05:00.228000+00:00,221.3333282470703,2026-04-13 09:05:00.228000+09:00,0.6841667175292969,0.009523800441197038,1.213333282470703,3.0,0.3895244598388672,3.0,1.213333282470703,1.213333282470703
874.6666870117188,2026-04-13T00:05:06.964Z,2026-05-13T00:05:06.028Z,53.11809539794922,2.213,,3.0,나쁨,심각한 악화 (나쁨-3),3.0,,0.0,0.0,0.661,0.6919,0.1101,48,48,computed_co2_regression,2.0,15.166666984558104,history,25.57144927978516,2026-04-13 00:05:06.964000+00:00,221.25,2026-04-13 09:05:06.964000+09:00,0.6866667175292969,0.004761913844517248,1.2125,3.0,0.39286231994628995,3.0,1.2125,1.2125
876.3333129882812,2026-04-13T00:05:12.586Z,2026-05-13T00:05:11.648Z,53.111419677734375,2.212,,3.0,나쁨,심각한 악화 (나쁨-3),3.0,,0.0,0.0,0.783,0.8187,0.1367,48,48,computed_co2_regression,2.0,15.333333015441896,history,25.580799102783203,2026-04-13 00:05:12.586000+00:00,221.1666717529297,2026-04-13 09:05:12.586000+09:00,0.6908332824707031,0.009523800441197038,1.2116667175292968,3.0,0.3951997756958008,3.0,1.2116667175292968,1.2116667175292968
878.0,2026-04-13T00:05:20.893Z,2026-05-13T00:05:19.885Z,53.10951232910156,2.211,,3.0,나쁨,심각한 악화 (나쁨-3),3.0,,0.0,0.0,0.88,0.8849,0.1592,48,48,computed_co2_regression,2.0,15.5,history,25.587478637695312,2026-04-13 00:05:20.893000+00:00,221.0833282470703,2026-04-13 09:05:20.893000+09:00,0.695,0.014285714285714285,1.210833282470703,3.0,0.3968696594238281,3.0,1.210833282470703,1.210833282470703
879.6666870117188,2026-04-13T00:05:26.697Z,2026-05-13T00:05:25.620Z,53.07422637939453,2.21,,3.0,나쁨,심각한 악화 (나쁨-3),3.0,,0.0,0.0,0.964,0.9141,0.1816,48,48,computed_co2_regression,2.0,15.833333015441896,history,25.61284637451172,2026-04-13 00:05:26.697000+00:00,221.0,2026-04-13 09:05:26.697000+09:00,0.6991667175292968,0.023809514726911323,1.21,3.0,0.4032115936279297,3.0,1.21,1.21
880.6666870117188,2026-04-13T00:05:32.614Z,2026-05-13T00:05:31.661Z,53.00270080566406,2.21,,3.0,나쁨,심각한 악화 (나쁨-3),3.0,,0.0,0.0,1.083,0.9284,0.2149,48,48,computed_co2_regression,2.0,15.666666984558104,history,25.626197814941406,2026-04-13 00:05:32.614000+00:00,221.0,2026-04-13 09:05:32.614000+09:00,0.7016667175292969,0.019047628130231534,1.21,3.0,0.40654945373535156,3.0,1.21,1.21
881.0,2026-04-13T00:05:39.605Z,2026-05-13T00:05:38.667Z,52.89588928222656,2.21,,3.0,나쁨,심각한 악화 (나쁨-3),3.0,,0.0,0.0,1.378,0.9398,0.3043,47,47,computed_co2_regression,2.0,15.5,history,25.630203247070312,2026-04-13 00:05:39.605000+00:00,221.0,2026-04-13 09:05:39.605000+09:00,0.7025,0.014285714285714285,1.21,3.0,0.4075508117675781,3.0,1.21,1.21
881.0,2026-04-13T00:05:45.776Z,2026-05-13T00:05:44.624Z,52.849159240722656,2.21,,3.0,나쁨,심각한 악화 (나쁨-3),3.0,,0.0,0.0,1.6,0.9447,0.3858,47,47,computed_co2_regression,2.0,15.5,history,25.656906127929688,2026-04-13 00:05:45.776000+00:00,221.0,2026-04-13 09:05:45.776000+09:00,0.7025,0.014285714285714285,1.21,3.0,0.4142265319824219,3.0,1.21,1.21
882.0,2026-04-13T00:05:51.649Z,2026-05-13T00:05:50.716Z,52.8253173828125,2.21,,3.0,나쁨,심각한 악화 (나쁨-3),3.0,,0.0,0.0,1.851,0.948,0.4753,47,47,computed_co2_regression,2.0,15.166666984558104,history,25.668922424316406,2026-04-13 00:05:51.649000+00:00,221.0,2026-04-13 09:05:51.649000+09:00,0.705,0.004761913844517248,1.21,3.0,0.41723060607910156,3.0,1.21,1.21
883.0,2026-04-13T00:05:57.604Z,2026-05-13T00:05:56.682Z,52.76237487792969,2.21,,3.0,나쁨,심각한 악화 (나쁨-3),3.0,,0.0,0.0,1.936,0.9512,0.5055,48,48,computed_co2_regression,2.0,15.0,history,25.67426300048828,2026-04-13 00:05:57.604000+00:00,221.0,2026-04-13 09:05:57.604000+09:00,0.7075,0.0,1.21,3.0,0.4185657501220703,3.0,1.21,1.21
884.3333129882812,2026-04-13T00:06:03.566Z,2026-05-13T00:06:02.627Z,52.691802978515625,2.21,,3.0,나쁨,심각한 악화 (나쁨-3),3.0,,0.0,0.0,2.165,0.9529,0.5744,48,48,computed_co2_regression,2.0,14.833333015441896,history,25.692955017089844,2026-04-13 00:06:03.566000+00:00,221.0,2026-04-13 09:06:03.566000+09:00,0.7108332824707031,0.0,1.21,3.0,0.42323875427246094,3.0,1.21,1.21
885.0,2026-04-13T00:06:10.001Z,2026-05-13T00:06:09.060Z,52.63362121582031,2.21,,3.0,나쁨,심각한 악화 (나쁨-3),3.0,,0.0,0.0,2.353,0.954,0.6253,48,48,computed_co2_regression,2.0,14.833333015441896,history,25.70630645751953,2026-04-13 00:06:10.001000+00:00,221.0,2026-04-13 09:06:10.001000+09:00,0.7125,0.0,1.21,3.0,0.4265766143798828,3.0,1.21,1.21
885.6666870117188,2026-04-13T00:06:16.947Z,2026-05-13T00:06:16.009Z,52.60596084594727,2.21,,3.0,나쁨,심각한 악화 (나쁨-3),3.0,,0.0,0.0,2.49,0.9546,0.6559,48,48,computed_co2_regression,2.0,14.833333015441896,history,25.733009338378903,2026-04-13 00:06:16.947000+00:00,221.0,2026-04-13 09:06:16.947000+09:00,0.7141667175292968,0.0,1.21,3.0,0.4332523345947257,3.0,1.21,1.21
886.3333129882812,2026-04-13T00:06:24.333Z,2026-05-13T00:06:23.395Z,52.58402633666992,2.21,,3.0,나쁨,심각한 악화 (나쁨-3),3.0,,0.0,0.0,2.615,0.9549,0.6803,48,48,computed_co2_regression,2.0,14.666666984558104,history,25.758377075195312,2026-04-13 00:06:24.333000+00:00,221.0,2026-04-13 09:06:24.333000+09:00,0.7158332824707031,0.0,1.21,3.0,0.4395942687988281,3.0,1.21,1.21
886.6666870117188,2026-04-13T00:06:30.243Z,2026-05-13T00:06:29.160Z,52.51726913452149,2.21,,3.0,나쁨,심각한 악화 (나쁨-3),3.0,,0.0,0.0,2.746,0.9549,0.7033,48,48,computed_co2_regression,2.0,14.5,history,25.76104736328125,2026-04-13 00:06:30.243000+00:00,221.0,2026-04-13 09:06:30.243000+09:00,0.7166667175292969,0.0,1.21,3.0,0.4402618408203125,3.0,1.21,1.21
887.0,2026-04-13T00:06:36.095Z,2026-05-13T00:06:35.159Z,52.48579788208008,2.209,,3.0,나쁨,심각한 악화 (나쁨-3),3.0,,0.0,0.0,2.898,0.9548,0.7251,48,48,computed_co2_regression,2.0,14.166666984558104,history,25.76104736328125,2026-04-13 00:06:36.095000+00:00,220.9166717529297,2026-04-13 09:06:36.095000+09:00,0.7175,0.0,1.2091667175292968,3.0,0.4402618408203125,3.0,1.2091667175292968,1.2091667175292968
887.0,2026-04-13T00:06:42.199Z,2026-05-13T00:06:41.223Z,52.47244644165039,2.208,,3.0,나쁨,심각한 악화 (나쁨-3),3.0,,0.0,0.0,3.084,0.9544,0.7489,48,48,computed_co2_regression,2.0,13.833333015441896,history,25.767723083496094,2026-04-13 00:06:42.199000+00:00,220.8333282470703,2026-04-13 09:06:42.199000+09:00,0.7175,0.0,1.2083332824707032,3.0,0.44193077087402344,3.0,1.2083332824707032,1.2083332824707032
887.3333129882812,2026-04-13T00:06:48.271Z,2026-05-13T00:06:47.177Z,52.43143844604492,2.208,,3.0,나쁨,심각한 악화 (나쁨-3),3.0,,0.0,0.0,3.32,0.9539,0.779,48,48,computed_co2_regression,2.0,13.5,history,25.78107452392578,2026-04-13 00:06:48.271000+00:00,220.75,2026-04-13 09:06:48.271000+09:00,0.7183332824707032,0.0,1.2075,3.0,0.4452686309814453,3.0,1.2075,1.2075
887.6666870117188,2026-04-13T00:06:54.084Z,2026-05-13T00:06:53.151Z,52.41236877441406,2.207,,3.0,나쁨,심각한 악화 (나쁨-3),3.0,,0.0,0.0,3.587,0.9537,0.8169,48,48,computed_co2_regression,2.0,13.333333015441896,history,25.7930908203125,2026-04-13 00:06:54.084000+00:00,220.6666717529297,2026-04-13 09:06:54.084000+09:00,0.7191667175292968,0.0,1.2066667175292969,3.0,0.448272705078125,3.0,1.2066667175292969,1.2066667175292969
888.0,2026-04-13T00:07:00.088Z,2026-05-13T00:06:59.159Z,52.373268127441406,2.206,,3.0,나쁨,심각한 악화 (나쁨-3),3.0,,0.0,0.0,3.823,0.9539,0.8548,48,48,computed_co2_regression,2.0,13.5,history,25.80377197265625,2026-04-13 00:07:00.088000+00:00,220.5833282470703,2026-04-13 09:07:00.088000+09:00,0.72,0.0,1.2058332824707032,3.0,0.4509429931640625,3.0,1.2058332824707032,1.2058332824707032
887.6666870117188,2026-04-13T00:07:06.953Z,2026-05-13T00:07:06.012Z,52.33893585205078,2.205,,3.0,나쁨,심각한 악화 (나쁨-3),3.0,,0.0,0.0,3.964,0.9534,0.8805,48,48,computed_co2_regression,2.0,14.0,history,25.82513427734375,2026-04-13 00:07:06.953000+00:00,220.5,2026-04-13 09:07:06.953000+09:00,0.7191667175292968,0.0,1.205,3.0,0.4562835693359375,3.0,1.205,1.205
887.3333129882812,2026-04-13T00:07:12.666Z,2026-05-13T00:07:11.734Z,52.30078887939453,2.204,,3.0,나쁨,심각한 악화 (나쁨-3),3.0,,0.0,0.0,4.006,0.9523,0.8899,48,48,computed_co2_regression,2.0,14.666666984558104,history,25.849166870117188,2026-04-13 00:07:12.666000+00:00,220.4166717529297,2026-04-13 09:07:12.666000+09:00,0.7183332824707032,0.0,1.204166717529297,3.0,0.4622917175292969,3.0,1.204166717529297,1.204166717529297
887.3333129882812,2026-04-13T00:07:20.966Z,2026-05-13T00:07:20.031Z,52.22640228271485,2.203,,3.0,나쁨,심각한 악화 (나쁨-3),3.0,,0.0,0.0,3.954,0.9503,0.8775,48,48,computed_co2_regression,2.0,15.166666984558104,history,25.86652374267578,2026-04-13 00:07:20.966000+00:00,220.3333282470703,2026-04-13 09:07:20.966000+09:00,0.7183332824707032,0.004761913844517248,1.203333282470703,3.0,0.4666309356689453,3.0,1.203333282470703,1.203333282470703
887.6666870117188,2026-04-13T00:07:28.492Z,2026-05-13T00:07:27.420Z,52.167274475097656,2.202,,3.0,나쁨,심각한 악화 (나쁨-3),3.0,,0.0,0.0,3.844,0.9479,0.8494,48,48,computed_co2_regression,2.0,15.5,history,25.88121032714844,2026-04-13 00:07:28.492000+00:00,220.25,2026-04-13 09:07:28.492000+09:00,0.7191667175292968,0.014285714285714285,1.2025,3.0,0.47030258178711026,3.0,1.2025,1.2025
888.0,2026-04-13T00:07:34.216Z,2026-05-13T00:07:33.131Z,52.13961791992188,2.202,,3.0,나쁨,심각한 악화 (나쁨-3),3.0,,0.0,0.0,3.696,0.9454,0.8077,48,48,computed_co2_regression,2.0,15.833333015441896,history,25.906578063964844,2026-04-13 00:07:34.216000+00:00,220.1666717529297,2026-04-13 09:07:34.216000+09:00,0.72,0.023809514726911323,1.2016667175292968,3.0,0.47664451599121094,3.0,1.2016667175292968,1.2016667175292968
888.3333129882812,2026-04-13T00:07:40.091Z,2026-05-13T00:07:39.157Z,52.10719299316406,2.201,,3.0,나쁨,심각한 악화 (나쁨-3),3.0,,0.0,0.0,3.496,0.9428,0.7491,48,48,computed_co2_regression,2.0,16.16666603088379,history,25.925270080566406,2026-04-13 00:07:40.091000+00:00,220.0833282470703,2026-04-13 09:07:40.091000+09:00,0.7208332824707031,0.03333331516810826,1.200833282470703,3.0,0.48131752014160156,3.0,1.200833282470703,1.200833282470703
888.6666870117188,2026-04-13T00:07:47.624Z,2026-05-13T00:07:45.139Z,52.03948211669922,2.2,,3.0,나쁨,심각한 악화 (나쁨-3),3.0,,0.0,0.0,3.291,0.9401,0.6892,48,48,computed_co2_regression,2.0,16.16666603088379,history,25.9212646484375,2026-04-13 00:07:47.624000+00:00,220.0,2026-04-13 09:07:47.624000+09:00,0.7216667175292969,0.03333331516810826,1.2,3.0,0.480316162109375,3.0,1.2,1.2
889.0,2026-04-13T00:07:53.904Z,2026-05-13T00:07:52.566Z,52.025177001953125,2.2,,3.0,나쁨,심각한 악화 (나쁨-3),3.0,,0.0,0.0,3.086,0.937,0.6327,48,48,computed_co2_regression,2.0,16.0,history,25.92660522460937,2026-04-13 00:07:53.904000+00:00,220.0,2026-04-13 09:07:53.904000+09:00,0.7225,0.02857142857142857,1.2,3.0,0.48165130615234286,3.0,1.2,1.2
889.0,2026-04-13T00:08:00.235Z,2026-05-13T00:07:59.068Z,52.03471374511719,2.2,,3.0,나쁨,심각한 악화 (나쁨-3),3.0,,0.0,0.0,2.86,0.9332,0.5647,48,48,computed_co2_regression,2.0,16.33333396911621,history,25.938621520996094,2026-04-13 00:08:00.235000+00:00,220.0,2026-04-13 09:08:00.235000+09:00,0.7225,0.03809525626046317,1.2,3.0,0.48465538024902344,3.0,1.2,1.2
889.0,2026-04-13T00:08:07.466Z,2026-05-13T00:08:06.050Z,51.99847412109375,2.2,,3.0,나쁨,심각한 악화 (나쁨-3),3.0,,0.0,0.0,2.545,0.9243,0.4544,47,47,computed_co2_regression,2.0,16.83333396911621,history,25.94396209716797,2026-04-13 00:08:07.466000+00:00,220.0,2026-04-13 09:08:07.466000+09:00,0.7225,0.052380970546177456,1.2,3.0,0.4859905242919922,3.0,1.2,1.2
890.0,2026-04-13T00:08:13.334Z,2026-05-13T00:08:12.172Z,51.95651245117188,2.2,,3.0,나쁨,심각한 악화 (나쁨-3),3.0,,0.0,0.0,2.286,0.9255,0.3867,48,48,computed_co2_regression,2.0,17.0,history,25.949302673339844,2026-04-13 00:08:13.334000+00:00,220.0,2026-04-13 09:08:13.334000+09:00,0.725,0.05714285714285714,1.2,3.0,0.48732566833496094,3.0,1.2,1.2
891.6666870117188,2026-04-13T00:08:20.152Z,2026-05-13T00:08:18.934Z,51.94792938232422,2.2,,3.0,나쁨,심각한 악화 (나쁨-3),3.0,,0.0,0.0,1.971,0.9245,0.3003,48,48,computed_co2_regression,2.0,17.0,history,25.97600555419922,2026-04-13 00:08:20.152000+00:00,220.0,2026-04-13 09:08:20.152000+09:00,0.7291667175292968,0.05714285714285714,1.2,3.0,0.4940013885498047,3.0,1.2,1.2
893.3333129882812,2026-04-13T00:08:27.323Z,2026-05-13T00:08:26.187Z,51.92218017578125,2.2,,3.0,나쁨,심각한 악화 (나쁨-3),3.0,,0.0,0.0,1.665,0.9248,0.2205,48,48,computed_co2_regression,2.0,17.16666603088379,history,25.98401641845703,2026-04-13 00:08:27.323000+00:00,220.0,2026-04-13 09:08:27.323000+09:00,0.7333332824707032,0.06190474373953683,1.2,3.0,0.4960041046142578,3.0,1.2,1.2
894.3333129882812,2026-04-13T00:08:33.795Z,2026-05-13T00:08:32.836Z,51.84397888183594,2.2,,3.0,나쁨,심각한 악화 (나쁨-3),3.0,,0.0,0.0,1.274,0.926,0.1295,47,47,computed_co2_regression,2.0,17.16666603088379,history,25.977340698242188,2026-04-13 00:08:33.795000+00:00,220.0,2026-04-13 09:08:33.795000+09:00,0.7358332824707031,0.06190474373953683,1.2,3.0,0.4943351745605469,3.0,1.2,1.2
895.0,2026-04-13T00:08:40.378Z,2026-05-13T00:08:39.293Z,51.806785583496094,2.2,,3.0,나쁨,심각한 악화 (나쁨-3),3.0,,0.0,0.0,1.034,0.9308,0.0881,47,47,computed_co2_regression,2.0,16.5,history,25.990692138671875,2026-04-13 00:08:40.378000+00:00,220.0,2026-04-13 09:08:40.378000+09:00,0.7375,0.04285714285714286,1.2,3.0,0.49767303466796875,3.0,1.2,1.2
896.6666870117188,2026-04-13T00:08:46.105Z,2026-05-13T00:08:45.162Z,51.811553955078125,2.2,,3.0,나쁨,심각한 악화 (나쁨-3),3.0,,0.0,0.0,0.95,0.9349,0.0793,48,48,computed_co2_regression,2.0,16.0,history,26.001373291015625,2026-04-13 00:08:46.105000+00:00,220.0,2026-04-13 09:08:46.105000+09:00,0.7416667175292969,0.02857142857142857,1.2,3.0,0.5003433227539062,3.0,1.2,1.2
898.6666870117188,2026-04-13T00:08:52.364Z,2026-05-13T00:08:51.278Z,51.77340698242188,2.2,,3.0,나쁨,심각한 악화 (나쁨-3),3.0,,0.0,0.0,0.75,0.9377,0.0524,48,48,computed_co2_regression,2.0,15.833333015441896,history,26.013389587402344,2026-04-13 00:08:52.364000+00:00,220.0,2026-04-13 09:08:52.364000+09:00,0.7466667175292969,0.023809514726911323,1.2,3.0,0.5033473968505859,3.0,1.2,1.2
900.0,2026-04-13T00:08:58.095Z,2026-05-13T00:08:57.121Z,51.72286224365234,2.2,,3.0,나쁨,심각한 악화 (나쁨-3),3.0,,0.0,0.0,0.545,0.9393,0.0293,48,48,computed_co2_regression,2.0,15.833333015441896,history,26.04009246826172,2026-04-13 00:08:58.095000+00:00,220.0,2026-04-13 09:08:58.095000+09:00,0.75,0.023809514726911323,1.2,3.0,0.5100231170654297,3.0,1.2,1.2
900.3333129882812,2026-04-13T00:09:04.081Z,2026-05-13T00:09:03.124Z,51.71237564086914,2.2,,3.0,나쁨,심각한 악화 (나쁨-3),3.0,,0.0,0.0,0.317,0.9405,0.0108,48,48,computed_co2_regression,2.0,15.833333015441896,history,26.04676818847656,2026-04-13 00:09:04.081000+00:00,220.0,2026-04-13 09:09:04.081000+09:00,0.7508332824707031,0.023809514726911323,1.2,3.0,0.5116920471191397,3.0,1.2,1.2
900.3333129882812,2026-04-13T00:09:10.325Z,2026-05-13T00:09:09.374Z,51.71237564086914,2.2,,3.0,나쁨,심각한 악화 (나쁨-3),3.0,,0.0,0.0,0.067,0.942,0.0005,48,48,computed_co2_regression,2.0,16.0,history,26.04676818847656,2026-04-13 00:09:10.325000+00:00,220.0,2026-04-13 09:09:10.325000+09:00,0.7508332824707031,0.02857142857142857,1.2,3.0,0.5116920471191397,3.0,1.2,1.2
901.0,2026-04-13T00:09:17.097Z,2026-05-13T00:09:16.160Z,51.6761360168457,2.2,,3.0,나쁨,심각한 악화 (나쁨-3),3.0,,0.0,0.0,0.0,0.9431,0.007,48,48,computed_co2_regression,2.0,16.5,history,26.0494384765625,2026-04-13 00:09:17.097000+00:00,220.0,2026-04-13 09:09:17.097000+09:00,0.7525,0.04285714285714286,1.2,3.0,0.512359619140625,3.0,1.2,1.2
902.6666870117188,2026-04-13T00:09:23.401Z,2026-05-13T00:09:22.300Z,51.66659927368164,2.2,,3.0,나쁨,심각한 악화 (나쁨-3),3.0,,0.0,0.0,0.0,0.9429,0.0398,48,48,computed_co2_regression,2.0,16.66666603088379,history,26.086822509765625,2026-04-13 00:09:23.401000+00:00,220.0,2026-04-13 09:09:23.401000+09:00,0.7566667175292969,0.04761902945382254,1.2,3.0,0.5217056274414062,3.0,1.2,1.2
905.6666870117188,2026-04-13T00:09:30.708Z,2026-05-13T00:09:29.740Z,51.67232131958008,2.2,,3.0,나쁨,심각한 악화 (나쁨-3),3.0,,0.0,0.0,0.0,0.9396,0.0949,48,48,computed_co2_regression,2.0,16.5,history,26.10284423828125,2026-04-13 00:09:30.708000+00:00,220.0,2026-04-13 09:09:30.708000+09:00,0.7641667175292969,0.04285714285714286,1.2,3.0,0.5257110595703125,3.0,1.2,1.2
909.0,2026-04-13T00:09:36.869Z,2026-05-13T00:09:35.793Z,51.62749862670898,2.201,,3.0,나쁨,심각한 악화 (나쁨-3),3.0,,0.0,0.0,0.0,0.9312,0.1544,48,48,computed_co2_regression,2.0,16.16666603088379,history,26.10417938232422,2026-04-13 00:09:36.869000+00:00,220.0833282470703,2026-04-13 09:09:36.869000+09:00,0.7725,0.03333331516810826,1.200833282470703,3.0,0.5260448455810547,3.0,1.200833282470703,1.200833282470703
912.3333129882812,2026-04-13T00:09:43.044Z,2026-05-13T00:09:41.953Z,51.56074142456055,2.202,,3.0,나쁨,심각한 악화 (나쁨-3),3.0,,0.0,0.0,0.0,0.9181,0.2114,48,48,computed_co2_regression,2.0,16.16666603088379,history,26.129547119140625,2026-04-13 00:09:43.044000+00:00,220.1666717529297,2026-04-13 09:09:43.044000+09:00,0.7808332824707032,0.03333331516810826,1.2016667175292968,3.0,0.5323867797851562,3.0,1.2016667175292968,1.2016667175292968
915.0,2026-04-13T00:09:49.176Z,2026-05-13T00:09:48.202Z,51.45583724975586,2.202,,3.0,나쁨,심각한 악화 (나쁨-3),3.0,,0.0,0.0,0.0,0.8971,0.2788,47,47,computed_co2_regression,2.0,16.16666603088379,history,26.13622283935547,2026-04-13 00:09:49.176000+00:00,220.25,2026-04-13 09:09:49.176000+09:00,0.7875,0.03333331516810826,1.2025,3.0,0.5340557098388672,3.0,1.2025,1.2025
917.0,2026-04-13T00:09:55.127Z,2026-05-13T00:09:54.184Z,51.41006088256836,2.203,,3.0,나쁨,심각한 악화 (나쁨-3),3.0,,0.0,0.0,0.0,0.8825,0.2955,47,47,computed_co2_regression,2.0,16.0,history,26.14690399169922,2026-04-13 00:09:55.127000+00:00,220.3333282470703,2026-04-13 09:09:55.127000+09:00,0.7925,0.02857142857142857,1.203333282470703,3.0,0.5367259979248047,3.0,1.203333282470703,1.203333282470703
918.0,2026-04-13T00:10:01.221Z,2026-05-13T00:10:00.280Z,51.4215087890625,2.204,,3.0,나쁨,심각한 악화 (나쁨-3),3.0,,0.0,0.0,0.0,0.8718,0.3104,47,47,computed_co2_regression,2.0,16.16666603088379,history,26.16693115234375,2026-04-13 00:10:01.221000+00:00,220.4166717529297,2026-04-13 09:10:01.221000+09:00,0.795,0.03333331516810826,1.204166717529297,3.0,0.5417327880859375,3.0,1.204166717529297,1.204166717529297
918.3333129882812,2026-04-13T00:10:07.928Z,2026-05-13T00:10:06.980Z,51.376686096191406,2.205,,3.0,나쁨,심각한 악화 (나쁨-3),3.0,,0.0,0.0,0.0,0.8658,0.3273,47,47,computed_co2_regression,2.0,16.5,history,26.172271728515625,2026-04-13 00:10:07.928000+00:00,220.5,2026-04-13 09:10:07.928000+09:00,0.7958332824707032,0.04285714285714286,1.205,3.0,0.5430679321289062,3.0,1.205,1.205
919.0,2026-04-13T00:10:13.695Z,2026-05-13T00:10:12.749Z,51.30420684814453,2.206,,3.0,나쁨,심각한 악화 (나쁨-3),3.0,,0.0,0.0,0.0,0.8631,0.3577,47,47,computed_co2_regression,2.0,16.83333396911621,history,26.173606872558597,2026-04-13 00:10:13.695000+00:00,220.5833282470703,2026-04-13 09:10:13.695000+09:00,0.7975,0.052380970546177456,1.2058332824707032,3.0,0.5434017181396493,3.0,1.2058332824707032,1.2058332824707032
919.6666870117188,2026-04-13T00:10:20.421Z,2026-05-13T00:10:19.482Z,51.26605987548828,2.207,,3.0,나쁨,심각한 악화 (나쁨-3),3.0,,0.0,0.0,0.0,0.8687,0.3751,48,48,computed_co2_regression,2.0,16.83333396911621,history,26.18695831298828,2026-04-13 00:10:20.421000+00:00,220.6666717529297,2026-04-13 09:10:20.421000+09:00,0.7991667175292969,0.052380970546177456,1.2066667175292969,3.0,0.5467395782470703,3.0,1.2066667175292969,1.2066667175292969
919.6666870117188,2026-04-13T00:10:26.314Z,2026-05-13T00:10:25.386Z,51.22028350830078,2.208,,3.0,나쁨,심각한 악화 (나쁨-3),3.0,,0.0,0.0,0.0,0.8707,0.4089,48,48,computed_co2_regression,2.0,16.83333396911621,history,26.213661193847656,2026-04-13 00:10:26.314000+00:00,220.75,2026-04-13 09:10:26.314000+09:00,0.7991667175292969,0.052380970546177456,1.2075,3.0,0.5534152984619141,3.0,1.2075,1.2075
919.0,2026-04-13T00:10:33.280Z,2026-05-13T00:10:32.347Z,51.18595123291016,2.208,,3.0,나쁨,심각한 악화 (나쁨-3),3.0,,0.0,0.0,0.0,0.8759,0.4609,48,48,computed_co2_regression,2.0,17.0,history,26.22968292236328,2026-04-13 00:10:33.280000+00:00,220.8333282470703,2026-04-13 09:10:33.280000+09:00,0.7975,0.05714285714285714,1.2083332824707032,3.0,0.5574207305908203,3.0,1.2083332824707032,1.2083332824707032
918.0,2026-04-13T00:10:39.187Z,2026-05-13T00:10:38.243Z,51.17355346679688,2.209,,3.0,나쁨,심각한 악화 (나쁨-3),3.0,,0.0,0.0,0.0,0.882,0.5082,48,48,computed_co2_regression,2.0,17.16666603088379,history,26.22968292236328,2026-04-13 00:10:39.187000+00:00,220.9166717529297,2026-04-13 09:10:39.187000+09:00,0.795,0.06190474373953683,1.2091667175292968,3.0,0.5574207305908203,3.0,1.2091667175292968,1.2091667175292968
917.0,2026-04-13T00:10:45.529Z,2026-05-13T00:10:44.593Z,51.109657287597656,2.21,,3.0,나쁨,심각한 악화 (나쁨-3),3.0,,0.0,0.0,0.0,0.8868,0.5493,48,48,computed_co2_regression,2.0,17.33333396911621,history,26.233688354492188,2026-04-13 00:10:45.529000+00:00,221.0,2026-04-13 09:10:45.529000+09:00,0.7925,0.06666668483189174,1.21,3.0,0.5584220886230469,3.0,1.21,1.21
916.3333129882812,2026-04-13T00:10:51.662Z,2026-05-13T00:10:50.702Z,51.06101989746094,2.21,,3.0,나쁨,심각한 악화 (나쁨-3),3.0,,0.0,0.0,0.0,0.8892,0.5912,48,48,computed_co2_regression,2.0,17.5,history,26.239028930664062,2026-04-13 00:10:51.662000+00:00,221.0,2026-04-13 09:10:51.662000+09:00,0.7908332824707032,0.07142857142857142,1.21,3.0,0.5597572326660156,3.0,1.21,1.21
915.6666870117188,2026-04-13T00:10:57.765Z,2026-05-13T00:10:56.678Z,51.03813171386719,2.21,,3.0,나쁨,심각한 악화 (나쁨-3),3.0,,0.0,0.0,0.0,0.8908,0.6144,48,48,computed_co2_regression,2.0,17.33333396911621,history,26.247039794921875,2026-04-13 00:10:57.765000+00:00,221.0,2026-04-13 09:10:57.765000+09:00,0.7891667175292969,0.06666668483189174,1.21,3.0,0.5617599487304688,3.0,1.21,1.21
915.3333129882812,2026-04-13T00:11:03.693Z,2026-05-13T00:11:02.719Z,50.97900390625,2.21,,3.0,나쁨,심각한 악화 (나쁨-3),3.0,,0.0,0.0,0.0,0.8915,0.6178,48,48,computed_co2_regression,2.0,16.83333396911621,history,26.256385803222656,2026-04-13 00:11:03.693000+00:00,221.0,2026-04-13 09:11:03.693000+09:00,0.7883332824707031,0.052380970546177456,1.21,3.0,0.5640964508056641,3.0,1.21,1.21
915.0,2026-04-13T00:11:09.833Z,2026-05-13T00:11:08.910Z,50.97900390625,2.21,,3.0,나쁨,심각한 악화 (나쁨-3),3.0,,0.0,0.0,0.0,0.892,0.6029,48,48,computed_co2_regression,2.0,16.5,history,26.256385803222656,2026-04-13 00:11:09.833000+00:00,221.0,2026-04-13 09:11:09.833000+09:00,0.7875,0.04285714285714286,1.21,3.0,0.5640964508056641,3.0,1.21,1.21
914.6666870117188,2026-04-13T00:11:17.170Z,2026-05-13T00:11:16.246Z,50.926551818847656,2.21,,3.0,나쁨,심각한 악화 (나쁨-3),3.0,,0.0,0.0,0.0,0.8906,0.5726,48,48,computed_co2_regression,2.0,16.16666603088379,history,26.26974105834961,2026-04-13 00:11:17.170000+00:00,221.0,2026-04-13 09:11:17.170000+09:00,0.7866667175292968,0.03333331516810826,1.21,3.0,0.5674352645874023,3.0,1.21,1.21
913.6666870117188,2026-04-13T00:11:23.752Z,2026-05-13T00:11:22.732Z,50.89794158935547,2.21,,3.0,나쁨,심각한 악화 (나쁨-3),3.0,,0.0,0.0,0.0,0.8858,0.5176,48,48,computed_co2_regression,2.0,15.666666984558104,history,26.29511260986328,2026-04-13 00:11:23.752000+00:00,221.0,2026-04-13 09:11:23.752000+09:00,0.7841667175292969,0.019047628130231534,1.21,3.0,0.5737781524658203,3.0,1.21,1.21
912.3333129882812,2026-04-13T00:11:29.647Z,2026-05-13T00:11:28.708Z,50.88554382324219,2.21,,3.0,나쁨,심각한 악화 (나쁨-3),3.0,,0.0,0.0,0.0,0.8763,0.4133,48,48,computed_co2_regression,2.0,14.833333015441896,history,26.303123474121094,2026-04-13 00:11:29.647000+00:00,221.0,2026-04-13 09:11:29.647000+09:00,0.7808332824707032,0.0,1.21,3.0,0.5757808685302734,3.0,1.21,1.21
911.3333129882812,2026-04-13T00:11:36.692Z,2026-05-13T00:11:35.749Z,50.84262847900391,2.21,,3.0,나쁨,심각한 악화 (나쁨-3),3.0,,0.0,0.0,0.0,0.8618,0.2887,48,48,computed_co2_regression,2.0,14.333333015441896,history,26.313804626464844,2026-04-13 00:11:36.692000+00:00,221.0,2026-04-13 09:11:36.692000+09:00,0.7783332824707031,0.0,1.21,3.0,0.5784511566162109,3.0,1.21,1.21
910.6666870117188,2026-04-13T00:11:43.116Z,2026-05-13T00:11:42.019Z,50.79017639160156,2.21,,3.0,나쁨,심각한 악화 (나쁨-3),3.0,,0.0,0.0,0.0,0.8433,0.1601,48,48,computed_co2_regression,2.0,13.833333015441896,history,26.33783721923828,2026-04-13 00:11:43.116000+00:00,221.0,2026-04-13 09:11:43.116000+09:00,0.7766667175292968,0.0,1.21,3.0,0.5844593048095703,3.0,1.21,1.21
910.3333129882812,2026-04-13T00:11:49.756Z,2026-05-13T00:11:48.657Z,50.77491760253906,2.21,,3.0,나쁨,심각한 악화 (나쁨-3),3.0,,0.0,0.0,0.0,0.8153,0.025,47,47,computed_co2_regression,2.0,13.166666984558104,history,26.36053466796875,2026-04-13 00:11:49.756000+00:00,221.0,2026-04-13 09:11:49.756000+09:00,0.7758332824707032,0.0,1.21,3.0,0.5901336669921875,3.0,1.21,1.21
910.0,2026-04-13T00:11:55.615Z,2026-05-13T00:11:54.676Z,50.731048583984375,2.21,,3.0,나쁨,심각한 악화 (나쁨-3),3.0,,0.0,0.0,0.189,0.7879,0.0037,47,47,computed_co2_regression,2.0,12.5,history,26.37255096435547,2026-04-13 00:11:55.615000+00:00,221.0,2026-04-13 09:11:55.615000+09:00,0.775,0.0,1.21,3.0,0.5931377410888672,3.0,1.21,1.21
910.3333129882812,2026-04-13T00:12:01.654Z,2026-05-13T00:12:00.720Z,50.695762634277344,2.21,,3.0,나쁨,심각한 악화 (나쁨-3),3.0,,0.0,0.0,0.864,0.7597,0.0652,47,47,computed_co2_regression,2.0,12.166666984558104,history,26.37655639648437,2026-04-13 00:12:01.654000+00:00,221.0,2026-04-13 09:12:01.654000+09:00,0.7758332824707032,0.0,1.21,3.0,0.5941390991210929,3.0,1.21,1.21
910.6666870117188,2026-04-13T00:12:08.444Z,2026-05-13T00:12:07.514Z,50.682411193847656,2.21,,3.0,나쁨,심각한 악화 (나쁨-3),3.0,,0.0,0.0,1.436,0.7291,0.1585,47,47,computed_co2_regression,2.0,12.5,history,26.384567260742188,2026-04-13 00:12:08.444000+00:00,221.0,2026-04-13 09:12:08.444000+09:00,0.7766667175292968,0.0,1.21,3.0,0.5961418151855469,3.0,1.21,1.21
911.0,2026-04-13T00:12:14.784Z,2026-05-13T00:12:13.697Z,50.64903259277344,2.21,,3.0,나쁨,심각한 악화 (나쁨-3),3.0,,0.0,0.0,1.911,0.6966,0.2482,47,47,computed_co2_regression,2.0,12.666666984558104,history,26.38590240478516,2026-04-13 00:12:14.784000+00:00,221.0,2026-04-13 09:12:14.784000+09:00,0.7775,0.0,1.21,3.0,0.59647560119629,3.0,1.21,1.21
910.6666870117188,2026-04-13T00:12:21.166Z,2026-05-13T00:12:20.229Z,50.644264221191406,2.21,,3.0,나쁨,심각한 악화 (나쁨-3),3.0,,0.0,0.0,2.043,0.6784,0.2818,48,48,computed_co2_regression,2.0,13.333333015441896,history,26.377891540527344,2026-04-13 00:12:21.166000+00:00,221.0,2026-04-13 09:12:21.166000+09:00,0.7766667175292968,0.0,1.21,3.0,0.5944728851318359,3.0,1.21,1.21
910.6666870117188,2026-04-13T00:12:27.563Z,2026-05-13T00:12:26.629Z,50.61279296875,2.21,,3.0,나쁨,심각한 악화 (나쁨-3),3.0,,0.0,0.0,2.297,0.6418,0.3431,48,48,computed_co2_regression,2.0,13.833333015441896,history,26.389907836914062,2026-04-13 00:12:27.563000+00:00,221.0,2026-04-13 09:12:27.563000+09:00,0.7766667175292968,0.0,1.21,3.0,0.5974769592285156,3.0,1.21,1.21
910.6666870117188,2026-04-13T00:12:33.602Z,2026-05-13T00:12:32.666Z,50.56892395019531,2.21,,3.0,나쁨,심각한 악화 (나쁨-3),3.0,,0.0,0.0,2.443,0.6032,0.382,48,48,computed_co2_regression,2.0,14.5,history,26.408599853515625,2026-04-13 00:12:33.602000+00:00,221.0,2026-04-13 09:12:33.602000+09:00,0.7766667175292968,0.0,1.21,3.0,0.6021499633789062,3.0,1.21,1.21
911.0,2026-04-13T00:12:41.010Z,2026-05-13T00:12:40.012Z,50.567970275878906,2.21,,3.0,나쁨,심각한 악화 (나쁨-3),3.0,,0.0,0.0,2.502,0.5632,0.3988,48,48,computed_co2_regression,2.0,15.0,history,26.40058898925781,2026-04-13 00:12:41.010000+00:00,221.0,2026-04-13 09:12:41.010000+09:00,0.7775,0.0,1.21,3.0,0.6001472473144522,3.0,1.21,1.21
911.3333129882812,2026-04-13T00:12:46.999Z,2026-05-13T00:12:46.074Z,50.566062927246094,2.21,,3.0,나쁨,심각한 악화 (나쁨-3),3.0,,0.0,0.0,2.527,0.5224,0.4055,48,48,computed_co2_regression,2.0,15.0,history,26.41661071777344,2026-04-13 00:12:46.999000+00:00,221.0,2026-04-13 09:12:46.999000+09:00,0.7783332824707031,0.0,1.21,3.0,0.6041526794433603,3.0,1.21,1.21
911.6666870117188,2026-04-13T00:12:53.108Z,2026-05-13T00:12:52.176Z,50.53172302246094,2.21,,3.0,나쁨,심각한 악화 (나쁨-3),3.0,,0.0,0.0,2.563,0.4811,0.415,48,48,computed_co2_regression,2.0,14.833333015441896,history,26.448654174804688,2026-04-13 00:12:53.108000+00:00,221.0,2026-04-13 09:12:53.108000+09:00,0.7791667175292969,0.0,1.21,3.0,0.6121635437011719,3.0,1.21,1.21
912.3333129882812,2026-04-13T00:12:59.076Z,2026-05-13T00:12:58.113Z,50.478309631347656,2.21,,3.0,나쁨,심각한 악화 (나쁨-3),3.0,,0.0,0.0,2.609,0.4404,0.4278,48,48,computed_co2_regression,2.0,14.833333015441896,history,26.463340759277344,2026-04-13 00:12:59.076000+00:00,221.0,2026-04-13 09:12:59.076000+09:00,0.7808332824707032,0.0,1.21,3.0,0.6158351898193359,3.0,1.21,1.21
913.0,2026-04-13T00:13:05.875Z,2026-05-13T00:13:04.935Z,50.4496955871582,2.21,,3.0,나쁨,심각한 악화 (나쁨-3),3.0,,0.0,0.0,2.587,0.3998,0.4215,48,48,computed_co2_regression,2.0,15.166666984558104,history,26.47669219970703,2026-04-13 00:13:05.875000+00:00,221.0,2026-04-13 09:13:05.875000+09:00,0.7825,0.004761913844517248,1.21,3.0,0.6191730499267578,3.0,1.21,1.21
914.0,2026-04-13T00:13:11.586Z,2026-05-13T00:13:10.644Z,50.42299270629883,2.21,,3.0,나쁨,심각한 악화 (나쁨-3),3.0,,0.0,0.0,2.53,0.3613,0.4071,48,48,computed_co2_regression,2.0,15.0,history,26.474021911621094,2026-04-13 00:13:11.586000+00:00,221.0,2026-04-13 09:13:11.586000+09:00,0.785,0.0,1.21,3.0,0.6185054779052734,3.0,1.21,1.21
915.0,2026-04-13T00:13:18.603Z,2026-05-13T00:13:17.681Z,50.43252944946289,2.21,,3.0,나쁨,심각한 악화 (나쁨-3),3.0,,0.0,0.0,2.467,0.3249,0.3921,48,48,computed_co2_regression,2.0,14.833333015441896,history,26.48603820800781,2026-04-13 00:13:18.603000+00:00,221.0,2026-04-13 09:13:18.603000+09:00,0.7875,0.0,1.21,3.0,0.6215095520019522,3.0,1.21,1.21
915.6666870117188,2026-04-13T00:13:26.177Z,2026-05-13T00:13:25.099Z,50.413455963134766,2.21,,3.0,나쁨,심각한 악화 (나쁨-3),3.0,,0.0,0.0,2.41,0.2904,0.3793,48,48,computed_co2_regression,2.0,14.666666984558104,history,26.49671936035156,2026-04-13 00:13:26.177000+00:00,221.0,2026-04-13 09:13:26.177000+09:00,0.7891667175292969,0.0,1.21,3.0,0.6241798400878897,3.0,1.21,1.21
916.0,2026-04-13T00:13:32.185Z,2026-05-13T00:13:31.255Z,50.36386489868164,2.21,,3.0,나쁨,심각한 악화 (나쁨-3),3.0,,0.0,0.0,2.328,0.257,0.3616,48,48,computed_co2_regression,2.0,14.666666984558104,history,26.503395080566406,2026-04-13 00:13:32.185000+00:00,221.0,2026-04-13 09:13:32.185000+09:00,0.79,0.0,1.21,3.0,0.6258487701416016,3.0,1.21,1.21
916.6666870117188,2026-04-13T00:13:38.060Z,2026-05-13T00:13:37.106Z,50.362911224365234,2.21,,3.0,나쁨,심각한 악화 (나쁨-3),3.0,,0.0,0.0,2.271,0.2253,0.3501,48,48,computed_co2_regression,2.0,14.333333015441896,history,26.52208709716797,2026-04-13 00:13:38.060000+00:00,221.0,2026-04-13 09:13:38.060000+09:00,0.7916667175292968,0.0,1.21,3.0,0.6305217742919922,3.0,1.21,1.21
917.3333129882812,2026-04-13T00:13:45.368Z,2026-05-13T00:13:44.440Z,50.35146713256836,2.211,,3.0,나쁨,심각한 악화 (나쁨-3),3.0,,0.0,0.0,2.33,0.1949,0.3627,48,48,computed_co2_regression,2.0,13.666666984558104,history,26.53276824951172,2026-04-13 00:13:45.368000+00:00,221.0833282470703,2026-04-13 09:13:45.368000+09:00,0.7933332824707031,0.0,1.210833282470703,3.0,0.6331920623779297,3.0,1.210833282470703,1.210833282470703
918.6666870117188,2026-04-13T00:13:51.269Z,2026-05-13T00:13:50.340Z,50.32094955444336,2.212,,3.0,나쁨,심각한 악화 (나쁨-3),3.0,,0.0,0.0,2.479,0.1697,0.3929,48,48,computed_co2_regression,2.0,13.166666984558104,history,26.548789978027344,2026-04-13 00:13:51.269000+00:00,221.1666717529297,2026-04-13 09:13:51.269000+09:00,0.7966667175292969,0.0,1.2116667175292968,3.0,0.6371974945068359,3.0,1.2116667175292968,1.2116667175292968
919.3333129882812,2026-04-13T00:13:57.572Z,2026-05-13T00:13:56.629Z,50.30569076538086,2.213,,3.0,나쁨,심각한 악화 (나쁨-3),3.0,,0.0,0.0,2.688,0.1484,0.4318,48,48,computed_co2_regression,2.0,12.666666984558104,history,26.576828002929688,2026-04-13 00:13:57.572000+00:00,221.25,2026-04-13 09:13:57.572000+09:00,0.7983332824707031,0.0,1.2125,3.0,0.6442070007324219,3.0,1.2125,1.2125
920.3333129882812,2026-04-13T00:14:03.672Z,2026-05-13T00:14:02.740Z,50.26754379272461,2.213,,3.0,나쁨,심각한 악화 (나쁨-3),3.0,,0.0,0.0,2.922,0.1312,0.4716,48,48,computed_co2_regression,2.0,12.333333015441896,history,26.559471130371094,2026-04-13 00:14:03.672000+00:00,221.3333282470703,2026-04-13 09:14:03.672000+09:00,0.8008332824707032,0.0,1.213333282470703,3.0,0.6398677825927734,3.0,1.213333282470703,1.213333282470703
921.0,2026-04-13T00:14:10.469Z,2026-05-13T00:14:09.459Z,50.207462310791016,2.214,,3.0,나쁨,심각한 악화 (나쁨-3),3.0,,0.0,0.0,3.161,0.1146,0.5103,48,48,computed_co2_regression,2.0,12.166666984558104,history,26.53944396972656,2026-04-13 00:14:10.469000+00:00,221.4166717529297,2026-04-13 09:14:10.469000+09:00,0.8025,0.0,1.214166717529297,3.0,0.6348609924316397,3.0,1.214166717529297,1.214166717529297
921.6666870117188,2026-04-13T00:14:17.386Z,2026-05-13T00:14:16.449Z,50.15787506103516,2.215,,3.0,나쁨,심각한 악화 (나쁨-3),3.0,,0.0,0.0,3.347,0.0978,0.5413,48,48,computed_co2_regression,2.0,12.333333015441896,history,26.582172393798828,2026-04-13 00:14:17.386000+00:00,221.5,2026-04-13 09:14:17.386000+09:00,0.8041667175292969,0.0,1.215,3.0,0.645543098449707,3.0,1.215,1.215
922.3333129882812,2026-04-13T00:14:23.174Z,2026-05-13T00:14:22.242Z,50.12449645996094,2.216,,3.0,나쁨,심각한 악화 (나쁨-3),3.0,,0.0,0.0,3.433,0.0825,0.5553,48,48,computed_co2_regression,2.0,12.666666984558104,history,26.588848114013672,2026-04-13 00:14:23.174000+00:00,221.5833282470703,2026-04-13 09:14:23.174000+09:00,0.8058332824707031,0.0,1.2158332824707032,3.0,0.647212028503418,3.0,1.2158332824707032,1.2158332824707032
922.6666870117188,2026-04-13T00:14:29.079Z,2026-05-13T00:14:28.136Z,50.10828399658203,2.217,,3.0,나쁨,심각한 악화 (나쁨-3),3.0,,0.0,0.0,3.47,0.0699,0.5614,48,48,computed_co2_regression,2.0,12.833333015441896,history,26.599529266357425,2026-04-13 00:14:29.079000+00:00,221.6666717529297,2026-04-13 09:14:29.079000+09:00,0.8066667175292969,0.0,1.216666717529297,3.0,0.6498823165893564,3.0,1.216666717529297,1.216666717529297
923.3333129882812,2026-04-13T00:14:35.581Z,2026-05-13T00:14:34.634Z,50.09111785888672,2.218,,3.0,나쁨,심각한 악화 (나쁨-3),3.0,,0.0,0.0,3.484,0.066,0.5643,48,48,computed_co2_regression,2.0,13.0,history,26.61154556274414,2026-04-13 00:14:35.581000+00:00,221.75,2026-04-13 09:14:35.581000+09:00,0.8083332824707031,0.0,1.2175,3.0,0.6528863906860352,3.0,1.2175,1.2175
924.0,2026-04-13T00:14:41.623Z,2026-05-13T00:14:40.683Z,50.06346130371094,2.218,,3.0,나쁨,심각한 악화 (나쁨-3),3.0,,0.0,0.0,3.498,0.0729,0.5672,48,48,computed_co2_regression,2.0,13.166666984558104,history,26.603534698486328,2026-04-13 00:14:41.623000+00:00,221.8333282470703,2026-04-13 09:14:41.623000+09:00,0.81,0.0,1.2183332824707032,3.0,0.650883674621582,3.0,1.2183332824707032,1.2183332824707032
924.6666870117188,2026-04-13T00:14:48.868Z,2026-05-13T00:14:47.928Z,50.01673126220703,2.219,,3.0,나쁨,심각한 악화 (나쁨-3),3.0,,0.0,0.0,3.497,0.0939,0.5675,48,48,computed_co2_regression,2.0,13.166666984558104,history,26.62223052978516,2026-04-13 00:14:48.868000+00:00,221.9166717529297,2026-04-13 09:14:48.868000+09:00,0.8116667175292969,0.0,1.2191667175292968,3.0,0.65555763244629,3.0,1.2191667175292968,1.2191667175292968
925.0,2026-04-13T00:14:54.639Z,2026-05-13T00:14:53.686Z,49.96427917480469,2.22,,3.0,나쁨,심각한 악화 (나쁨-3),3.0,,0.0,0.0,3.54,0.1287,0.5752,48,48,computed_co2_regression,2.0,12.666666984558104,history,26.63825225830078,2026-04-13 00:14:54.639000+00:00,222.0,2026-04-13 09:14:54.639000+09:00,0.8125,0.0,1.22,3.0,0.6595630645751953,3.0,1.22,1.22
925.3333129882812,2026-04-13T00:15:00.769Z,2026-05-13T00:14:59.685Z,49.93376159667969,2.22,,3.0,나쁨,심각한 악화 (나쁨-3),3.0,,0.0,0.0,3.624,0.1782,0.5888,48,48,computed_co2_regression,2.0,12.333333015441896,history,26.64893341064453,2026-04-13 00:15:00.769000+00:00,222.0,2026-04-13 09:15:00.769000+09:00,0.8133332824707031,0.0,1.22,3.0,0.6622333526611328,3.0,1.22,1.22
925.6666870117188,2026-04-13T00:15:07.473Z,2026-05-13T00:15:06.544Z,49.94902038574219,2.22,,3.0,나쁨,심각한 악화 (나쁨-3),3.0,,0.0,0.0,3.676,0.2388,0.5971,48,48,computed_co2_regression,2.0,12.333333015441896,history,26.65293884277344,2026-04-13 00:15:07.473000+00:00,222.0,2026-04-13 09:15:07.473000+09:00,0.8141667175292969,0.0,1.22,3.0,0.6632347106933603,3.0,1.22,1.22
926.0,2026-04-13T00:15:13.771Z,2026-05-13T00:15:12.675Z,49.94043731689453,2.22,,3.0,나쁨,심각한 악화 (나쁨-3),3.0,,0.0,0.0,3.681,0.3054,0.598,48,48,computed_co2_regression,2.0,12.333333015441896,history,26.65293884277344,2026-04-13 00:15:13.771000+00:00,222.0,2026-04-13 09:15:13.771000+09:00,0.815,0.0,1.22,3.0,0.6632347106933603,3.0,1.22,1.22
926.0,2026-04-13T00:15:20.358Z,2026-05-13T00:15:19.408Z,49.91087341308594,2.221,,3.0,나쁨,심각한 악화 (나쁨-3),3.0,,0.0,0.0,3.62,0.3805,0.5895,48,48,computed_co2_regression,2.0,12.5,history,26.63691711425781,2026-04-13 00:15:20.358000+00:00,222.0833282470703,2026-04-13 09:15:20.358000+09:00,0.815,0.0,1.220833282470703,3.0,0.6592292785644522,3.0,1.220833282470703,1.220833282470703
926.0,2026-04-13T00:15:26.242Z,2026-05-13T00:15:25.287Z,49.9051513671875,2.222,,3.0,나쁨,심각한 악화 (나쁨-3),3.0,,0.0,0.0,3.522,0.4644,0.5751,48,48,computed_co2_regression,2.0,12.666666984558104,history,26.63825225830078,2026-04-13 00:15:26.242000+00:00,222.1666717529297,2026-04-13 09:15:26.242000+09:00,0.815,0.0,1.2216667175292968,3.0,0.6595630645751953,3.0,1.2216667175292968,1.2216667175292968
926.3333129882812,2026-04-13T00:15:32.308Z,2026-05-13T00:15:31.383Z,49.91564178466797,2.223,,3.0,나쁨,심각한 악화 (나쁨-3),3.0,,0.0,0.0,3.371,0.5512,0.5502,48,48,computed_co2_regression,2.0,13.0,history,26.67029571533203,2026-04-13 00:15:32.308000+00:00,222.25,2026-04-13 09:15:32.308000+09:00,0.8158332824707031,0.0,1.2225,3.0,0.6675739288330078,3.0,1.2225,1.2225
926.6666870117188,2026-04-13T00:15:38.253Z,2026-05-13T00:15:37.317Z,49.888938903808594,2.223,,3.0,나쁨,심각한 악화 (나쁨-3),3.0,,0.0,0.0,3.19,0.631,0.5214,48,48,computed_co2_regression,2.0,13.0,history,26.701004028320312,2026-04-13 00:15:38.253000+00:00,222.3333282470703,2026-04-13 09:15:38.253000+09:00,0.8166667175292969,0.0,1.223333282470703,3.0,0.6752510070800781,3.0,1.223333282470703,1.223333282470703
927.3333129882812,2026-04-13T00:15:44.294Z,2026-05-13T00:15:43.316Z,49.827903747558594,2.224,,3.0,나쁨,심각한 악화 (나쁨-3),3.0,,0.0,0.0,2.996,0.6998,0.4934,48,48,computed_co2_regression,2.0,12.833333015441896,history,26.709014892578125,2026-04-13 00:15:44.294000+00:00,222.4166717529297,2026-04-13 09:15:44.294000+09:00,0.8183332824707031,0.0,1.224166717529297,3.0,0.6772537231445312,3.0,1.224166717529297,1.224166717529297
927.6666870117188,2026-04-13T00:15:51.406Z,2026-05-13T00:15:50.480Z,49.82122802734375,2.225,,3.0,나쁨,심각한 악화 (나쁨-3),3.0,,0.0,0.0,2.807,0.7564,0.4705,48,48,computed_co2_regression,2.0,12.5,history,26.719696044921875,2026-04-13 00:15:51.406000+00:00,222.5,2026-04-13 09:15:51.406000+09:00,0.8191667175292969,0.0,1.225,3.0,0.6799240112304688,3.0,1.225,1.225
928.3333129882812,2026-04-13T00:15:57.085Z,2026-05-13T00:15:56.153Z,49.81932067871094,2.226,,3.0,나쁨,심각한 악화 (나쁨-3),3.0,,0.0,0.0,2.641,0.8049,0.4564,48,48,computed_co2_regression,2.0,12.0,history,26.73838806152344,2026-04-13 00:15:57.085000+00:00,222.5833282470703,2026-04-13 09:15:57.085000+09:00,0.8208332824707031,0.0,1.2258332824707032,3.0,0.6845970153808603,3.0,1.2258332824707032,1.2258332824707032
928.3333129882812,2026-04-13T00:16:03.179Z,2026-05-13T00:16:02.199Z,49.756378173828125,2.227,,3.0,나쁨,심각한 악화 (나쁨-3),3.0,,0.0,0.0,2.528,0.8451,0.4496,48,48,computed_co2_regression,2.0,11.5,history,26.742393493652344,2026-04-13 00:16:03.179000+00:00,222.6666717529297,2026-04-13 09:16:03.179000+09:00,0.8208332824707031,0.0,1.226666717529297,3.0,0.6855983734130859,3.0,1.226666717529297,1.226666717529297
928.6666870117188,2026-04-13T00:16:10.462Z,2026-05-13T00:16:09.530Z,49.68962097167969,2.228,,3.0,나쁨,심각한 악화 (나쁨-3),3.0,,0.0,0.0,2.496,0.8808,0.4477,48,48,computed_co2_regression,2.0,11.0,history,26.751739501953125,2026-04-13 00:16:10.462000+00:00,222.75,2026-04-13 09:16:10.462000+09:00,0.8216667175292969,0.0,1.2275,3.0,0.6879348754882812,3.0,1.2275,1.2275
929.0,2026-04-13T00:16:17.157Z,2026-05-13T00:16:16.225Z,49.65052032470703,2.228,,3.0,나쁨,심각한 악화 (나쁨-3),3.0,,0.0,0.0,2.491,0.912,0.4469,48,48,computed_co2_regression,2.0,10.833333015441896,history,26.742393493652344,2026-04-13 00:16:17.157000+00:00,222.8333282470703,2026-04-13 09:16:17.157000+09:00,0.8225,0.0,1.2283332824707032,3.0,0.6855983734130859,3.0,1.2283332824707032,1.2283332824707032
929.6666870117188,2026-04-13T00:16:23.207Z,2026-05-13T00:16:22.267Z,49.62858581542969,2.229,,3.0,나쁨,심각한 악화 (나쁨-3),3.0,,0.0,0.0,2.536,0.9387,0.4481,48,48,computed_co2_regression,2.0,10.5,history,26.73438262939453,2026-04-13 00:16:23.207000+00:00,222.9166717529297,2026-04-13 09:16:23.207000+09:00,0.8241667175292968,0.0,1.2291667175292968,3.0,0.6835956573486328,3.0,1.2291667175292968,1.2291667175292968
930.3333129882812,2026-04-13T00:16:29.094Z,2026-05-13T00:16:28.100Z,49.59616088867188,2.23,,3.0,나쁨,심각한 악화 (나쁨-3),3.0,,0.0,0.0,2.602,0.9576,0.4517,48,48,computed_co2_regression,2.0,10.5,history,26.76509094238281,2026-04-13 00:16:29.094000+00:00,223.0,2026-04-13 09:16:29.094000+09:00,0.8258332824707031,0.0,1.23,3.0,0.6912727355957022,3.0,1.23,1.23
930.6666870117188,2026-04-13T00:16:35.531Z,2026-05-13T00:16:34.600Z,49.56468963623047,2.23,,3.0,나쁨,심각한 악화 (나쁨-3),3.0,,0.0,0.0,2.681,0.9682,0.4614,48,48,computed_co2_regression,2.0,10.833333015441896,history,26.7784423828125,2026-04-13 00:16:35.531000+00:00,223.0,2026-04-13 09:16:35.531000+09:00,0.8266667175292969,0.0,1.23,3.0,0.694610595703125,3.0,1.23,1.23
931.0,2026-04-13T00:16:41.676Z,2026-05-13T00:16:40.741Z,49.54943084716797,2.23,,3.0,나쁨,심각한 악화 (나쁨-3),3.0,,0.0,0.0,2.728,0.9736,0.4697,48,48,computed_co2_regression,2.0,11.333333015441896,history,26.77977752685547,2026-04-13 00:16:41.676000+00:00,223.0,2026-04-13 09:16:41.676000+09:00,0.8275,0.0,1.23,3.0,0.6949443817138672,3.0,1.23,1.23
931.0,2026-04-13T00:16:49.111Z,2026-05-13T00:16:48.158Z,49.53989410400391,2.23,,3.0,나쁨,심각한 악화 (나쁨-3),3.0,,0.0,0.0,2.75,0.9754,0.475,48,48,computed_co2_regression,2.0,11.833333015441896,history,26.795799255371094,2026-04-13 00:16:49.111000+00:00,223.0,2026-04-13 09:16:49.111000+09:00,0.8275,0.0,1.23,3.0,0.6989498138427734,3.0,1.23,1.23
931.3333129882812,2026-04-13T00:16:56.389Z,2026-05-13T00:16:55.423Z,49.57041549682617,2.231,,3.0,나쁨,심각한 악화 (나쁨-3),3.0,,0.0,0.0,2.795,0.9754,0.4884,48,48,computed_co2_regression,2.0,12.166666984558104,history,26.795799255371094,2026-04-13 00:16:56.389000+00:00,223.0833282470703,2026-04-13 09:16:56.389000+09:00,0.8283332824707031,0.0,1.2308332824707031,3.0,0.6989498138427734,3.0,1.2308332824707031,1.2308332824707031
931.6666870117188,2026-04-13T00:17:02.332Z,2026-05-13T00:17:01.239Z,49.58280944824219,2.232,,3.0,나쁨,심각한 악화 (나쁨-3),3.0,,0.0,0.0,2.877,0.9742,0.5173,48,48,computed_co2_regression,2.0,12.5,history,26.80915069580078,2026-04-13 00:17:02.332000+00:00,223.1666717529297,2026-04-13 09:17:02.332000+09:00,0.8291667175292968,0.0,1.2316667175292968,3.0,0.7022876739501953,3.0,1.2316667175292968,1.2316667175292968
932.3333129882812,2026-04-13T00:17:08.877Z,2026-05-13T00:17:07.919Z,49.532264709472656,2.233,,3.0,나쁨,심각한 악화 (나쁨-3),3.0,,0.0,0.0,2.961,0.9732,0.5517,48,48,computed_co2_regression,2.0,12.833333015441896,history,26.825172424316406,2026-04-13 00:17:08.877000+00:00,223.25,2026-04-13 09:17:08.877000+09:00,0.8308332824707031,0.0,1.2325,3.0,0.7062931060791016,3.0,1.2325,1.2325
932.6666870117188,2026-04-13T00:17:14.586Z,2026-05-13T00:17:13.637Z,49.50650787353516,2.233,,3.0,나쁨,심각한 악화 (나쁨-3),3.0,,0.0,0.0,3.008,0.972,0.5702,48,48,computed_co2_regression,2.0,12.833333015441896,history,26.82650756835937,2026-04-13 00:17:14.586000+00:00,223.3333282470703,2026-04-13 09:17:14.586000+09:00,0.8316667175292969,0.0,1.233333282470703,3.0,0.7066268920898429,3.0,1.233333282470703,1.233333282470703
933.3333129882812,2026-04-13T00:17:20.686Z,2026-05-13T00:17:19.674Z,49.54179763793945,2.234,,3.0,나쁨,심각한 악화 (나쁨-3),3.0,,0.0,0.0,3.019,0.971,0.5744,48,48,computed_co2_regression,2.0,13.0,history,26.829177856445312,2026-04-13 00:17:20.686000+00:00,223.4166717529297,2026-04-13 09:17:20.686000+09:00,0.8333332824707032,0.0,1.234166717529297,3.0,0.7072944641113281,3.0,1.234166717529297,1.234166717529297
934.3333129882812,2026-04-13T00:17:26.557Z,2026-05-13T00:17:25.626Z,49.55610275268555,2.235,,3.0,나쁨,심각한 악화 (나쁨-3),3.0,,0.0,0.0,2.973,0.9704,0.5582,48,48,computed_co2_regression,2.0,12.833333015441896,history,26.845199584960938,2026-04-13 00:17:26.557000+00:00,223.5,2026-04-13 09:17:26.557000+09:00,0.8358332824707031,0.0,1.235,3.0,0.7112998962402344,3.0,1.235,1.235
936.0,2026-04-13T00:17:32.579Z,2026-05-13T00:17:31.645Z,49.51890563964844,2.236,,3.0,나쁨,심각한 악화 (나쁨-3),3.0,,0.0,0.0,2.87,0.9704,0.5259,48,48,computed_co2_regression,2.0,12.833333015441896,history,26.85454559326172,2026-04-13 00:17:32.579000+00:00,223.5833282470703,2026-04-13 09:17:32.579000+09:00,0.84,0.0,1.2358332824707032,3.0,0.7136363983154297,3.0,1.2358332824707032,1.2358332824707032
938.0,2026-04-13T00:17:38.532Z,2026-05-13T00:17:37.588Z,49.47980499267578,2.237,,3.0,나쁨,심각한 악화 (나쁨-3),3.0,,0.0,0.0,2.674,0.9699,0.4713,48,48,computed_co2_regression,2.0,13.0,history,26.859886169433597,2026-04-13 00:17:38.532000+00:00,223.6666717529297,2026-04-13 09:17:38.532000+09:00,0.845,0.0,1.236666717529297,3.0,0.7149715423583993,3.0,1.236666717529297,1.236666717529297
939.6666870117188,2026-04-13T00:17:44.614Z,2026-05-13T00:17:43.656Z,49.41019058227539,2.238,,3.0,나쁨,심각한 악화 (나쁨-3),3.0,,0.0,0.0,2.419,0.9681,0.4088,48,48,computed_co2_regression,2.0,13.0,history,26.86923217773437,2026-04-13 00:17:44.614000+00:00,223.75,2026-04-13 09:17:44.614000+09:00,0.8491667175292968,0.0,1.2375,3.0,0.7173080444335929,3.0,1.2375,1.2375
940.6666870117188,2026-04-13T00:17:50.603Z,2026-05-13T00:17:49.637Z,49.35392379760742,2.238,,3.0,나쁨,심각한 악화 (나쁨-3),3.0,,0.0,0.0,2.138,0.9659,0.3394,48,48,computed_co2_regression,2.0,13.166666984558104,history,26.882583618164062,2026-04-13 00:17:50.603000+00:00,223.8333282470703,2026-04-13 09:17:50.603000+09:00,0.8516667175292969,0.0,1.2383332824707032,3.0,0.7206459045410156,3.0,1.2383332824707032,1.2383332824707032
941.6666870117188,2026-04-13T00:17:57.864Z,2026-05-13T00:17:56.932Z,49.34152603149414,2.239,,3.0,나쁨,심각한 악화 (나쁨-3),3.0,,0.0,0.0,1.88,0.9636,0.279,48,48,computed_co2_regression,2.0,13.0,history,26.87457275390625,2026-04-13 00:17:57.864000+00:00,223.9166717529297,2026-04-13 09:17:57.864000+09:00,0.8541667175292968,0.0,1.2391667175292969,3.0,0.7186431884765625,3.0,1.2391667175292969,1.2391667175292969
942.0,2026-04-13T00:18:03.778Z,2026-05-13T00:18:02.804Z,49.30719375610352,2.24,,3.0,나쁨,심각한 악화 (나쁨-3),3.0,,0.0,0.0,1.597,0.9618,0.2145,48,48,computed_co2_regression,2.0,13.166666984558104,history,26.86923217773437,2026-04-13 00:18:03.778000+00:00,224.0,2026-04-13 09:18:03.778000+09:00,0.855,0.0,1.24,3.0,0.7173080444335929,3.0,1.24,1.24
942.3333129882812,2026-04-13T00:18:10.340Z,2026-05-13T00:18:09.401Z,49.30910110473633,2.24,,3.0,나쁨,심각한 악화 (나쁨-3),3.0,,0.0,0.0,1.308,0.9607,0.159,48,48,computed_co2_regression,2.0,12.833333015441896,history,26.899940490722656,2026-04-13 00:18:10.340000+00:00,224.0,2026-04-13 09:18:10.340000+09:00,0.8558332824707031,0.0,1.24,3.0,0.7249851226806641,3.0,1.24,1.24
942.3333129882812,2026-04-13T00:18:17.134Z,2026-05-13T00:18:16.195Z,49.28335571289063,2.24,,3.0,나쁨,심각한 악화 (나쁨-3),3.0,,0.0,0.0,1.081,0.9601,0.1202,48,48,computed_co2_regression,2.0,12.333333015441896,history,26.9066162109375,2026-04-13 00:18:17.134000+00:00,224.0,2026-04-13 09:18:17.134000+09:00,0.8558332824707031,0.0,1.24,3.0,0.726654052734375,3.0,1.24,1.24
942.6666870117188,2026-04-13T00:18:23.185Z,2026-05-13T00:18:22.245Z,49.21087265014648,2.241,,3.0,나쁨,심각한 악화 (나쁨-3),3.0,,0.0,0.0,0.961,0.9596,0.1024,48,48,computed_co2_regression,2.0,11.5,history,26.902610778808597,2026-04-13 00:18:23.185000+00:00,224.0833282470703,2026-04-13 09:18:23.185000+09:00,0.8566667175292969,0.0,1.2408332824707031,3.0,0.7256526947021493,3.0,1.2408332824707031,1.2408332824707031
943.0,2026-04-13T00:18:29.062Z,2026-05-13T00:18:28.127Z,49.1727294921875,2.242,,3.0,나쁨,심각한 악화 (나쁨-3),3.0,,0.0,0.0,0.975,0.9593,0.104,48,48,computed_co2_regression,2.0,10.5,history,26.923973083496094,2026-04-13 00:18:29.062000+00:00,224.1666717529297,2026-04-13 09:18:29.062000+09:00,0.8575,0.0,1.2416667175292968,3.0,0.7309932708740234,3.0,1.2416667175292968,1.2416667175292968
943.3333129882812,2026-04-13T00:18:35.030Z,2026-05-13T00:18:34.094Z,49.158424377441406,2.242,,3.0,나쁨,심각한 악화 (나쁨-3),3.0,,0.0,0.0,1.063,0.9591,0.1129,48,48,computed_co2_regression,2.0,9.833333015441896,history,26.9493408203125,2026-04-13 00:18:35.030000+00:00,224.25,2026-04-13 09:18:35.030000+09:00,0.8583332824707032,0.0,1.2425,3.0,0.737335205078125,3.0,1.2425,1.2425
943.6666870117188,2026-04-13T00:18:41.202Z,2026-05-13T00:18:40.281Z,49.12504577636719,2.243,,3.0,나쁨,심각한 악화 (나쁨-3),3.0,,0.0,0.0,1.262,0.9591,0.131,48,48,computed_co2_regression,2.0,9.166666984558104,history,26.957351684570312,2026-04-13 00:18:41.202000+00:00,224.3333282470703,2026-04-13 09:18:41.202000+09:00,0.8591667175292969,0.0,1.243333282470703,3.0,0.7393379211425781,3.0,1.243333282470703,1.243333282470703
944.0,2026-04-13T00:18:47.578Z,2026-05-13T00:18:46.647Z,49.07926940917969,2.244,,3.0,나쁨,심각한 악화 (나쁨-3),3.0,,0.0,0.0,1.561,0.9591,0.1594,48,48,computed_co2_regression,2.0,8.833333015441895,history,26.953346252441406,2026-04-13 00:18:47.578000+00:00,224.4166717529297,2026-04-13 09:18:47.578000+09:00,0.86,0.0,1.244166717529297,3.0,0.7383365631103516,3.0,1.244166717529297,1.244166717529297
944.3333129882812,2026-04-13T00:18:53.803Z,2026-05-13T00:18:52.830Z,49.07259368896485,2.245,,3.0,나쁨,심각한 악화 (나쁨-3),3.0,,0.0,0.0,1.863,0.9592,0.1924,48,48,computed_co2_regression,2.0,9.0,history,26.966697692871094,2026-04-13 00:18:53.803000+00:00,224.5,2026-04-13 09:18:53.803000+09:00,0.8608332824707031,0.0,1.245,3.0,0.7416744232177734,3.0,1.245,1.245
945.0,2026-04-13T00:19:00.881Z,2026-05-13T00:18:59.956Z,49.036354064941406,2.246,,3.0,나쁨,심각한 악화 (나쁨-3),3.0,,0.0,0.0,2.073,0.9594,0.2227,48,48,computed_co2_regression,2.0,9.833333015441896,history,26.98004913330078,2026-04-13 00:19:00.881000+00:00,224.5833282470703,2026-04-13 09:19:00.881000+09:00,0.8625,0.0,1.245833282470703,3.0,0.7450122833251953,3.0,1.245833282470703,1.245833282470703
945.6666870117188,2026-04-13T00:19:07.693Z,2026-05-13T00:19:06.613Z,48.974365234375,2.247,,3.0,나쁨,심각한 악화 (나쁨-3),3.0,,0.0,0.0,2.167,0.9601,0.2399,48,48,computed_co2_regression,2.0,10.833333015441896,history,26.98004913330078,2026-04-13 00:19:07.693000+00:00,224.6666717529297,2026-04-13 09:19:07.693000+09:00,0.8641667175292969,0.0,1.246666717529297,3.0,0.7450122833251953,3.0,1.246666717529297,1.246666717529297
946.6666870117188,2026-04-13T00:19:13.657Z,2026-05-13T00:19:12.732Z,48.952430725097656,2.248,,3.0,나쁨,심각한 악화 (나쁨-3),3.0,,0.0,0.0,2.207,0.9609,0.248,48,48,computed_co2_regression,2.0,11.333333015441896,history,27.00141143798828,2026-04-13 00:19:13.657000+00:00,224.75,2026-04-13 09:19:13.657000+09:00,0.8666667175292969,0.0,1.2475,3.0,0.7503528594970703,3.0,1.2475,1.2475
947.6666870117188,2026-04-13T00:19:20.512Z,2026-05-13T00:19:19.489Z,48.947662353515625,2.248,,3.0,나쁨,심각한 악화 (나쁨-3),3.0,,0.0,0.0,2.138,0.9619,0.2334,48,48,computed_co2_regression,2.0,12.0,history,27.010757446289062,2026-04-13 00:19:20.512000+00:00,224.8333282470703,2026-04-13 09:19:20.512000+09:00,0.8691667175292969,0.0,1.2483332824707032,3.0,0.7526893615722656,3.0,1.2483332824707032,1.2483332824707032
949.0,2026-04-13T00:19:26.245Z,2026-05-13T00:19:25.305Z,48.91714477539063,2.249,,3.0,나쁨,심각한 악화 (나쁨-3),3.0,,0.0,0.0,1.949,0.9629,0.1939,48,48,computed_co2_regression,2.0,12.666666984558104,history,27.008087158203125,2026-04-13 00:19:26.245000+00:00,224.9166717529297,2026-04-13 09:19:26.245000+09:00,0.8725,0.0,1.2491667175292969,3.0,0.7520217895507812,3.0,1.2491667175292969,1.2491667175292969
950.0,2026-04-13T00:19:32.368Z,2026-05-13T00:19:31.429Z,48.913330078125,2.25,,3.0,나쁨,심각한 악화 (나쁨-3),3.0,,0.0,0.0,1.684,0.9637,0.1436,48,48,computed_co2_regression,2.0,13.166666984558104,history,27.016098022460938,2026-04-13 00:19:32.368000+00:00,225.0,2026-04-13 09:19:32.368000+09:00,0.875,0.0,1.25,3.0,0.7540245056152344,3.0,1.25,1.25
950.3333129882812,2026-04-13T00:19:38.355Z,2026-05-13T00:19:37.343Z,48.85801696777344,2.25,,3.0,나쁨,심각한 악화 (나쁨-3),3.0,,0.0,0.0,1.348,0.9654,0.0902,48,48,computed_co2_regression,2.0,13.666666984558104,history,27.030784606933597,2026-04-13 00:19:38.355000+00:00,225.0,2026-04-13 09:19:38.355000+09:00,0.8758332824707031,0.0,1.25,3.0,0.7576961517333993,3.0,1.25,1.25
951.0,2026-04-13T00:19:44.232Z,2026-05-13T00:19:43.301Z,48.791259765625,2.25,,3.0,나쁨,심각한 악화 (나쁨-3),3.0,,0.0,0.0,0.978,0.9676,0.0464,48,48,computed_co2_regression,2.0,13.833333015441896,history,27.03612518310547,2026-04-13 00:19:44.232000+00:00,225.0,2026-04-13 09:19:44.232000+09:00,0.8775,0.0,1.25,3.0,0.7590312957763672,3.0,1.25,1.25
951.3333129882812,2026-04-13T00:19:50.260Z,2026-05-13T00:19:49.307Z,48.80461120605469,2.25,,3.0,나쁨,심각한 악화 (나쁨-3),3.0,,0.0,0.0,0.578,0.9704,0.0156,48,48,computed_co2_regression,2.0,14.166666984558104,history,27.042800903320312,2026-04-13 00:19:50.260000+00:00,225.0,2026-04-13 09:19:50.260000+09:00,0.8783332824707031,0.0,1.25,3.0,0.7607002258300781,3.0,1.25,1.25
952.3333129882812,2026-04-13T00:19:56.242Z,2026-05-13T00:19:55.310Z,48.77886199951172,2.25,,3.0,나쁨,심각한 악화 (나쁨-3),3.0,,0.0,0.0,0.223,0.973,0.0022,48,48,computed_co2_regression,2.0,14.333333015441896,history,27.07484436035156,2026-04-13 00:19:56.242000+00:00,225.0,2026-04-13 09:19:56.242000+09:00,0.8808332824707031,0.0,1.25,3.0,0.7687110900878897,3.0,1.25,1.25
952.6666870117188,2026-04-13T00:20:03.488Z,2026-05-13T00:20:02.543Z,48.749298095703125,2.25,,3.0,나쁨,심각한 악화 (나쁨-3),3.0,,0.0,0.0,0.0,0.9758,0.0004,48,48,computed_co2_regression,2.0,14.5,history,27.085525512695312,2026-04-13 00:20:03.488000+00:00,225.0,2026-04-13 09:20:03.488000+09:00,0.8816667175292969,0.0,1.25,3.0,0.7713813781738281,3.0,1.25,1.25
953.6666870117188,2026-04-13T00:20:09.889Z,2026-05-13T00:20:08.823Z,48.749298095703125,2.25,,3.0,나쁨,심각한 악화 (나쁨-3),3.0,,0.0,0.0,0.0,0.9782,0.0065,48,48,computed_co2_regression,2.0,14.333333015441896,history,27.085525512695312,2026-04-13 00:20:09.889000+00:00,225.0,2026-04-13 09:20:09.889000+09:00,0.8841667175292969,0.0,1.25,3.0,0.7713813781738281,3.0,1.25,1.25
954.3333129882812,2026-04-13T00:20:16.600Z,2026-05-13T00:20:15.667Z,48.73976135253906,2.25,,3.0,나쁨,심각한 악화 (나쁨-3),3.0,,0.0,0.0,0.0,0.9806,0.0154,48,48,computed_co2_regression,2.0,13.666666984558104,history,27.08018493652344,2026-04-13 00:20:16.600000+00:00,225.0,2026-04-13 09:20:16.600000+09:00,0.8858332824707031,0.0,1.25,3.0,0.7700462341308603,3.0,1.25,1.25
955.3333129882812,2026-04-13T00:20:22.660Z,2026-05-13T00:20:21.730Z,48.70733642578125,2.25,,3.0,나쁨,심각한 악화 (나쁨-3),3.0,,0.0,0.0,0.0,0.9822,0.0264,48,48,computed_co2_regression,2.0,13.333333015441896,history,27.09754180908203,2026-04-13 00:20:22.660000+00:00,225.0,2026-04-13 09:20:22.660000+09:00,0.8883332824707031,0.0,1.25,3.0,0.7743854522705078,3.0,1.25,1.25
955.6666870117188,2026-04-13T00:20:28.587Z,2026-05-13T00:20:27.619Z,48.66728210449219,2.25,,3.0,나쁨,심각한 악화 (나쁨-3),3.0,,0.0,0.0,0.0,0.9834,0.0403,48,48,computed_co2_regression,2.0,13.166666984558104,history,27.114898681640625,2026-04-13 00:20:28.587000+00:00,225.0,2026-04-13 09:20:28.587000+09:00,0.8891667175292969,0.0,1.25,3.0,0.7787246704101562,3.0,1.25,1.25
956.0,2026-04-13T00:20:34.653Z,2026-05-13T00:20:33.727Z,48.64916229248047,2.25,,3.0,나쁨,심각한 악화 (나쁨-3),3.0,,0.0,0.0,0.0,0.9844,0.0607,48,48,computed_co2_regression,2.0,13.166666984558104,history,27.11890411376953,2026-04-13 00:20:34.653000+00:00,225.0,2026-04-13 09:20:34.653000+09:00,0.89,0.0,1.25,3.0,0.7797260284423828,3.0,1.25,1.25
956.3333129882812,2026-04-13T00:20:40.640Z,2026-05-13T00:20:39.706Z,48.627227783203125,2.25,,3.0,나쁨,심각한 악화 (나쁨-3),3.0,,0.0,0.0,0.0,0.9851,0.0833,48,48,computed_co2_regression,2.0,13.0,history,27.11890411376953,2026-04-13 00:20:40.640000+00:00,225.0,2026-04-13 09:20:40.640000+09:00,0.8908332824707031,0.0,1.25,3.0,0.7797260284423828,3.0,1.25,1.25
957.3333129882812,2026-04-13T00:20:46.629Z,2026-05-13T00:20:45.680Z,48.57190704345703,2.25,,3.0,나쁨,심각한 악화 (나쁨-3),3.0,,0.0,0.0,0.0,0.9861,0.1068,48,48,computed_co2_regression,2.0,13.0,history,27.1202392578125,2026-04-13 00:20:46.629000+00:00,225.0,2026-04-13 09:20:46.629000+09:00,0.8933332824707031,0.0,1.25,3.0,0.780059814453125,3.0,1.25,1.25
958.6666870117188,2026-04-13T00:20:52.771Z,2026-05-13T00:20:51.836Z,48.53089141845703,2.25,,3.0,나쁨,심각한 악화 (나쁨-3),3.0,,0.0,0.0,0.0,0.9868,0.1246,48,48,computed_co2_regression,2.0,12.833333015441896,history,27.1416015625,2026-04-13 00:20:52.771000+00:00,225.0,2026-04-13 09:20:52.771000+09:00,0.8966667175292968,0.0,1.25,3.0,0.785400390625,3.0,1.25,1.25
959.6666870117188,2026-04-13T00:20:58.643Z,2026-05-13T00:20:57.708Z,48.52898788452149,2.25,,3.0,나쁨,심각한 악화 (나쁨-3),3.0,,0.0,0.0,0.0,0.9876,0.1317,48,48,computed_co2_regression,2.0,12.666666984558104,history,27.14026641845703,2026-04-13 00:20:58.643000+00:00,225.0,2026-04-13 09:20:58.643000+09:00,0.8991667175292969,0.0,1.25,3.0,0.7850666046142578,3.0,1.25,1.25
